Note,Category
Groceries for the week,Food
Dinner with friends,Social Life
Gasoline refill,Transportation
New shoes,Apparel
Monthly rent,Household
Cooking class fee,Education
Weekly pocket money,Allowance
Yoga class membership,Education
Haircut,Beauty
Birthday present for a friend,Gift
Lunch with coworkers,Social Life
New kitchen appliances,Household
Textbooks for upcoming semester,Education
Electricity bill payment,Household
Movie ticket,Social Life
Donation to charity,Other
Subscription to online learning platform,Education
Dining out,Food
Car maintenance,Transportation
Monthly savings deposit,Other
New skincare products,Beauty
Emergency fund withdrawal,Other
Coffee with a friend,Social Life
Cleaning supplies,Household
Taxi fare,Transportation
New winter coat,Apparel
Music concert ticket,Social Life
Cat food,Pet
Lunch at work,Food
Gym membership fee,Education
Household repairs,Household
Weekly allowance for kids,Allowance
Dinner at a fancy restaurant,Social Life
Textbooks for next semester,Education
Hair dye kit,Beauty
New phone case,Apparel
Savings for vacation,Other
Monthly book club subscription,Education
Pet grooming appointment,Pet
Lunch with family,Food
Fuel for the car,Transportation
Monthly utility bills,Household
New sneakers,Apparel
Coffee with a colleague,Social Life
Gardening supplies,Household
Public transportation pass renewal,Transportation
Donation to animal shelter,Other
Dinner at home,Food
Language learning app subscription,Education
Vet visit,Pet
Snacks for movie night,Food
Hair salon appointment,Beauty
New laptop,Household
Dinner date with partner,Social Life
Monthly budget adjustment,Other
Art supplies,Other
Groceries for a dinner party,Food
Bike repair kit,Transportation
Monthly mortgage payment,Household
New dress for an event,Apparel
Cooking ingredients,Food
Movie night with friends,Social Life
Dinner with extended family,Social Life
Donation to education charity,Other
Lunch at a new restaurant,Food
Public transportation tickets,Transportation
New glasses,Apparel
Coffee break,Food
Concert ticket,Social Life
Pet toys,Pet
Monthly phone bill payment,Household
Online course enrollment,Education
New skincare routine products,Beauty
Weekend getaway expenses,Other
Dinner with coworkers,Social Life
Household cleaning supplies,Household
Car insurance payment,Transportation
New shoes for work,Apparel
Music streaming service subscription,Other
Dinner at a friend's house,Food
Taxi ride home,Transportation
Monthly subscription box,Other
New furniture for the living room,Household
Birthday gift for a family member,Gift
Lunch meeting with clients,Food
Subway fare,Transportation
New winter boots,Apparel
Art class fee,Education
Donation to environmental charity,Other
Dinner date with a friend,Social Life
Coffee shop study session,Food
Pet adoption fees,Pet
Utility bill payment,Household
New workout clothes,Apparel
Movie night at home,Social Life
Pet food and supplies,Pet
Monthly internet bill payment,Household
Travel expenses reimbursement,Other
Dinner at a new restaurant,Food
Bus fare,Transportation
New handbag,Apparel
Art supplies for a project,Other
Dinner with family,Food
Car maintenance,Transportation
Monthly rent payment,Household
New suit for work,Apparel
Concert tickets for a band,Social Life
Adoption fees for a rescue pet,Pet
Weekly grocery shopping,Food
Public transportation pass,Transportation
New jacket,Apparel
Art workshop fees,Education
Donation to disaster relief fund,Other
Dinner party with friends,Food
Taxi fare home from the airport,Transportation
Monthly insurance premium payment,Household
New shoes for running,Apparel
Dinner at a new sushi restaurant,Food
Bus pass renewal,Transportation
New purse,Apparel
Music festival tickets,Social Life
Pet medical expenses,Pet
Monthly cleaning service fee,Household
Train ticket,Transportation
New jeans,Apparel
Art supplies for painting,Other
Dinner at a new Italian restaurant,Food
Gasoline for the car,Transportation
New winter jacket,Apparel
Music concert tickets,Social Life
Pet adoption fee,Pet
Monthly water bill payment,Household
Flight ticket,Transportation
New workout shoes,Apparel
Dinner at a new Thai restaurant,Food
Subway pass,Transportation
New earrings,Apparel
Movie theater tickets,Social Life
Pet insurance payment,Pet
Monthly garbage collection fee,Household
Train fare,Transportation
New t-shirt,Apparel
Dinner at a new Mexican restaurant,Food
Taxi fare to the train station,Transportation
New watch,Apparel
Theater tickets,Social Life
Pet grooming supplies,Pet
Monthly internet subscription,Household
Bus ticket,Transportation
New socks,Apparel
Dinner at a new Indian restaurant,Food
Car rental fee,Transportation
New necklace,Apparel
Live concert tickets,Social Life
Pet medication,Pet
Monthly homeowners association fee,Household
Ferry ticket,Transportation
New sunglasses,Apparel
Dinner at a new BBQ restaurant,Food
Parking fees,Transportation
New ring,Apparel
Movie tickets,Social Life
Pet boarding fees,Pet
Monthly homeowners association fee,Household
Rental car fees,Transportation
New scarf,Apparel
Movie rental,Social Life
Pet adoption donation,Pet
Monthly cable bill payment,Household
Rideshare fare,Transportation
New gloves,Apparel
Dinner at a new seafood restaurant,Food
Taxi fare to the airport,Transportation
New belt,Apparel
Broadway show tickets,Social Life
Pet grooming session,Pet
Monthly HOA fee,Household
Bus ticket to another city,Transportation
New swimsuit,Apparel
Gaming convention tickets,Social Life
Pet supplies,Pet
Monthly waste disposal fee,Household
Rental scooter fee,Transportation
New wallet,Apparel
Stand-up comedy tickets,Social Life
Pet adoption event donation,Pet
Monthly property insurance payment,Household
Train ticket to visit family,Transportation
New boots,Apparel
Movie rental fees,Social Life
Pet grooming appointment,Pet
Monthly home security fee,Household
Bus fare to visit friends,Transportation
New coat,Apparel
Concert tickets for a favorite band,Social Life
Pet food purchase,Pet
Monthly pest control fee,Household
Taxi fare for a night out,Transportation
New sneakers,Apparel
Groceries for the week,Food
Dinner with friends,Social Life
Gasoline refill,Transportation
New shoes,Apparel
Monthly rent,Household
Cooking class fee,Education
Weekly pocket money,Allowance
Yoga class membership,Education
Haircut,Beauty
Birthday present for a friend,Gift
Lunch with coworkers,Social Life
New kitchen appliances,Household
Textbooks for upcoming semester,Education
Electricity bill payment,Household
Movie ticket,Social Life
Donation to charity,Other
Subscription to online learning platform,Education
Dining out,Food
Car maintenance,Transportation
Monthly savings deposit,Other
New skincare products,Beauty
Emergency fund withdrawal,Other
Coffee with a friend,Social Life
Cleaning supplies,Household
Taxi fare,Transportation
New winter coat,Apparel
Music concert ticket,Social Life
Cat food,Pet
Lunch at work,Food
Gym membership fee,Education
Household repairs,Household
Weekly allowance for kids,Allowance
Dinner at a fancy restaurant,Social Life
Textbooks for next semester,Education
Hair dye kit,Beauty
New phone case,Apparel
Savings for vacation,Other
Monthly book club subscription,Education
Pet grooming appointment,Pet
Lunch with family,Food
Fuel for the car,Transportation
Monthly utility bills,Household
New sneakers,Apparel
Coffee with a colleague,Social Life
Gardening supplies,Household
Public transportation pass renewal,Transportation
Donation to animal shelter,Other
Dinner at home,Food
Language learning app subscription,Education
Vet visit,Pet
Snacks for movie night,Food
Hair salon appointment,Beauty
New laptop,Household
Dinner date with partner,Social Life
Monthly budget adjustment,Other
Art supplies,Other
Groceries for a dinner party,Food
Bike repair kit,Transportation
Monthly mortgage payment,Household
New dress for an event,Apparel
Cooking ingredients,Food
Movie night with friends,Social Life
Dinner with extended family,Social Life
Donation to education charity,Other
Lunch at a new restaurant,Food
Public transportation tickets,Transportation
New glasses,Apparel
Coffee break,Food
Concert ticket,Social Life
Pet toys,Pet
Monthly phone bill payment,Household
Online course enrollment,Education
New skincare routine products,Beauty
Weekend getaway expenses,Other
Dinner with coworkers,Social Life
Household cleaning supplies,Household
Car insurance payment,Transportation
New shoes for work,Apparel
Music streaming service subscription,Other
Dinner at a friend's house,Food
Taxi ride home,Transportation
Monthly subscription box,Other
New furniture for the living room,Household
Birthday gift for a family member,Gift
Lunch meeting with clients,Food
Subway fare,Transportation
New winter boots,Apparel
Art class fee,Education
Donation to environmental charity,Other
Dinner date with a friend,Social Life
Coffee shop study session,Food
Pet adoption fees,Pet
Utility bill payment,Household
New workout clothes,Apparel
Movie night at home,Social Life
Pet food and supplies,Pet
Monthly internet bill payment,Household
Travel expenses reimbursement,Other
Dinner at a new restaurant,Food
Bus fare,Transportation
New handbag,Apparel
Art supplies for a project,Other
Dinner with family,Food
Car maintenance,Transportation
Monthly rent payment,Household
New suit for work,Apparel
Concert tickets for a band,Social Life
Adoption fees for a rescue pet,Pet
Weekly grocery shopping,Food
Public transportation pass,Transportation
New jacket,Apparel
Art workshop fees,Education
Donation to disaster relief fund,Other
Dinner party with friends,Food
Taxi fare home from the airport,Transportation
Monthly insurance premium payment,Household
New shoes for running,Apparel
Dinner at a new sushi restaurant,Food
Bus pass renewal,Transportation
New purse,Apparel
Music festival tickets,Social Life
Pet medical expenses,Pet
Monthly cleaning service fee,Household
Train ticket,Transportation
New jeans,Apparel
Art supplies for painting,Other
Dinner at a new Italian restaurant,Food
Gasoline for the car,Transportation
New winter jacket,Apparel
Music concert tickets,Social Life
Pet adoption fee,Pet
Monthly water bill payment,Household
Flight ticket,Transportation
New workout shoes,Apparel
Dinner at a new Thai restaurant,Food
Subway pass,Transportation
New earrings,Apparel
Movie theater tickets,Social Life
Pet insurance payment,Pet
Monthly garbage collection fee,Household
Train fare,Transportation
New t-shirt,Apparel
Dinner at a new Mexican restaurant,Food
Taxi fare to the train station,Transportation
New watch,Apparel
Theater tickets,Social Life
Pet grooming supplies,Pet
Monthly internet subscription,Household
Bus ticket,Transportation
New socks,Apparel
Dinner at a new Indian restaurant,Food
Car rental fee,Transportation
New necklace,Apparel
Live concert tickets,Social Life
Pet medication,Pet
Monthly homeowners association fee,Household
Ferry ticket,Transportation
New sunglasses,Apparel
Dinner at a new BBQ restaurant,Food
Parking fees,Transportation
New ring,Apparel
Movie tickets,Social Life
Pet boarding fees,Pet
Monthly homeowners association fee,Household
Rental car fees,Transportation
New scarf,Apparel
Movie rental,Social Life
Pet adoption donation,Pet
Monthly cable bill payment,Household
Rideshare fare,Transportation
New gloves,Apparel
Dinner at a new seafood restaurant,Food
Taxi fare to the airport,Transportation
New belt,Apparel
Broadway show tickets,Social Life
Pet grooming session,Pet
Monthly HOA fee,Household
Bus ticket to another city,Transportation
New swimsuit,Apparel
Gaming convention tickets,Social Life
Pet supplies,Pet
Monthly waste disposal fee,Household
Rental scooter fee,Transportation
New wallet,Apparel
Stand-up comedy tickets,Social Life
Pet adoption event donation,Pet
Monthly property insurance payment,Household
Train ticket to visit family,Transportation
New boots,Apparel
Movie rental fees,Social Life
Pet grooming appointment,Pet
Monthly home security fee,Household
Bus fare to visit friends,Transportation
New coat,Apparel
Concert tickets for a favorite band,Social Life
Pet food purchase,Pet
Monthly pest control fee,Household
Taxi fare for a night out,Transportation
New sneakers,Apparel
New gaming console,Entertainment
Dinner at a new Chinese restaurant,Food
Gasoline for the car,Transportation
New winter boots,Apparel
Music concert tickets,Social Life
Pet adoption fee,Pet
Monthly water bill payment,Household
Flight ticket,Transportation
New workout shoes,Apparel
Dinner at a new Thai restaurant,Food
Subway pass,Transportation
New earrings,Apparel
Movie theater tickets,Social Life
Pet insurance payment,Pet
Monthly garbage collection fee,Household
Train fare,Transportation
New t-shirt,Apparel
Dinner at a new Mexican restaurant,Food
Taxi fare to the train station,Transportation
New watch,Apparel
Theater tickets,Social Life
Pet grooming supplies,Pet
Monthly internet subscription,Household
Bus ticket,Transportation
New socks,Apparel
Dinner at a new Indian restaurant,Food
Car rental fee,Transportation
New necklace,Apparel
Live concert tickets,Social Life
Pet medication,Pet
Monthly homeowners association fee,Household
Ferry ticket,Transportation
New sunglasses,Apparel
Dinner at a new BBQ restaurant,Food
Parking fees,Transportation
New ring,Apparel
Movie tickets,Social Life
Pet boarding fees,Pet
Monthly homeowners association fee,Household
Rental car fees,Transportation
New scarf,Apparel
Movie rental,Social Life
Pet adoption donation,Pet
Monthly cable bill payment,Household
Rideshare fare,Transportation
New gloves,Apparel
Dinner at a new seafood restaurant,Food
Taxi fare to the airport,Transportation
New belt,Apparel
Broadway show tickets,Social Life
Pet grooming session,Pet
Monthly HOA fee,Household
Bus ticket to another city,Transportation
New swimsuit,Apparel
Gaming convention tickets,Social Life
Pet supplies,Pet
Monthly waste disposal fee,Household
Rental scooter fee,Transportation
New wallet,Apparel
Stand-up comedy tickets,Social Life
Pet adoption event donation,Pet
Monthly property insurance payment,Household
Train ticket to visit family,Transportation
New boots,Apparel
Movie rental fees,Social Life
Pet grooming appointment,Pet
Monthly home security fee,Household
Bus fare to visit friends,Transportation
New coat,Apparel
Concert tickets for a favorite band,Social Life
Pet food purchase,Pet
Monthly pest control fee,Household
Taxi fare for a night out,Transportation
New sneakers,Apparel
New gaming console,Entertainment
Dinner at a new Chinese restaurant,Food
Gasoline for the car,Transportation
New winter boots,Apparel
Music concert tickets,Social Life
Pet adoption fee,Pet
Monthly water bill payment,Household
Flight ticket,Transportation
New workout shoes,Apparel
Dinner at a new Thai restaurant,Food
Subway pass,Transportation
New earrings,Apparel
Movie theater tickets,Social Life
Pet insurance payment,Pet
Monthly garbage collection fee,Household
Train fare,Transportation
New t-shirt,Apparel
Dinner at a new Mexican restaurant,Food
Taxi fare to the train station,Transportation
New watch,Apparel
Theater tickets,Social Life
Pet grooming supplies,Pet
Monthly internet subscription,Household
Bus ticket,Transportation
New socks,Apparel
Dinner at a new Indian restaurant,Food
Car rental fee,Transportation
New necklace,Apparel
Live concert tickets,Social Life
Pet medication,Pet
Monthly homeowners association fee,Household
Ferry ticket,Transportation
New sunglasses,Apparel
Dinner at a new BBQ restaurant,Food
Parking fees,Transportation
New ring,Apparel
Movie tickets,Social Life
Pet boarding fees,Pet
Monthly homeowners association fee,Household
Rental car fees,Transportation
New scarf,Apparel
Movie rental,Social Life
Pet adoption donation,Pet
Monthly cable bill payment,Household
Rideshare fare,Transportation
New gloves,Apparel
Dinner at a new seafood restaurant,Food
Taxi fare to the airport,Transportation
New belt,Apparel
Broadway show tickets,Social Life
Pet grooming session,Pet
Monthly HOA fee,Household
Bus ticket to another city,Transportation
New swimsuit,Apparel
Gaming convention tickets,Social Life
Pet supplies,Pet
Monthly waste disposal fee,Household
Rental scooter fee,Transportation
New wallet,Apparel
Stand-up comedy tickets,Social Life
Pet adoption event donation,Pet
Monthly property insurance payment,Household
Train ticket to visit family,Transportation
New boots,Apparel
Movie rental fees,Social Life
Pet grooming appointment,Pet
Monthly home security fee,Household
Bus fare to visit friends,Transportation
New coat,Apparel
Concert tickets for a favorite band,Social Life
Pet food purchase,Pet
Monthly pest control fee,Household
Taxi fare for a night out,Transportation
New sneakers,Apparel
New gaming console,Entertainment
Dinner at a new Chinese restaurant,Food
Gasoline for the car,Transportation
New winter boots,Apparel
Music concert tickets,Social Life
Pet adoption fee,Pet
Monthly water bill payment,Household
Flight ticket,Transportation
New workout shoes,Apparel
Dinner at a new Thai restaurant,Food
Subway pass,Transportation
New earrings,Apparel
Movie theater tickets,Social Life
Pet insurance payment,Pet
Monthly garbage collection fee,Household
Train fare,Transportation
New t-shirt,Apparel
Dinner at a new Mexican restaurant,Food
Taxi fare to the train station,Transportation
New watch,Apparel
Theater tickets,Social Life
Pet grooming supplies,Pet
Monthly internet subscription,Household
Bus ticket,Transportation
New socks,Apparel
Dinner at a new Indian restaurant,Food
Car rental fee,Transportation
New necklace,Apparel
Live concert tickets,Social Life
Pet medication,Pet
Monthly homeowners association fee,Household
Ferry ticket,Transportation
New sunglasses,Apparel
Dinner at a new BBQ restaurant,Food
Parking fees,Transportation
New ring,Apparel
Movie tickets,Social Life
Pet boarding fees,Pet
Monthly homeowners association fee,Household
Rental car fees,Transportation
New scarf,Apparel
Movie rental,Social Life
Pet adoption donation,Pet
Monthly cable bill payment,Household
Rideshare fare,Transportation
New gloves,Apparel
Dinner at a new seafood restaurant,Food
Taxi fare to the airport,Transportation
New belt,Apparel
Broadway show tickets,Social Life
Pet grooming session,Pet
Monthly HOA fee,Household
Bus ticket to another city,Transportation
New swimsuit,Apparel
Gaming convention tickets,Social Life
Pet supplies,Pet
Monthly waste disposal fee,Household
Rental scooter fee,Transportation
New wallet,Apparel
Stand-up comedy tickets,Social Life
Pet adoption event donation,Pet
Monthly property insurance payment,Household
Train ticket to visit family,Transportation
New boots,Apparel
Movie rental fees,Social Life
Pet grooming appointment,Pet
Monthly home security fee,Household
Bus fare to visit friends,Transportation
New coat,Apparel
Concert tickets for a favorite band,Social Life
Pet food purchase,Pet
Monthly pest control fee,Household
Taxi fare for a night out,Transportation
New sneakers,Apparel
New gaming console,Entertainment
Dinner at a new Chinese restaurant,Food
Gasoline for the car,Transportation
New winter boots,Apparel
Music concert tickets,Social Life
Pet adoption fee,Pet
Monthly water bill payment,Household
Flight ticket,Transportation
New workout shoes,Apparel
Dinner at a new Thai restaurant,Food
Subway pass,Transportation
New earrings,Apparel
Movie theater tickets,Social Life
Pet insurance payment,Pet
Monthly garbage collection fee,Household
Train fare,Transportation
New t-shirt,Apparel
Dinner at a new Mexican restaurant,Food
Taxi fare to the train station,Transportation
New watch,Apparel
Theater tickets,Social Life
Pet grooming supplies,Pet
Monthly internet subscription,Household
Bus ticket,Transportation
New socks,Apparel
Dinner at a new Indian restaurant,Food
Car rental fee,Transportation
New necklace,Apparel
Live concert tickets,Social Life
Pet medication,Pet
Monthly homeowners association fee,Household
Ferry ticket,Transportation
New sunglasses,Apparel
Dinner at a new BBQ restaurant,Food
Parking fees,Transportation
New ring,Apparel
Movie tickets,Social Life
Pet boarding fees,Pet
Monthly homeowners association fee,Household
Rental car fees,Transportation
New scarf,Apparel
Movie rental,Social Life
Pet adoption donation,Pet
Monthly cable bill payment,Household
Rideshare fare,Transportation
New gloves,Apparel
Dinner at a new seafood restaurant,Food
Taxi fare to the airport,Transportation
New belt,Apparel
Broadway show tickets,Social Life
Pet grooming session,Pet
Monthly HOA fee,Household
Bus ticket to another city,Transportation
New swimsuit,Apparel
Gaming convention tickets,Social Life
Pet supplies,Pet
Monthly waste disposal fee,Household
Rental scooter fee,Transportation
New wallet,Apparel
Stand-up comedy tickets,Social Life
Pet adoption event donation,Pet
Monthly property insurance payment,Household
Train ticket to visit family,Transportation
New boots,Apparel
Movie rental fees,Social Life
Pet grooming appointment,Pet
Monthly home security fee,Household
Bus fare to visit friends,Transportation
New coat,Apparel
Concert tickets for a favorite band,Social Life
Pet food purchase,Pet
Monthly pest control fee,Household
Taxi fare for a night out,Transportation
New sneakers,Apparel
Monthly rent,Household
Grocery shopping,Food
Eating out with friends,Social Life
Gasoline expense,Transportation
New shoes,Apparel
School tuition fee,Education
Birthday gift for mom,Gift
Haircut,Beauty
Monthly phone bill,Other
Weekly allowance,Allowance
Online course subscription,Education
Dinner with colleagues,Social Life
Electricity bill,Household
New laptop,Other
Public transportation fare,Transportation
New dress,Apparel
Language learning books,Education
Charity donation,Other
Coffee with friends,Social Life
Home cleaning supplies,Household
Fitness class subscription,Education
Skincare products,Beauty
Gift for friend's wedding,Gift
Lunch at work,Food
Parking fees,Transportation
Movie tickets,Social Life
Furniture purchase,Household
New jeans,Apparel
Workshop registration fee,Education
Monthly pocket money,Allowance
Art supplies,Education
Spa day,Beauty
Dinner date with partner,Social Life
Internet subscription,Household
Concert tickets,Other
Car maintenance,Transportation
Summer clothes shopping,Apparel
Textbooks,Education
Holiday gifts,Gift
Makeup products,Beauty
Family dinner,Social Life
Home insurance,Household
Software subscription,Other
Bus fare,Transportation
Winter coat purchase,Apparel
Seminar registration,Education
Weekly savings,Allowance
Investment in online courses,Education
Facial treatment,Beauty
Coffee machine purchase,Household
Music festival tickets,Other
Bicycle repair,Transportation
Swimsuit purchase,Apparel
Workshop attendance,Education
Valentine's Day gift for partner,Gift
Lipstick,Beauty
Lunch with coworkers,Social Life
Home decor purchase,Household
Subscription renewal,Other
Train tickets,Transportation
Summer sandals purchase,Apparel
Library books fine,Education
Birthday present for sibling,Gift
Perfume purchase,Beauty
Dinner party with friends,Social Life
Laundry detergent,Household
Online software purchase,Other
Taxi fare,Transportation
Winter boots purchase,Apparel
Online course materials,Education
Christmas gifts,Gift
Facial mask,Beauty
Weekend getaway,Other
Gym membership,Education
Hair dye,Beauty
Weekend brunch with family,Social Life
Home repairs,Household
New phone case,Other
Gasoline refill,Transportation
Designer handbag purchase,Apparel
Workshop materials,Education
Monthly stipend,Allowance
Book club membership,Education
Nail polish,Beauty
Dinner at a fancy restaurant,Social Life
Home security system,Household
Medical expenses,Other
Bus pass renewal,Transportation
Summer hat purchase,Apparel
Language course materials,Education
Mother's Day gift,Gift
Face cream,Beauty
Coffee date with best friend,Social Life
Home internet bill,Household
Gardening tools purchase,Household
Pizza delivery,Social Life
Monthly bus pass,Transportation
New sunglasses purchase,Apparel
Cooking class registration,Education
Wedding anniversary gift,Gift
Lip balm purchase,Beauty
Charity fundraiser donation,Other
Weekend road trip,Other
Movie night with family,Social Life
Apartment cleaning service,Household
Home appliance repair,Household
Concert tickets,Entertainment
Car insurance renewal,Transportation
Winter scarf purchase,Apparel
Online coding course subscription,Education
Monthly allowance,Allowance
Investment in stocks,Other
New tattoo,Beauty
Fitness tracker purchase,Health
Coffee shop work session,Social Life
Home decoration items purchase,Household
Pet vaccination,Health
Grocery delivery service,Household
Personal finance book purchase,Education
Monthly savings deposit,Other
Valentine's Day dinner date,Social Life
Home workout equipment purchase,Health
Weekend camping trip,Other
Movie streaming subscription,Entertainment
Car fuel refill,Transportation
Summer swimsuit purchase,Apparel
Online language course subscription,Education
Baby shower gift,Gift
Skincare routine products,Beauty
Dinner with relatives,Social Life
Home security camera installation,Household
Car maintenance service,Transportation
Spring wardrobe update,Apparel
Investment in cryptocurrency,Other
New hairstyle,Beauty
Barbecue party with friends,Social Life
Home renovation project,Household
Monthly utility bills,Household
New gaming console purchase,Entertainment
Car parking fees,Transportation
Autumn boots purchase,Apparel
Business conference registration,Education
Christmas dinner with family,Social Life
Gift for colleague's promotion,Gift
Makeup brushes purchase,Beauty
Dance class registration,Health
Board game night with friends,Social Life
Home furniture upgrade,Household
Car registration renewal,Transportation
Summer shorts purchase,Apparel
Online photography course subscription,Education
Monthly rental income,Other
Father's Day gift,Gift
Manicure appointment,Beauty
Yoga class membership,Health
Weekend getaway with partner,Social Life
Home gardening supplies purchase,Household
Car repair expenses,Transportation
Winter gloves purchase,Apparel
Art workshop registration,Education
Birthday party with friends,Social Life
Graduation gift for cousin,Gift
Facial cleanser purchase,Beauty
Regular medical check-up,Health
Weekend hike with friends,Social Life
Home cleaning service,Household
Pet adoption fee,Other
Game night with friends,Social Life
Monthly subway pass,Transportation
New winter coat purchase,Apparel
Online music course subscription,Education
Housewarming gift for friend,Gift
Perfume sample purchase,Beauty
Charity run registration,Other
Weekend beach trip,Other
Movie marathon night,Social Life
Home renovation expenses,Household
Lawn maintenance service,Household
Theater tickets,Entertainment
Car maintenance supplies purchase,Transportation
Summer dress purchase,Apparel
Online coding bootcamp registration,Education
Quarterly dividend payout,Other
Spa treatment,Beauty
Coffee shop meetup,Social Life
Home office supplies purchase,Household
Pet grooming appointment,Other
Grocery shopping for a party,Household
Personal development workshop registration,Education
Monthly investment deposit,Other
New pet adoption fee,Other
Dinner at a fancy restaurant,Food
Family game night,Social Life
Home security system upgrade,Household
Car oil change service,Transportation
Winter sweater purchase,Apparel
Online cooking course subscription,Education
Valentine's Day surprise for partner,Gift
Hair styling appointment,Beauty
Gym membership renewal,Health
Coffee shop study session,Social Life
Home appliance upgrade,Household
Car maintenance parts purchase,Transportation
Spring cleaning,Household
Autumn jacket purchase,Apparel
Online finance course subscription,Education
Monthly rental income,Other
Mother's Day surprise,Other
Home decor items purchase,Household
Car tire replacement,Transportation
Summer sandals purchase,Apparel
Online painting course subscription,Education
Monthly dividend payout,Other
Father's Day surprise,Other
Guitar lessons registration,Education
Skincare routine appointment,Beauty
Fitness class session,Health
Dinner date with significant other,Social Life
Home improvement project,Household
Car wash service,Transportation
Winter boots purchase,Apparel
Art supplies purchase,Education
Birthday celebration with family,Social Life
Graduation celebration,Other
Makeup palette purchase,Beauty
Regular dental check-up,Health
Weekend picnic with friends,Social Life
Home yoga studio setup,Education
Pet therapy session,Health
Street food festival visit,Food
New hiking boots purchase,Other
Monthly public transport pass,Transportation
Coffee with a stranger,Social Life
Home DIY furniture project,Household
Movie night under the stars,Entertainment
Monthly podcast subscription,Entertainment
New tattoo design consultation,Beauty
Volunteer at a local shelter,Other
Weekend road trip with no destination,Other
Monthly donation to a charity,Other
Homebrewing beer equipment purchase,Food
Skydiving experience,Other
Vintage clothing thrift store haul,Apparel
Online philosophy course subscription,Education
Beach cleanup event participation,Other
Attend a live theatre performance,Entertainment
Home aromatherapy kit purchase,Other
Coffee shop poetry reading,Other
Home hydroponic gardening setup,Household
Monthly rock climbing gym membership,Health
Solo camping trip,Other
Monthly book club meeting,Education
Weekend flea market exploration,Other
Attend a stand-up comedy show,Entertainment
Home meditation corner creation,Other
Monthly art supplies replenishment,Other
Local food tasting tour,Food
Join a community sports team,Other
Home succulent garden creation,Household
Monthly subscription box delivery,Other
Explore a nearby national park,Other
Attend a pottery making workshop,Other
Monthly music festival attendance,Entertainment
Home film photography darkroom setup,Other
Attend a wildlife photography tour,Other
Monthly cooking class enrollment,Food
Join a local hiking group,Other
Home aquarium setup,Household
Monthly live music concert attendance,Entertainment
Attend a wine tasting event,Food
Home DIY candle making project,Household
Monthly community volunteering activity,Other
Join a local dance class,Other
Home fermentation station setup,Food
Monthly visit to an art museum,Other
Attend a local cultural festival,Entertainment
Home rooftop vegetable garden creation,Household
Monthly visit to a historical site,Other
Join a local community choir,Other
Home bike repair workshop setup,Household
Monthly participation in a storytelling event,Other
Attend a woodworking workshop,Other
Home beekeeping setup,Household
Monthly visit to a botanical garden,Other
Join a local theater group,Entertainment
Home eco-friendly cleaning product creation,Household
Monthly visit to a science museum,Education
Join a local cooking club,Food
Home backyard birdwatching setup,Household
Monthly visit to a farmer's market,Food
Monthly rent,Household
Dinner at restaurant,Food
Taxi fare,Transportation
Concert tickets,Social Life
New clothes,Apparel
School books,Education
Weekly allowance,Allowance
Online course,Education
Skincare products,Beauty
Birthday gift,Gift
Groceries,Food
Electricity bill,Household
Bus pass,Transportation
Night out with friends,Social Life
New shoes,Apparel
College tuition,Education
Pocket money,Allowance
Gym membership,Education
Makeup,Beauty
Anniversary gift,Gift
Breakfast at café,Food
Water bill,Household
Train ticket,Transportation
Movie night,Social Life
Winter coat,Apparel
Online class,Education
Holiday allowance,Allowance
Language course,Education
Haircut,Beauty
Wedding gift,Gift
Lunch with colleagues,Food
Internet bill,Household
Gasoline,Transportation
Music festival,Social Life
Suit,Apparel
Textbooks,Education
Daily allowance,Allowance
Personal development book,Education
Manicure,Beauty
Christmas gift,Gift
Brunch with family,Food
Rent insurance,Household
Parking fee,Transportation
Barbecue party,Social Life
Summer dress,Apparel
Workshop fee,Education
Monthly stipend,Allowance
Yoga class,Education
Facial treatment,Beauty
Graduation gift,Gift
Dinner with friends,Food
Home repairs,Household
Subway ticket,Transportation
Game night,Social Life
Business attire,Apparel
School supplies,Education
Travel allowance,Allowance
Professional training,Education
Beauty products,Beauty
Thank you gift,Gift
Monthly rent,Household
Bus fare,Transportation
Lunch with friends,Social Life
Grocery shopping,Food
New jeans,Apparel
Tuition fee,Education
Weekly allowance,Allowance
Online course,Education
Skincare products,Beauty
Birthday gift,Gift
Dog food,Pet
Internet bill,Household
Taxi fare,Transportation
Dinner date,Social Life
Bakery items,Food
Winter coat,Apparel
Books for school,Education
Parents' allowance,Allowance
Gym membership,Education
Makeup kit,Beauty
Wedding gift,Gift
Pet grooming,Pet
Electricity bill,Household
Train ticket,Transportation
Concert tickets,Social Life
Vegetable shopping,Food
Summer dress,Apparel
College fees,Education
Monthly stipend,Allowance
Leadership seminar,Education
Haircut,Beauty
Christmas gift,Gift
Pet vaccinations,Pet
Water bill,Household
Gas for car,Transportation
Night out,Social Life
Fruit purchase,Food
Shoes,Apparel
Stationery,Education
Holiday allowance,Allowance
Language class,Education
Facial treatment,Beauty
Graduation gift,Gift
Pet toys,Pet
Rent,Household
Subway fare,Transportation
Meetup with colleagues,Social Life
Dinner with family,Food
Workout clothes,Apparel
Course materials,Education
Daily allowance,Allowance
Professional workshop,Education
Manicure,Beauty
Anniversary gift,Gift
Pet accessories,Pet
House cleaning service,Household
Bus pass,Transportation
Friends gathering,Social Life
Snacks,Food
Jacket,Apparel
Online courses,Education
Student allowance,Allowance
Skill workshop,Education
Cosmetic products,Beauty
Gift card,Gift
Pet insurance,Pet
Gardening supplies,Household
Bike fare,Transportation
Birthday party,Social Life
Breakfast,Food
Sweater,Apparel
E-learning subscription,Education
Weekly pocket money,Allowance
Career coaching,Education
Beauty salon,Beauty
Holiday present,Gift
Pet training,Pet
Furniture purchase,Household
Car maintenance,Transportation
Movie night,Social Life
Dinner out,Food
Trousers,Apparel
School books,Education
Monthly pocket money,Allowance
Certification course,Education
Facial products,Beauty
Valentine's gift,Gift
Pet bed,Pet
Home repair,Household
Car fuel,Transportation
Club outing,Social Life
Lunch,Food
Sportswear,Apparel
Textbooks,Education
Monthly allowance,Allowance
Motivational seminar,Education
Skincare,Beauty
Surprise gift,Gift
Pet carrier,Pet
Cleaning supplies,Household
Parking fee,Transportation
Dinner outing,Social Life
Groceries,Food
Formal attire,Apparel
Academic fee,Education
Child allowance,Allowance
Development course,Education
Makeup,Beauty
Gift voucher,Gift
Pet medication,Pet
Utility bills,Household
Travel fare,Transportation
Lunch meeting,Social Life
Food delivery,Food
Casual clothes,Apparel
Class materials,Education
Living allowance,Allowance
Online training,Education
Beauty products,Beauty
New Year's gift,Gift
Pet supplies,Pet
Household items,Household
Commute fare,Transportation
Weekend outing,Social Life
Home-cooked meal,Food
Office wear,Apparel
Educational supplies,Education
Support allowance,Allowance
Personal development,Education
Spa treatment,Beauty
Gift wrap,Gift
Pet food,Pet
Utility payment,Household
Uber ride,Transportation
Night club,Social Life
Fast food,Food
Dress shirt,Apparel
School tuition,Education
Pocket allowance,Allowance
Coding bootcamp,Education
Hair color,Beauty
Wedding present,Gift
Pet collar,Pet
House rent,Household
Train fare,Transportation
Barbecue night,Social Life
Restaurant bill,Food
Summer shorts,Apparel
Library fee,Education
Daily stipend,Allowance
Yoga class,Education
Nail polish,Beauty
Birthday card,Gift
Pet leash,Pet
Rent payment,Household
Bus ticket,Transportation
Dining out,Social Life
Gourmet food,Food
Formal suit,Apparel
Exam fee,Education
Allowance for school,Allowance
Self-help book,Education
Lipstick,Beauty
Holiday card,Gift
Pet cage,Pet
Mortgage payment,Household
Taxi charge,Transportation
Dinner party,Social Life
Farmers market,Food
Winter boots,Apparel
Course fee,Education
College pocket money,Allowance
Leadership training,Education
Perfume,Beauty
Thank you gift,Gift
Pet treats,Pet
Home insurance,Household
Tram ticket,Transportation
Birthday celebration,Social Life
Cafe bill,Food
New trousers,Apparel
School trip fee,Education
Weekly pocket change,Allowance
Business seminar,Education
Body lotion,Beauty
Farewell gift,Gift
Pet bed,Pet
Property tax,Household
Plane fare,Transportation
Friends reunion,Social Life
Dining expense,Food
Office attire,Apparel
College fee,Education
Monthly school allowance,Allowance
Time management course,Education
Skin cream,Beauty
Gift bag,Gift
Pet water bowl,Pet
House maintenance,Household
Metro pass,Transportation
Cocktail party,Social Life
Brunch,Food
Gym gear,Apparel
Lab fee,Education
Allowance for kids,Allowance
Productivity workshop,Education
Hair serum,Beauty
Engagement gift,Gift
Pet shampoo,Pet
Home improvement,Household
Ferry ride,Transportation
Dance night,Social Life
Lunch outing,Food
Raincoat,Apparel
School donation,Education
Allowance for books,Allowance
Mindfulness course,Education
Beauty mask,Beauty
Surprise party gift,Gift
Pet blanket,Pet
Water bill payment,Household
Scooter fare,Transportation
Graduation party,Social Life
Buffet meal,Food
Leather jacket,Apparel
Lab supplies,Education
Monthly allowance for children,Allowance
Career counseling,Education
Moisturizer,Beauty
Anniversary card,Gift
Pet toys basket,Pet
Furniture assembly,Household
Taxi to airport,Transportation
Pub night,Social Life
Takeout food,Food
Rain boots,Apparel
Education grant,Education
Allowance for meals,Allowance
Creative writing class,Education
Face wash,Beauty
Congrats gift,Gift
Pet vitamins,Pet
Cable bill,Household
Bike rental,Transportation
Family dinner,Social Life
Dessert shop,Food
Sweatshirt,Apparel
School supplies,Education
Monthly children's pocket money,Allowance
Stress management course,Education
Foundation,Beauty
Holiday season gift,Gift
Pet training toys,Pet
Monthly HOA fee,Household
Parking payment,Transportation
Gala night,Social Life
Bakery visit,Food
Casual jacket,Apparel
Enrollment fee,Education
Weekly kid's allowance,Allowance
Motivational course,Education
Sunscreen,Beauty
Housewarming gift,Gift
Pet food bowl,Pet
Security system,Household
Bus ride,Transportation
Social event,Social Life
Ice cream shop,Food
Tennis shoes,Apparel
Activity fee,Education
Allowance for snacks,Allowance
Personal growth seminar,Education
Shampoo,Beauty
Housewarming present,Gift
Pet grooming kit,Pet
Grocery bill,Food
Internet subscription,Household
Monthly bus pass,Transportation
Weekend brunch,Social Life
Summer sandals,Apparel
College textbook,Education
Daily spending money,Allowance
Leadership conference,Education
Facial scrub,Beauty
Christmas present,Gift
Pet kennel,Pet
House utility bills,Household
Daily commute,Transportation
Friend's birthday,Social Life
Weekly groceries,Food
Workout gear,Apparel
Tuition payment,Education
Weekly lunch money,Allowance
Skill enhancement course,Education
Hand cream,Beauty
Thanksgiving gift,Gift
Pet health check,Pet
Electricity charges,Household
Train ride,Transportation
Team outing,Social Life
Organic food,Food
Winter gloves,Apparel
School fee,Education
Allowance for school trip,Allowance
Art class,Education
Body wash,Beauty
Holiday bonus,Gift
Pet healthcare,Pet
Home cleaning,Household
Taxi fare to work,Transportation
Night out with friends,Social Life
Healthy snacks,Food
Business attire,Apparel
Education materials,Education
Monthly kid's allowance,Allowance
Motivational speaker event,Education
Face mask,Beauty
New Year gift,Gift
Pet food supplements,Pet
House maintenance fee,Household
Public transport ticket,Transportation
Dinner with family,Social Life
Weekly food shopping,Food
Sports shoes,Apparel
Library membership,Education
Allowance for supplies,Allowance
Career development session,Education
Beauty blender,Beauty
Valentine's day gift,Gift
Pet dental care,Pet
Monthly rent payment,Household
Bike sharing,Transportation
Community event,Social Life
Restaurant dinner,Food
Formal shoes,Apparel
Exam registration,Education
Weekly study allowance,Allowance
Public speaking class,Education
Hair conditioner,Beauty
Baby shower gift,Gift
Pet travel crate,Pet
Gardening tools,Household
Ride-sharing service,Transportation
Weekend getaway,Social Life
Gourmet restaurant,Food
Designer dress,Apparel
Educational course,Education
Allowance for books,Allowance
Workshops and seminars,Education
Skin toner,Beauty
Secret Santa gift,Gift
Pet care products,Pet
Home security,Household
Parking ticket,Transportation
Holiday party,Social Life
Home baking,Food
Fashion accessories,Apparel
College enrollment,Education
Weekly spending money,Allowance
Networking event,Education
Nail care,Beauty
Get-well-soon gift,Gift
Pet grooming service,Pet
Monthly mortgage,Household
Bus commute,Transportation
Evening with colleagues,Social Life
Organic groceries,Food
Casual footwear,Apparel
Educational trip,Education
Allowance for activities,Allowance
Personal growth workshop,Education
Serum,Beauty
Birthday surprise,Gift
Pet veterinary visit,Pet
Household items,Household
Travel expense,Transportation
Family gathering,Social Life
Weekly market,Food
Sports attire,Apparel
Classroom supplies,Education
Monthly expense allowance,Allowance
Life coaching,Education
Cosmetic set,Beauty
Gift for coworker,Gift
Pet safety gear,Pet
Home renovation,Household
Transport card,Transportation
Office party,Social Life
Cooking class,Food
Fashionable outfit,Apparel
School club fee,Education
Allowance for entertainment,Allowance
Inspirational seminar,Education
Lip balm,Beauty
Household gift,Gift
Pet bath products,Pet
Home loan,Household
Rideshare app,Transportation
Neighborhood meetup,Social Life
Dinner reservation,Food
Designer shoes,Apparel
Scholarship fee,Education
Monthly expense money,Allowance
Productivity seminar,Education
Eye cream,Beauty
Wedding gift card,Gift
Pet care kit,Pet
Utility service,Household
Daily transportation,Transportation
Social club,Social Life
Food festival,Food
Office clothes,Apparel
Educational materials,Education
Allowance for outings,Allowance
Creative workshop,Education
Hair oil,Beauty
Festival gift,Gift
Pet food delivery,Pet
Apple iPhone,Other
Monthly Netflix subscription,Entertainment
Dinner at Olive Garden,Food
Rent for apartment,Household
Bus fare to office,Transportation
Gym membership,Health
Purchase of Levi's jeans,Apparel
Tuition for online course,Education
Weekly allowance from parents,Allowance
Seminar on digital marketing,Education
Purchase of L'Oréal shampoo,Beauty
Birthday gift for John,Gift
Pet food from PetSmart,Pet
Electricity bill payment,Household
Uber ride to airport,Transportation
Friday night drinks at Bar Louie,Social Life
Grocery shopping at Whole Foods,Food
Nike running shoes,Apparel
Fee for Coursera course,Education
Allowance for weekly outings,Allowance
Workshop on leadership skills,Education
Skincare set from Sephora,Beauty
Anniversary gift for parents,Gift
Pet grooming at Petco,Pet
Water bill for the month,Household
Lyft ride to downtown,Transportation
Dinner at Cheesecake Factory,Social Life
Vegetables from farmers market,Food
Zara summer dress,Apparel
Exam registration for PMP,Education
Allowance for school supplies,Allowance
Webinar on time management,Education
Facial mask from The Body Shop,Beauty
Christmas gift for family,Gift
Pet toys from Chewy,Pet
Gas bill for apartment,Household
Subway fare for daily commute,Transportation
Weekend brunch at IHOP,Social Life
Sushi dinner at Nobu,Food
Adidas sportswear,Apparel
Library fee for semester,Education
Allowance for extracurricular activities,Allowance
Training on public speaking,Education
Hair serum from OGX,Beauty
Housewarming gift for friends,Gift
Pet insurance from Nationwide,Pet
Internet bill from Comcast,Household
Taxi fare to work,Transportation
Movie night at AMC,Entertainment
Pizza from Domino's,Food
H&M casual shirt,Apparel
Enrollment fee for edX course,Education
Allowance for weekend trips,Allowance
Conference on entrepreneurship,Education
Makeup kit from MAC,Beauty
Valentine's Day gift for partner,Gift
Pet bed from IKEA,Pet
Cable bill from Spectrum,Household
Train ticket for business trip,Transportation
Club membership at YMCA,Social Life
Steak dinner at Outback,Food
Reebok training shoes,Apparel
Registration fee for university,Education
Allowance for study materials,Allowance
Workshop on creative writing,Education
Lip balm from Burt's Bees,Beauty
Graduation gift for cousin,Gift
Pet carrier from Amazon,Pet
House cleaning service,Household
Bike share membership,Transportation
Cocktail party at The Ritz,Social Life
Bakery items from Panera Bread,Food
Patagonia hiking gear,Apparel
Donation for school fundraiser,Education
Allowance for daily expenses,Allowance
Online class on coding,Education
Sunscreen from Neutrogena,Beauty
Mother's Day gift for mom,Gift
Pet vitamins from Petco,Pet
Monthly mortgage payment,Household
Daily bus ticket,Transportation
Dinner cruise event,Social Life
Dessert from Cold Stone,Food
Under Armour sports outfit,Apparel
Field trip fee for school,Education
Allowance for sports activities,Allowance
Webinar on productivity,Education
Foundation from Maybelline,Beauty
Housewarming present for neighbor,Gift
Pet grooming kit from PetSmart,Pet
Home repair service fee,Household
Car rental for vacation,Transportation
Dinner at Red Lobster,Social Life
Organic groceries from Trader Joe's,Food
Levi's denim jacket,Apparel
Online course on data science,Education
Allowance for tech gadgets,Allowance
Workshop on mindfulness,Education
Hair color from Garnier,Beauty
Easter gift for children,Gift
Pet leash from Walmart,Pet
Household supplies from Target,Household
Flight fare for holiday,Transportation
Dining experience at Ruth's Chris,Social Life
Homemade pasta from Italian market,Food
Columbia winter jacket,Apparel
Course materials for online class,Education
Allowance for daily meals,Allowance
Seminar on financial literacy,Education
Face wash from Clean & Clear,Beauty
Surprise gift for sibling,Gift
Pet sweater from Petco,Pet
Monthly phone bill,Household
Taxi to conference,Transportation
Charity event at community center,Social Life
Healthy snacks from Whole Foods,Food
Gap summer collection,Apparel
Research fee for thesis,Education
Allowance for hobby activities,Allowance
Workshop on innovation,Education
Eye cream from Olay,Beauty
New Year present for boss,Gift
Pet collar from PetSmart,Pet
Rent for studio apartment,Household
Train fare to visit family,Transportation
Lunch with colleagues,Social Life
Smoothie from Jamba Juice,Food
Tommy Hilfiger casual wear,Apparel
Application fee for college,Education
Allowance for monthly budget,Allowance
Self-improvement course,Education
Hair spray from Tresemme,Beauty
Wedding gift for friend,Gift
Pet harness from Petco,Pet
Utility charges for home,Household
Electric scooter rental,Transportation
Theater night at Broadway,Entertainment
Mexican food from Chipotle,Food
Outdoor gear from REI,Apparel
Exam fee for certification,Education
Allowance for gaming,Allowance
Personal development workshop,Education
Face cream from Clinique,Beauty
Anniversary gift for grandparents,Gift
Pet feeding bowl from PetSmart,Pet
Home maintenance costs,Household
Ride-hailing service,Transportation
Friday night karaoke,Social Life
Gourmet chocolates from Godiva,Food
Banana Republic suit,Apparel
Enrollment in language course,Education
Allowance for movie nights,Allowance
Motivational speech event,Education
Hair mousse from Pantene,Beauty
Diwali gift for colleague,Gift
Pet adoption fee,Pet
Monthly housekeeping,Household
Travel expense for vacation,Transportation
Game night with friends,Social Life
Farm-fresh vegetables,Food
Designer handbag,Apparel
Workshop registration,Education
Allowance for shopping,Allowance
Online seminar on startups,Education
Anti-aging cream,Beauty
Ramadan gift,Gift
Pet vaccination fee,Pet
Monthly utility bills,Household
Public transport card,Transportation
Family picnic,Social Life
Restaurant reservation,Food
Fashion boutique shopping,Apparel
Summer school fee,Education
Allowance for stationery,Allowance
Creative workshop registration,Education
Nail polish kit,Beauty
Baby gift for shower,Gift
Pet insurance policy,Pet
Cleaning service fee,Household
Scooter ride fare,Transportation
Holiday celebration,Social Life
Organic produce purchase,Food
Winter clothing,Apparel
Certification exam fee,Education
Monthly pocket money,Allowance
Leadership training session,Education
Makeup remover,Beauty
Anniversary surprise gift,Gift
Pet training session,Pet
House repair charges,Household
Taxi for night out,Transportation
Potluck dinner,Social Life
Healthy eating plan,Food
Designer shoes purchase,Apparel
Exam registration fee,Education
Allowance for crafts,Allowance
Online learning course,Education
Facial moisturizer,Beauty
Housewarming surprise,Gift
Pet health checkup,Pet
Rental payment for house,Household
Daily train fare,Transportation
Weekend outing with family,Social Life
Home-cooked meals,Food
Seasonal clothing buy,Apparel
Class registration,Education
Allowance for daily needs,Allowance
Public speaking workshop,Education
Hair mask purchase,Beauty
Surprise birthday gift,Gift
Pet microchip fee,Pet
Utility expense payment,Household
Car rental for trip,Transportation
Birthday bash at home,Social Life
Takeaway order,Food
Brand-name jeans,Apparel
Online course enrollment,Education
Allowance for snacks,Allowance
Self-development webinar,Education
Beauty kit,Beauty
Holiday gift basket,Gift
Pet food order,Pet
Home cleaning bill,Household
Bus fare for daily travel,Transportation
Casual gathering with friends,Social Life
Dinner at local diner,Food
Summer outfit,Apparel
Research paper fee,Education
Allowance for fun activities,Allowance
Inspirational workshop,Education
Hair care products,Beauty
Wedding gift for couple,Gift
Pet check-up,Pet
Household repair cost,Household
Carpooling fare,Transportation
Social event at cafe,Social Life
Fancy dinner,Food
Sports gear,Apparel
Educational workshop,Education
Allowance for travel,Allowance
Learning seminar,Education
Skin care kit,Beauty
Graduation gift,Gift
Pet health products,Pet
Monthly rent charge,Household
Subway ticket,Transportation
Holiday outing,Social Life
Healthy dining option,Food
New wardrobe,Apparel
School trip registration,Education
Allowance for entertainment,Allowance
Personal growth course,Education
Nail care products,Beauty
Gift for wedding,Gift
Pet supplies shopping,Pet
Dinner at McDonald's,Food
Rent for downtown loft,Household
Annual metro card,Transportation
Concert tickets,Social Life
Gucci handbag,Apparel
Master's degree tuition,Education
Weekly gaming allowance,Allowance
Photography workshop,Education
Clinique moisturizer,Beauty
Engagement ring for fiancée,Gift
Pet insurance from Healthy Paws,Pet
Monthly HOA fees,Household
Flight to San Francisco,Transportation
Happy hour at TGI Fridays,Social Life
Whole Foods shopping spree,Food
Louis Vuitton belt,Apparel
SAT exam fee,Education
Allowance for gym membership,Allowance
Public speaking bootcamp,Education
MAC lipstick,Beauty
Mother's Day gift,Gift
Pet vitamins from Vet's Best,Pet
Gas bill for winter,Household
Ride-sharing via Lyft,Transportation
Office holiday party,Social Life
Brunch at The French Laundry,Food
Patagonia outdoor jacket,Apparel
GRE preparation course,Education
Allowance for weekend movies,Allowance
Personal branding seminar,Education
Body lotion from Nivea,Beauty
Christmas gift for boss,Gift
Pet dental care from Petco,Pet
Cable TV bill,Household
Weekend car rental,Transportation
New Year's Eve celebration,Social Life
Lunch at Shake Shack,Food
Nike training pants,Apparel
Certification for data analytics,Education
Allowance for tech gadgets,Allowance
Leadership summit,Education
Garnier hair conditioner,Beauty
Graduation gift for nephew,Gift
Pet grooming session at PetSmart,Pet
Water bill payment,Household
Taxi to concert,Transportation
Annual family reunion,Social Life
Dinner at Ruth's Chris Steak House,Food
Calvin Klein suit,Apparel
Online coding bootcamp,Education
Allowance for holiday trips,Allowance
Self-help seminar,Education
Olay anti-aging cream,Beauty
Baby shower present,Gift
Pet first aid kit,Pet
Home security system fee,Household
Monthly commuter pass,Transportation
Birthday bash at Chuck E. Cheese's,Social Life
Ice cream from Cold Stone,Food
Ray-Ban sunglasses,Apparel
Fee for MBA program,Education
Allowance for family outings,Allowance
Life skills workshop,Education
Neutrogena face scrub,Beauty
Wedding anniversary gift,Gift
Pet tracking device,Pet
Electricity bill for summer,Household
Scooter ride for errands,Transportation
Friendsgiving dinner,Social Life
Breakfast at IHOP,Food
Levi's denim shorts,Apparel
Tuition for PhD,Education
Allowance for festival tickets,Allowance
Career counseling session,Education
L'Oréal face cream,Beauty
Diwali gift for friend,Gift
Pet cage from Petco,Pet
Home renovation expenses,Household
Plane ticket to Tokyo,Transportation
Social hour at local pub,Social Life
Gourmet pizza from Blaze Pizza,Food
Timberland boots,Apparel
Registration fee for online course,Education
Allowance for school activities,Allowance
Productivity training,Education
Vaseline lip therapy,Beauty
New Year gift basket,Gift
Pet collar from Amazon,Pet
Monthly cleaning service,Household
Daily bike share fee,Transportation
Company team-building event,Social Life
Sushi from Sushi Roku,Food
Michael Kors watch,Apparel
Course materials fee,Education
Allowance for new books,Allowance
Creative arts workshop,Education
Aveeno body wash,Beauty
Secret Santa present,Gift
Pet diet food,Pet
Gas line repair cost,Household
Carpooling for daily commute,Transportation
House party with friends,Social Life
Organic produce from local farm,Food
Ralph Lauren polo shirt,Apparel
Field trip fee,Education
Allowance for adventure sports,Allowance
Self-improvement book purchase,Education
Dove soap bar,Beauty
Baby shower gift set,Gift
Pet grooming brush,Pet
Home décor from Ikea,Household
Train fare for weekend getaway,Transportation
Networking event at conference center,Social Life
Dinner at Chipotle,Food
Adidas sports jacket,Apparel
Class registration fee,Education
Allowance for weekend travels,Allowance
Inspirational speaker event,Education
Cetaphil face wash,Beauty
Easter egg hunt gifts,Gift
Pet care from PetSmart,Pet
Laundry service payment,Household
Airport shuttle fee,Transportation
Family movie night,Social Life
Dessert from Cheesecake Factory,Food
Under Armour hoodie,Apparel
Lab fee for science class,Education
Allowance for online subscriptions,Allowance
Life coaching class,Education
Lush bath bomb,Beauty
Gift for coworker's promotion,Gift
Pet hydration station,Pet
Monthly rent for townhouse,Household
Commute via public transit,Transportation
Holiday barbecue,Social Life
Lunch at Panera Bread,Food
GAP winter coat,Apparel
Student loan payment,Education
Allowance for concert tickets,Allowance
Online workshop registration,Education
Herbal Essences shampoo,Beauty
Graduation gift card,Gift
Pet treats from Petco,Pet
Home appliance repair,Household
Daily bus fare,Transportation
Get-together at local café,Social Life
Bistro brunch,Food
Hollister summer wear,Apparel
Fee for certification exam,Education
Allowance for festival activities,Allowance
Personal development session,Education
Kiehl's facial cream,Beauty
Holiday gifts for staff,Gift
Pet water fountain,Pet
House rent for villa,Household
Taxi fare for city tour,Transportation
Dinner gathering,Social Life
Healthy meal plan,Food
Express formal wear,Apparel
Educational excursion fee,Education
Allowance for tech gear,Allowance
Creative writing class,Education
L'Oreal hair mask,Beauty
Gift card for niece,Gift
Pet health supplements,Pet
Monthly subscription fee,Household
Car rental for road trip,Transportation
Birthday dinner,Social Life
Grocery haul from Costco,Food
Old Navy jeans,Apparel
Lab equipment fee,Education
Allowance for fitness classes,Allowance
Inspirational talk,Education
Aveeno daily moisturizer,Beauty
Wedding gift registry,Gift
Pet dental kit,Pet
Electricity bill settlement,Household
Uber ride for date night,Transportation
Annual office gala,Social Life
Breakfast from Starbucks,Food
North Face winter boots,Apparel
College fee,Education
Allowance for family entertainment,Allowance
Self-motivation seminar,Education
Palmer's cocoa butter,Beauty
Gift for neighbor's wedding,Gift
Pet travel bag,Pet
Home renovation fund,Household
Daily tram ride,Transportation
Neighborhood block party,Social Life
Dinner date at fancy restaurant,Food
Puma running shorts,Apparel
Educational seminar fee,Education
Allowance for school projects,Allowance
Career advancement course,Education
Neutrogena hand cream,Beauty
Housewarming party gifts,Gift
Pet wellness check,Pet
Monthly maintenance fee,Household
Taxi fare to event,Transportation
Networking lunch,Social Life
Organic food delivery,Food
Forever 21 accessories,Apparel
Research grant,Education
Allowance for art supplies,Allowance
Webinar on self-improvement,Education
Clarins skin serum,Beauty
Christmas stocking stuffers,Gift
Pet bed from Walmart,Pet
Home utility deposit,Household
Train fare for city commute,Transportation
Community potluck,Social Life
Brunch at local café,Food
H&M fashion accessories,Apparel
Fee for online learning platform,Education
Allowance for pet care,Allowance
Self-awareness workshop,Education
Burt's Bees lip balm,Beauty
Gift for grandparent's anniversary,Gift
Pet food dispenser,Pet
Home internet bill,Household
Bus ticket for school trip,Transportation
Friends gathering at park,Social Life
Dinner at vegan restaurant,Food
Levi's casual wear,Apparel
Course enrollment fee,Education
Allowance for new clothes,Allowance
Career workshop on negotiation,Education
Olay night cream,Beauty
Surprise birthday present,Gift
Pet collar and leash,Pet
House rent for apartment,Household
Commuter train fare,Transportation
Company holiday party,Social Life
Family dinner at home,Food
Nike gym clothes,Apparel
Tuition for language class,Education
Allowance for holiday shopping,Allowance
Inspirational book club,Education
Dove face wash,Beauty
Gift basket for friend,Gift
Pet playpen,Pet
Monthly mortgage payment,Household
Car share for errands,Transportation
Birthday celebration at home,Social Life
Gourmet dinner at steakhouse,Food
Reebok sportswear,Apparel
Fee for professional development,Education
Allowance for daily commute,Allowance
Online self-help course,Education
Herbal shampoo from OGX,Beauty
Graduation gift set,Gift
Pet grooming at local vet,Pet
Cleaning supplies for house,Household
Rideshare for weekend trip,Transportation
Holiday party with friends,Social Life
Lunch from local deli,Food
Calvin Klein apparel,Apparel
Fee for university admission,Education
Allowance for tech gadgets,Allowance
Life skills seminar,Education
Nivea hand lotion,Beauty
Gift for boss's retirement,Gift
Pet hygiene products,Pet
Utility bill for home,Household
Daily train commute fare,Transportation
Office team dinner,Social Life
Pizza night at Domino's,Food
Gap casual shirt,Apparel
Lab fees for semester,Education
Allowance for family activities,Allowance
Motivational workshop,Education
Clinique face cream,Beauty
Easter gift for kids,Gift
Pet health checkup at vet,Pet
Home repair service fee,Household
Taxi ride for night out,Transportation
Office social event,Social Life
Dinner reservation at restaurant,Food
Timberland boots purchase,Apparel
Online certification fee,Education
Allowance for fun outings,Allowance
Productivity workshop registration,Education
Garnier skin toner,Beauty
Anniversary gift for parents,Gift
Pet food and supplies,Pet
Monthly home insurance fee,Household
Commuter pass for metro,Transportation
Friends meetup at cafe,Social Life
Healthy meal at organic café,Food
Levi's denim purchase,Apparel
Class fee for art course,Education
Allowance for monthly budget,Allowance
Self-improvement seminar fee,Education
Cetaphil daily cleanser,Beauty
Gift for colleague's wedding,Gift
Pet grooming supplies,Pet
Home utility bill payment,Household
Ride-hailing service fare,Transportation
Social event at coworking space,Social Life
Dinner at family restaurant,Food
Zara fashion apparel,Apparel
Fee for advanced degree,Education
Allowance for weekend activities,Allowance
Life coaching seminar,Education
L'Oreal skincare products,Beauty
New Year's Eve gifts,Gift
Pet care from local vet,Pet
Monthly rent at The Plaza,Household
Dinner at Nobu,Food
Annual Spotify subscription,Entertainment
Commute via Bolt scooter,Transportation
Game night at Dave & Buster's,Social Life
Apple MacBook purchase,Other
Gucci loafers,Apparel
Graduate school application fee,Education
Allowance for daily lunch,Allowance
Leadership summit in New York,Education
Dior skincare set,Beauty
Engagement gift for cousin,Gift
Vet appointment at VCA,Pet
Home security upgrade,Household
Uber ride to the mall,Transportation
Brunch at Tiffany's,Social Life
Grocery haul from Trader Joe's,Food
Patagonia fleece jacket,Apparel
GRE test registration,Education
Allowance for weekend fun,Allowance
Photography masterclass,Education
NARS makeup palette,Beauty
Birthday gift for best friend,Gift
Pet food from Blue Buffalo,Pet
Water heater repair,Household
Taxi fare to airport,Transportation
Cocktail party at The Ritz,Social Life
Dinner at Morton’s Steakhouse,Food
North Face winter boots,Apparel
Enrollment for edX course,Education
Allowance for monthly outing,Allowance
Mindfulness retreat registration,Education
SK-II facial treatment,Beauty
Graduation gift for niece,Gift
Pet bed from Chewy,Pet
Monthly cleaning service,Household
Train ticket to Chicago,Transportation
Networking dinner at Hilton,Social Life
Breakfast at Denny's,Food
Ray-Ban aviator sunglasses,Apparel
Fee for PMP certification,Education
Allowance for gym membership,Allowance
Digital marketing workshop,Education
Lush skincare kit,Beauty
Wedding gift for cousin,Gift
Pet collar from Petco,Pet
Electricity bill for winter,Household
Rental car for weekend trip,Transportation
Friendsgiving dinner party,Social Life
Lunch at Cheesecake Factory,Food
Nike Air Max sneakers,Apparel
SAT prep course,Education
Allowance for family activities,Allowance
Personal finance seminar,Education
Estee Lauder night cream,Beauty
Holiday gift for staff,Gift
Pet grooming kit,Pet
Monthly internet bill,Household
Daily bus fare,Transportation
Dinner with friends at Olive Garden,Social Life
Organic food from Whole Foods,Food
Adidas running gear,Apparel
Summer school tuition,Education
Allowance for new books,Allowance
Entrepreneurship summit,Education
Biore pore strips,Beauty
Thank you gift for teacher,Gift
Pet water fountain from Amazon,Pet
Cable bill from Comcast,Household
Rideshare with Lyft,Transportation
Office holiday potluck,Social Life
Healthy snacks from Sprouts,Food
Calvin Klein dress,Apparel
College application fee,Education
Allowance for tech gadgets,Allowance
Career growth seminar,Education
Kiehl’s facial toner,Beauty
Baby shower gift for friend,Gift
Pet food from PetSmart,Pet
Home appliance maintenance,Household
Train fare to work,Transportation
Community meetup at park,Social Life
Dinner at P.F. Chang's,Food
Columbia hiking boots,Apparel
Lab fee for science course,Education
Allowance for hobby supplies,Allowance
Leadership training workshop,Education
Olay Regenerist cream,Beauty
Christmas present for family,Gift
Pet toys from Petco,Pet
Monthly rent for condo,Household
Taxi fare to hotel,Transportation
Sunday brunch with colleagues,Social Life
Sushi from Benihana,Food
Levi's denim jacket,Apparel
Online learning subscription,Education
Allowance for sports gear,Allowance
Public speaking course,Education
Clinique face moisturizer,Beauty
Holiday gift for neighbors,Gift
Pet grooming at PetSmart,Pet
Gas bill for heating,Household
Flight to business meeting,Transportation
Office karaoke night,Social Life
Gourmet meal delivery,Food
Michael Kors handbag,Apparel
Tuition for evening classes,Education
Allowance for weekend getaways,Allowance
Motivational speech event,Education
Aveeno daily moisturizer,Beauty
Housewarming gift for colleague,Gift
Pet health checkup at vet,Pet
Home cleaning supplies,Household
Daily subway pass,Transportation
Holiday dinner with family,Social Life
Homemade bakery items,Food
Gap winter coat,Apparel
Workshop registration fee,Education
Allowance for streaming services,Allowance
Creative writing seminar,Education
Neutrogena face wash,Beauty
Valentine's Day gift for partner,Gift
Pet leash from Walmart,Pet
Home renovation project,Household
Rideshare to concert,Transportation
Friends' movie night,Social Life
Dinner at Red Lobster,Food
Under Armour sportswear,Apparel
Fee for academic conference,Education
Allowance for coffee shops,Allowance
Inspirational webinar,Education
L'Oréal Paris skincare,Beauty
Diwali gift for boss,Gift
Pet food from Hill's Science Diet,Pet
Electric bill for house,Household
Daily taxi fare,Transportation
Birthday dinner for friend,Social Life
Healthy meal from Sweetgreen,Food
H&M fashion accessories,Apparel
Summer camp fee,Education
Allowance for extracurricular activities,Allowance
Career development seminar,Education
Nivea face cream,Beauty
Gift for friend's promotion,Gift
Pet grooming supplies from Petco,Pet
Monthly utility bills,Household
Bus ticket for commute,Transportation
Dinner party with friends,Social Life
Breakfast from Panera Bread,Food
Tommy Hilfiger shirt,Apparel
Registration for dance class,Education
Allowance for shopping trips,Allowance
Time management workshop,Education
Dove body lotion,Beauty
Anniversary gift for parents,Gift
Pet bed from Ikea,Pet
Monthly rent for townhouse,Household
Subway fare for work,Transportation
Office team-building activity,Social Life
Organic produce from farmers market,Food
Zara summer dress,Apparel
Fee for advanced degree,Education
Allowance for weekend trips,Allowance
Self-improvement book club,Education
Garnier skin active cream,Beauty
New Year gift for family,Gift
Pet food from Royal Canin,Pet
Cleaning service payment,Household
Daily commute fare,Transportation
Annual company gala,Social Life
Dinner reservation at upscale restaurant,Food
Nike athletic wear,Apparel
College registration fee,Education
Allowance for movie nights,Allowance
Inspirational podcast subscription,Education
Herbal Essences shampoo,Beauty
Baby gift for shower,Gift
Pet grooming set,Pet
Monthly home insurance,Household
Ride-hailing service,Transportation
Birthday celebration with friends,Social Life
Farm-fresh produce delivery,Food
Express fall collection,Apparel
Lab equipment fee,Education
Allowance for dining out,Allowance
Career coaching session,Education
Cetaphil hydrating lotion,Beauty
Wedding gift for cousin,Gift
Pet health checkup at Petco,Pet
Home maintenance fee,Household
Scooter rental for errands,Transportation
Neighborhood barbecue,Social Life
Dinner at family diner,Food
Gap spring collection,Apparel
Course fee for professional certification,Education
Allowance for school supplies,Allowance
Life coaching webinar,Education
Biore facial scrub,Beauty
Surprise gift for anniversary,Gift
Pet food subscription,Pet
Home utility charges,Household
Daily bus commute,Transportation
Friends' night out,Social Life
Dinner from Blue Apron,Food
Puma training shoes,Apparel
Fee for professional seminar,Education
Allowance for tech subscriptions,Allowance
Self-development course registration,Education
Neutrogena body wash,Beauty
Housewarming present for neighbor,Gift
Pet carrier from Amazon,Pet
Monthly rent for villa,Household
Commuter train ticket,Transportation
Holiday potluck with coworkers,Social Life
Breakfast at local café,Food
Levi's casual wear,Apparel
Exam fee for certification,Education
Allowance for new tech,Allowance
Mindfulness course,Education
Kiehl's facial cleanser,Beauty
Christmas gift exchange,Gift
Pet leash from Chewy,Pet
Home repair service,Household
Taxi fare for weekend outing,Transportation
Office party at restaurant,Social Life
Dinner at vegan bistro,Food
Adidas fitness gear,Apparel
Fee for summer school,Education
Allowance for online courses,Allowance
Career growth workshop,Education
Aveeno face moisturizer,Beauty
Gift for friend's housewarming,Gift
Pet health supplements from Petco,Pet
Rent for downtown studio,Household
Breakfast at Denny's,Food
Spotify family plan,Entertainment
Monthly subway pass,Transportation
Happy hour at The Tipsy Cow,Social Life
Samsung Galaxy S21 purchase,Other
Coach leather wallet,Apparel
Online MBA program,Education
Weekly allowance from grandma,Allowance
Yoga retreat in Bali,Education
Clinique moisture surge,Beauty
Anniversary gift for wife,Gift
Pet checkup at Banfield,Pet
Home pest control,Household
Lyft ride to concert,Transportation
Lunch at Applebee's,Social Life
Weekly groceries from Sprouts,Food
Adidas ultraboost sneakers,Apparel
LSAT registration fee,Education
Allowance for daily snacks,Allowance
Personal development book,Education
MAC foundation,Beauty
Birthday present for brother,Gift
Pet vitamins from PetSmart,Pet
Monthly water bill,Household
Taxi fare to airport,Transportation
Saturday night karaoke,Social Life
Pizza from Papa John's,Food
Under Armour workout clothes,Apparel
ACT test fee,Education
Allowance for weekend fun,Allowance
Art therapy session,Education
Neutrogena hydro boost,Beauty
Christmas gift for kids,Gift
Pet bed from Wayfair,Pet
Electric bill for summer,Household
Car rental for road trip,Transportation
Friday night bowling,Social Life
Organic veggies from local market,Food
Nike Air Force 1,Apparel
College enrollment deposit,Education
Allowance for coffee shops,Allowance
Time management seminar,Education
Burt's Bees facial oil,Beauty
Graduation present for daughter,Gift
Pet grooming at Petco,Pet
Housekeeping service,Household
Train ticket to Boston,Transportation
Dinner with family at Outback,Social Life
Dinner at P.F. Chang's,Food
Columbia winter jacket,Apparel
Tuition for online certificate,Education
Allowance for shopping,Allowance
Public speaking seminar,Education
L'Oreal face wash,Beauty
Gift for parents' anniversary,Gift
Pet dental care kit,Pet
Home maintenance bill,Household
Flight to Los Angeles,Transportation
Office potluck party,Social Life
Sushi from Sushi Samba,Food
GAP summer shorts,Apparel
MCAT registration fee,Education
Allowance for daily commute,Allowance
Motivational speaker event,Education
Olay night cream,Beauty
Diwali present for friend,Gift
Pet water dispenser,Pet
Gas bill for winter,Household
Uber fare to work,Transportation
Holiday party at Hilton,Social Life
Dinner at Cheesecake Factory,Food
Levi's skinny jeans,Apparel
SAT prep course,Education
Allowance for tech gadgets,Allowance
Mindfulness meditation course,Education
Dove body lotion,Beauty
New Year gift for colleague,Gift
Pet grooming from Chewy,Pet
Cable bill from Spectrum,Household
Daily bus fare,Transportation
Weekend outing with friends,Social Life
Lunch at Sweetgreen,Food
Puma running shorts,Apparel
Fee for Coursera course,Education
Allowance for movie tickets,Allowance
Business leadership summit,Education
Lush bath bomb,Beauty
Wedding gift for coworker,Gift
Pet food from Hill's,Pet
Home renovation costs,Household
Carpool fare to work,Transportation
Neighborhood BBQ party,Social Life
Brunch at The Pancake House,Food
Ralph Lauren polo,Apparel
Exam fee for certification,Education
Allowance for weekend outings,Allowance
Creative writing class,Education
Cetaphil moisturizing cream,Beauty
Baby shower gift for colleague,Gift
Pet travel crate from Amazon,Pet
Monthly mortgage payment,Household
Commute via electric scooter,Transportation
Friends' dinner at Olive Garden,Social Life
Farm-fresh groceries,Food
Calvin Klein suit,Apparel
Research fee for thesis,Education
Allowance for gym membership,Allowance
Life coaching workshop,Education
Kiehl's ultra facial cream,Beauty
Housewarming gift for neighbors,Gift
Pet health insurance,Pet
Home repair service,Household
Daily tram fare,Transportation
Birthday party at Chuck E. Cheese's,Social Life
Healthy meals from Blue Apron,Food
Michael Kors watch,Apparel
Library fee for semester,Education
Allowance for tech purchases,Allowance
Career advancement webinar,Education
Biore pore cleansing strips,Beauty
Christmas gift for boss,Gift
Pet grooming tools from Petco,Pet
Monthly rent for penthouse,Household
Taxi ride to city center,Transportation
Team lunch at Shake Shack,Social Life
Gourmet desserts from local bakery,Food
Patagonia hiking boots,Apparel
Course registration for workshop,Education
Allowance for family activities,Allowance
Public speaking course,Education
Clinique face scrub,Beauty
Anniversary gift for spouse,Gift
Pet accessories from Chewy,Pet
Home cleaning service,Household
Train fare to weekend getaway,Transportation
Company dinner at steakhouse,Social Life
Breakfast at Panera Bread,Food
GAP winter collection,Apparel
Enrollment for edX course,Education
Allowance for travel,Allowance
Mindfulness meditation workshop,Education
Herbal Essences shampoo,Beauty
Gift for sister's wedding,Gift
Pet treats from Petco,Pet
Electricity bill for spring,Household
Uber fare for daily commute,Transportation
Friday night social at pub,Social Life
Dinner at Red Lobster,Food
Nike sportswear,Apparel
Tuition for online learning,Education
Allowance for tech gadgets,Allowance
Self-development retreat,Education
Neutrogena face cream,Beauty
Thanksgiving gift for parents,Gift
Pet care products from PetSmart,Pet
Home security system fee,Household
Daily bike share rental,Transportation
Networking event at coworking space,Social Life
Gourmet meal at The Ritz,Food
H&M summer collection,Apparel
Fee for professional certification,Education
Allowance for weekend getaways,Allowance
Self-help book purchase,Education
Garnier face mask,Beauty
New Year gift for boss,Gift
Pet grooming kit from Amazon,Pet
Home utility bill,Household
Commute via Bolt scooter,Transportation
Office dinner party,Social Life
Lunch at Cheesecake Factory,Food
Under Armour training gear,Apparel
Fee for SAT registration,Education
Allowance for coffee shops,Allowance
Motivational workshop registration,Education
L'Oreal face moisturizer,Beauty
Graduation present for nephew,Gift
Pet health checkup at vet,Pet
Home improvement costs,Household
Daily taxi fare,Transportation
Neighborhood block party,Social Life
Dinner at P.F. Chang's,Food
Levi's fashion apparel,Apparel
College registration fee,Education
Allowance for streaming services,Allowance
Self-awareness workshop,Education
Kiehl's daily moisturizer,Beauty
Christmas gift for family,Gift
Pet grooming appointment at Petco,Pet
Gas bill for house,Household
Taxi fare for business trip,Transportation
Friends' night out at bar,Social Life
Sushi from Sushi Roku,Food
Ralph Lauren dress shirt,Apparel
Tuition for language class,Education
Allowance for weekend activities,Allowance
Career coaching session,Education
Burt's Bees hand cream,Beauty
Gift for mother's birthday,Gift
Pet water fountain from PetSmart,Pet
Household maintenance bill,Household
Ride-hailing fare for night out,Transportation
Holiday party at coworking space,Social Life
Healthy food from local market,Food
Calvin Klein casual wear,Apparel
Fee for professional development course,Education
Allowance for new books,Allowance
Inspirational podcast subscription,Education
Cetaphil daily cleanser,Beauty
Housewarming gift for neighbor,Gift
Pet health supplements from Chewy,Pet
Monthly cleaning fee,Household
Daily train fare,Transportation
Friends' dinner party,Social Life
Farm-to-table dining,Food
Puma athletic wear,Apparel
Lab fee for college course,Education
Allowance for family outings,Allowance
Productivity seminar,Education
Aveeno body lotion,Beauty
Easter gift for kids,Gift
Pet collar and leash from Petco,Pet
Home repair charges,Household
Scooter rental for commute,Transportation
Weekend brunch with friends,Social Life
Gourmet pizza from Blaze Pizza,Food
GAP fashion accessories,Apparel
Exam fee for certification,Education
Allowance for dining out,Allowance
Motivational speech event,Education
Nivea hydrating lotion,Beauty
Gift for friend's promotion,Gift
Pet grooming kit from Petco,Pet
Electric bill for home,Household
Daily commute via train,Transportation
Office holiday party,Social Life
Lunch from Chipotle,Food
Tommy Hilfiger jacket,Apparel
Library fee for semester,Education
Allowance for weekend travel,Allowance
Inspirational webinar registration,Education
Dove face wash,Beauty
New Year's gift for friend,Gift
Pet care kit from Chewy,Pet
Monthly rent for apartment,Household
Train ticket for business trip,Transportation
Community potluck dinner,Social Life
Breakfast from local café,Food
Nike training pants,Apparel
Course registration for online class,Education
Allowance for school supplies,Allowance
Self-improvement seminar registration,Education
Herbal Essences conditioner,Beauty
Gift card for niece,Gift
Pet grooming set from PetSmart,Pet
Monthly utility fee,Household
Uber fare for daily commute,Transportation
Dinner at local diner,Social Life
Farm-fresh produce delivery,Food
Adidas sports gear,Apparel
Fee for academic conference,Education
Allowance for tech gear,Allowance
Career growth seminar,Education
Neutrogena face wash,Beauty
Christmas gift for colleague,Gift
Pet health checkup from vet,Pet
Home cleaning bill,Household
Taxi fare for night out,Transportation
Company team dinner,Social Life
Sushi from Benihana,Food
Michael Kors handbag,Apparel
Course materials fee,Education
Allowance for tech purchases,Allowance
Personal development course,Education
Kiehl's face cream,Beauty
Graduation gift for friend,Gift
Pet dental care kit from Petco,Pet
Electricity bill for summer,Household
Car rental for trip,Transportation
Family movie night,Social Life
Healthy snacks from Sprouts,Food
GAP winter coat,Apparel
Fee for summer camp,Education
Allowance for family entertainment,Allowance
Career development seminar,Education
Biore face scrub,Beauty
Gift for colleague's retirement,Gift
Pet grooming supplies from PetSmart,Pet
Monthly utility bill,Household
Train fare for daily commute,Transportation
Friends' gathering at park,Social Life
Dinner at vegan restaurant,Food
Columbia hiking gear,Apparel
Fee for online certification,Education
Allowance for hobby activities,Allowance
Life skills workshop,Education
Clarins face serum,Beauty
Gift for friend's housewarming,Gift
Pet food dispenser from Chewy,Pet
Monthly rent payment,Household
Car share for errands,Transportation
Office team-building event,Social Life
Farmers market produce,Food
Levi's denim purchase,Apparel
Course registration for workshop,Education
Allowance for weekend getaways,Allowance
Motivational seminar registration,Education
Cetaphil facial moisturizer,Beauty
Christmas stocking stuffers,Gift
Pet leash from Petco,Pet
Monthly housekeeping fee,Household
Scooter ride for commute,Transportation
Birthday celebration with friends,Social Life
Dinner at upscale restaurant,Food
Under Armour sports jacket,Apparel
Tuition fee for online class,Education
Allowance for daily needs,Allowance
Self-improvement book purchase,Education
L'Oreal face cream,Beauty
Valentine's gift for partner,Gift
Pet health products from Petco,Pet
Home maintenance costs,Household
Daily bus ride fare,Transportation
Weekend outing at local park,Social Life
Gourmet meal from Blue Apron,Food
Ralph Lauren fashion accessories,Apparel
Fee for academic course,Education
Allowance for fitness classes,Allowance
Personal growth workshop,Education
Dove body wash,Beauty
Gift for grandparent's anniversary,Gift
Pet grooming session from Chewy,Pet
Electricity bill settlement,Household
Taxi fare for night out,Transportation
Office social event at restaurant,Social Life
Lunch from Sweetgreen,Food
Levi's casual wear,Apparel
Exam registration fee,Education
Allowance for weekend activities,Allowance
Career counseling session,Education
Aveeno face lotion,Beauty
Gift for neighbor's wedding,Gift
Pet care kit from PetSmart,Pet
Monthly utility payment,Household
Daily commute via scooter,Transportation
Weekend brunch at IHOP,Social Life
Healthy meal from Sweetgreen,Food
Calvin Klein fashion wear,Apparel
Fee for advanced degree,Education
Allowance for movie nights,Allowance
Inspirational podcast,Education
Nivea face cream,Beauty
Holiday gift for neighbors,Gift
Pet bed from Ikea,Pet
Monthly rent for townhouse,Household
Train ticket for daily commute,Transportation
Company team-building activity,Social Life
Dinner reservation at fancy restaurant,Food
GAP fashion apparel,Apparel
Course registration fee,Education
Allowance for school projects,Allowance
Inspirational book club,Education
Garnier hydrating mask,Beauty
New Year present for boss,Gift
Pet care kit from Chewy,Pet
Monthly rent for studio apartment,Household
Taxi fare for business trip,Transportation
Networking dinner at hotel,Social Life
Brunch at local diner,Food
Tommy Hilfiger accessories,Apparel
Tuition for language course,Education
Allowance for weekend trips,Allowance
Career advancement course,Education
Herbal Essences face wash,Beauty
Easter gift for kids,Gift
Pet leash from Chewy,Pet
Monthly utility fee for apartment,Household
Uber fare for night out,Transportation
Holiday potluck with coworkers,Social Life
Gourmet food from Whole Foods,Food
Nike casual wear,Apparel
Course fee for online learning,Education
Allowance for shopping trips,Allowance
Time management seminar,Education
Cetaphil face lotion,Beauty
Baby shower gift for colleague,Gift
Pet grooming kit from Petco,Pet
Monthly rent for loft apartment,Household
Train fare for work commute,Transportation
Community dinner party,Social Life
Breakfast from Panera Bread,Food
Puma athletic gear,Apparel
Lab fee for college,Education
Allowance for new clothes,Allowance
Life coaching class,Education
Neutrogena facial cleanser,Beauty
Gift for friend's wedding,Gift
Pet water fountain from Chewy,Pet
Monthly cleaning bill,Household
Daily ride-hailing fare,Transportation
Friends' get-together at restaurant,Social Life
Lunch at family diner,Food
H&M casual wear,Apparel
Fee for summer school course,Education
Allowance for daily commute,Allowance
Mindfulness meditation class,Education
Kiehl's hydrating cream,Beauty
Christmas gift for family,Gift
Pet grooming set from Petco,Pet
Electricity bill for home,Household
Daily commute via bike,Transportation
Friday night social event,Social Life
Dinner from Blue Apron,Food
Columbia winter gear,Apparel
Fee for online certification,Education
Allowance for streaming services,Allowance
Inspirational speech event,Education
Burt's Bees face wash,Beauty
Gift for colleague's retirement,Gift
Pet dental kit from PetSmart,Pet
Monthly utility bill,Household
Daily tram ride fare,Transportation
Company holiday party at hotel,Social Life
Lunch from local café,Food
Adidas fashion accessories,Apparel
Course registration for summer school,Education
Allowance for hobby supplies,Allowance
Career development workshop,Education
L'Oreal face scrub,Beauty
New Year's gift for colleague,Gift
Pet grooming appointment at vet,Pet
Home repair fee,Household
Taxi fare for office party,Transportation
Neighborhood block party,Social Life
Dinner at family restaurant,Food
Nike sports jacket,Apparel
Tuition fee for professional course,Education
Allowance for weekend travels,Allowance
Career coaching seminar,Education
Clarins face cream,Beauty
Graduation gift for niece,Gift
Pet leash from PetSmart,Pet
Monthly rent for condo,Household
Daily bus fare for commute,Transportation
Friends' night out at club,Social Life
Breakfast at local diner,Food
Ralph Lauren fashion wear,Apparel
Enrollment fee for college course,Education
Allowance for weekend fun,Allowance
Self-development workshop,Education
Neutrogena hydrating lotion,Beauty
Gift for friend's housewarming,Gift
Pet food dispenser from PetSmart,Pet
Monthly utility bill for apartment,Household
Scooter ride fare for commute,Transportation
Dinner party with friends,Social Life
Gourmet meal at local restaurant,Food
Tommy Hilfiger casual wear,Apparel
Fee for professional workshop,Education
Allowance for daily expenses,Allowance
Motivational webinar,Education
Nivea face moisturizer,Beauty
Gift for mother's birthday,Gift
Pet health products from Petco,Pet
Monthly rent payment,Household
Train ticket for weekend trip,Transportation
Friends' gathering at pub,Social Life
Dinner at upscale bistro,Food
Levi's winter collection,Apparel
Course registration for professional course,Education
Allowance for daily needs,Allowance
Career growth seminar,Education
Garnier face lotion,Beauty
Christmas gift for coworker,Gift
Pet grooming set from Chewy,Pet
Monthly utility payment for house,Household
Taxi fare for work commute,Transportation
Holiday potluck with colleagues,Social Life
Healthy snacks from local market,Food
Nike athletic wear,Apparel
Lab fee for research course,Education
Allowance for weekend activities,Allowance
Self-improvement book club,Education
Cetaphil face wash,Beauty
Baby shower gift for friend,Gift
Pet leash from Amazon,Pet
Monthly utility bill payment,Household
Daily tram fare for commute,Transportation
Office team-building event at hotel,Social Life
Dinner reservation at family restaurant,Food
H&M fashion wear,Apparel
Fee for online course registration,Education
Allowance for new books,Allowance
Inspirational podcast subscription,Education
Kiehl's face moisturizer,Beauty
Christmas gift for boss,Gift
Pet health checkup at Petco,Pet
Monthly rent for villa,Household
Uber fare for night out,Transportation
Friends' dinner at local diner,Social Life
Healthy meal from local deli,Food
Puma casual wear,Apparel
Fee for certification exam,Education
Allowance for movie tickets,Allowance
Career advancement workshop,Education
Biore face scrub,Beauty
Gift for colleague's promotion,Gift
Pet food from Chewy,Pet
Home maintenance bill for house,Household
Daily commute via scooter,Transportation
Weekend brunch with friends at café,Social Life
Farm-fresh groceries from local market,Food
Gap fashion accessories,Apparel
Fee for academic workshop,Education
Allowance for daily commute,Allowance
Self-awareness seminar,Education
Dove face cream,Beauty
Gift for grandparent's anniversary,Gift
Pet grooming set from Petco,Pet
Monthly utility bill payment for condo,Household
Train fare for daily commute to work,Transportation
Community dinner party at local park,Social Life
Lunch at local bistro,Food
Under Armour athletic wear,Apparel
Course registration for professional development,Education
Allowance for family outings,Allowance
Mindfulness meditation class,Education
Herbal Essences shampoo,Beauty
Gift card for niece's birthday,Gift
Pet water fountain from Amazon,Pet
Monthly utility bill for apartment,Household
Uber fare for daily commute to work,Transportation
Dinner with friends at local restaurant,Social Life
Lunch at Panera Bread,Food
Levi's casual wear,Apparel
Fee for summer school course,Education
Allowance for weekend travels,Allowance
Career coaching class,Education
Neutrogena facial cleanser,Beauty
Gift for friend's wedding,Gift
Pet leash from Petco,Pet
Monthly utility payment for townhouse,Household
Daily commute via bike share,Transportation
Office dinner at local bistro,Social Life
Dinner from Blue Apron,Food
Columbia hiking boots,Apparel
Fee for online certification course,Education
Allowance for streaming services,Allowance
Self-development workshop registration,Education
Burt's Bees face wash,Beauty
Gift for colleague's retirement party,Gift
Pet grooming appointment at Petco,Pet
Monthly rent for downtown studio,Household
Train fare for business trip,Transportation
Friends' night out at club,Social Life
Healthy meal from local café,Food
Ralph Lauren fashion wear,Apparel
Course registration for summer school,Education
Allowance for gym membership,Allowance
Career growth seminar registration,Education
Nivea face cream,Beauty
Gift for sister's housewarming,Gift
Pet health products from Chewy,Pet
Monthly utility payment for house,Household
Taxi fare for office commute,Transportation
Holiday potluck with friends,Social Life
Healthy snacks from local market,Food
Nike sportswear,Apparel
Lab fee for college course,Education
Allowance for daily needs,Allowance
Self-improvement seminar,Education
Clarins facial serum,Beauty
Gift for friend's promotion,Gift
Pet leash from Amazon,Pet
Monthly rent for loft apartment,Household
Uber fare for weekend outing,Transportation
Neighborhood barbecue at local park,Social Life
Gourmet meal from local restaurant,Food
Tommy Hilfiger fashion accessories,Apparel
Tuition fee for professional certification,Education
Allowance for weekend activities,Allowance
Inspirational book club subscription,Education
Cetaphil face moisturizer,Beauty
Gift for parent's anniversary,Gift
Pet grooming kit from PetSmart,Pet
Monthly utility bill payment for apartment,Household
Daily train fare for work commute,Transportation
Friends' gathering at local café,Social Life
Breakfast from Panera Bread,Food
Puma training gear,Apparel
Fee for academic conference registration,Education
Allowance for family entertainment,Allowance
Career advancement webinar,Education
Kiehl's facial cleanser,Beauty
Christmas present for family,Gift
Pet health checkup at vet,Pet
Monthly utility payment for condo,Household
Taxi fare for night out with friends,Transportation
Office team-building event at hotel,Social Life
Dinner reservation at local diner,Food
H&M casual wear,Apparel
Fee for online course,Education
Allowance for new clothes,Allowance
Mindfulness meditation workshop,Education
Neutrogena face wash,Beauty
Gift for friend's housewarming party,Gift
Pet care products from Petco,Pet
Monthly utility bill for house,Household
Daily commute via bike share program,Transportation
Weekend outing with family at park,Social Life
Dinner at family restaurant,Food
Levi's fashion apparel,Apparel
Fee for professional workshop,Education
Allowance for movie nights,Allowance
Motivational speech seminar,Education
Garnier face mask,Beauty
New Year gift for colleague,Gift
Pet grooming set from Chewy,Pet
Monthly utility payment for studio apartment,Household
Train ticket for business travel,Transportation
Community dinner party at local park,Social Life
Lunch at local diner,Food
Ralph Lauren fashion wear,Apparel
Course registration for professional development,Education
Allowance for weekend fun,Allowance
Career coaching webinar,Education
Dove face cream,Beauty
Gift for sister's wedding,Gift
Pet leash from PetSmart,Pet
Monthly rent payment for townhouse,Household
Uber fare for daily work commute,Transportation
Friends' night out at local bar,Social Life
Gourmet food from local market,Food
Gap fashion wear,Apparel
Fee for online learning course,Education
Allowance for daily needs,Allowance
Self-improvement book purchase,Education
Nivea face moisturizer,Beauty
Gift for colleague's promotion,Gift
Pet health products from Chewy,Pet
Monthly utility bill for condo,Household
Daily tram ride fare for work,Transportation
Office team-building event at local hotel,Social Life
Dinner reservation at local restaurant,Food
Nike athletic gear,Apparel
Tuition fee for academic course,Education
Allowance for tech gadgets,Allowance
Career growth workshop registration,Education
Clarins face cream,Beauty
Christmas gift for boss,Gift
Pet grooming appointment at vet,Pet
Monthly utility payment for apartment,Household
Taxi fare for weekend outing with friends,Transportation
Holiday potluck with colleagues,Social Life
Healthy snacks from local market,Food
Columbia winter wear,Apparel
Fee for academic conference registration,Education
Allowance for family activities,Allowance
Self-awareness seminar registration,Education
Burt's Bees face lotion,Beauty
Gift card for niece's birthday,Gift
Pet leash from Amazon,Pet
Monthly utility bill for townhouse,Household
Daily commute via bike share program,Transportation
Friends' gathering at local café,Social Life
Lunch from local deli,Food
Puma athletic wear,Apparel
Fee for online course registration,Education
Allowance for weekend fun,Allowance
Mindfulness meditation workshop registration,Education
Cetaphil face cleanser,Beauty
Baby shower gift for colleague,Gift
Pet grooming set from Petco,Pet
Monthly rent payment for villa,Household
Train fare for daily commute to work,Transportation
Community potluck dinner at local park,Social Life
Dinner at family diner,Food
Levi's winter collection,Apparel
Course registration fee for online learning,Education
Allowance for daily needs,Allowance
Inspirational podcast subscription,Education
Kiehl's face moisturizer,Beauty
Christmas gift for colleague,Gift
Pet health checkup at Petco,Pet
Monthly utility bill for condo,Household
Uber fare for night out with friends,Transportation
Office dinner at local hotel,Social Life
Lunch at local café,Food
Under Armour training gear,Apparel
Fee for academic workshop registration,Education
Allowance for weekend activities,Allowance
Career coaching seminar registration,Education
Neutrogena face wash,Beauty
New Year gift for boss,Gift
Pet grooming kit from Chewy,Pet
Monthly utility payment for house,Household
Daily bus fare for commute,Transportation
Friends' night out at local club,Social Life
Healthy food from local deli,Food
Ralph Lauren casual wear,Apparel
Fee for professional certification course,Education
Allowance for tech gadgets,Allowance
Self-development workshop registration,Education
Dove face cream,Beauty
Gift for parent's anniversary,Gift
Pet leash from PetSmart,Pet
Monthly utility payment for apartment,Household
Daily tram fare for work commute,Transportation
Neighborhood barbecue at local park,Social Life
Dinner reservation at family diner,Food
Nike athletic wear,Apparel
Fee for online learning platform,Education
Allowance for daily needs,Allowance
Inspirational podcast subscription,Education
Clarins face moisturizer,Beauty
Gift for friend's wedding,Gift
Pet grooming set from Chewy,Pet
Monthly utility bill for condo,Household
Taxi fare for night out with friends,Transportation
Office social event at local restaurant,Social Life
Lunch from local deli,Food
Columbia winter collection,Apparel
Fee for academic conference registration,Education
Allowance for weekend activities,Allowance
Self-awareness seminar registration,Education
Burt's Bees face lotion,Beauty
Gift for sister's housewarming,Gift
Pet leash from Amazon,Pet
Monthly utility payment for townhouse,Household
Daily tram ride fare for work commute,Transportation
Community dinner party at local park,Social Life
Dinner at family restaurant,Food
Gap fashion wear,Apparel
Fee for online learning platform,Education
Allowance for new clothes,Allowance
Mindfulness meditation workshop registration,Education
Cetaphil face cleanser,Beauty
Gift card for niece's birthday,Gift
Pet leash from Petco,Pet
Monthly rent payment for loft apartment,Household
Uber fare for weekend outing with friends,Transportation
Friends' gathering at local café,Social Life
Lunch at local diner,Food
Puma casual wear,Apparel
Fee for academic course registration,Education
Allowance for daily needs,Allowance
Inspirational podcast subscription,Education
Nivea face moisturizer,Beauty
Gift for colleague's promotion,Gift
Pet grooming set from Chewy,Pet
Monthly utility bill payment for apartment,Household
Train fare for business travel,Transportation
Neighborhood block party at local park,Social Life
Dinner reservation at local restaurant,Food
Levi's fashion accessories,Apparel
Fee for professional certification course,Education
Allowance for weekend activities,Allowance
Self-development workshop registration,Education
Kiehl's face cleanser,Beauty
Christmas present for colleague,Gift
Pet health checkup at Petco,Pet
Monthly utility payment for townhouse,Household
Uber fare for daily work commute,Transportation
Friends' night out at local club,Social Life
Healthy snacks from local market,Food
Tommy Hilfiger fashion wear,Apparel
Course registration fee for online learning,Education
Allowance for weekend fun,Allowance
Career growth seminar registration,Education
Neutrogena face wash,Beauty
Gift for friend's housewarming party,Gift
Pet leash from PetSmart,Pet
Monthly utility bill for apartment,Household
Daily tram fare for work commute,Transportation
Friends' night out at local club,Social Life
Healthy food from local deli,Food
Ralph Lauren casual wear,Apparel
Fee for professional certification course,Education
Allowance for tech gadgets,Allowance
Self-development workshop registration,Education
Dove face cream,Beauty
Gift for parent's anniversary,Gift
Pet leash from Petco,Pet
Monthly utility payment for apartment,Household
Daily tram fare for work commute,Transportation
Neighborhood barbecue at local park,Social Life
Dinner reservation at family diner,Food
Nike athletic wear,Apparel
Fee for online learning platform,Education
Allowance for daily needs,Allowance
Inspirational podcast subscription,Education
Clarins face moisturizer,Beauty
Gift for friend's wedding,Gift
Pet grooming set from Chewy,Pet
Monthly utility bill for condo,Household
Taxi fare for night out with friends,Transportation
Office social event at local restaurant,Social Life
Lunch from local deli,Food
Columbia winter collection,Apparel
Fee for academic conference registration,Education
Allowance for weekend activities,Allowance
Self-awareness seminar registration,Education
Burt's Bees face lotion,Beauty
Gift for sister's housewarming,Gift
Pet leash from Amazon,Pet
Monthly utility payment for townhouse,Household
Daily tram ride fare for work commute,Transportation
Community dinner party at local park,Social Life
Dinner at family restaurant,Food
Gap fashion wear,Apparel
Fee for online learning platform,Education
Allowance for new clothes,Allowance
Mindfulness meditation workshop registration,Education
Cetaphil face cleanser,Beauty
Gift card for niece's birthday,Gift
Pet leash from Petco,Pet
Monthly rent payment for loft apartment,Household
Uber fare for weekend outing with friends,Transportation
Friends' gathering at local café,Social Life
Lunch at local diner,Food
Puma casual wear,Apparel
Fee for academic course registration,Education
Allowance for daily needs,Allowance
Inspirational podcast subscription,Education
Nivea face moisturizer,Beauty
Gift for colleague's promotion,Gift
Pet grooming set from Chewy,Pet
Monthly utility bill payment for apartment,Household
Train fare for business travel,Transportation
Neighborhood block party at local park,Social Life
Dinner reservation at local restaurant,Food
Levi's fashion accessories,Apparel
Fee for professional certification course,Education
Allowance for weekend activities,Allowance
Self-development workshop registration,Education
Kiehl's face cleanser,Beauty
Christmas present for colleague,Gift
Pet health checkup at Petco,Pet
Monthly utility payment for townhouse,Household
Uber fare for daily work commute,Transportation
Friends' night out at local club,Social Life
Healthy snacks from local market,Food
Tommy Hilfiger fashion wear,Apparel
Course registration fee for online learning,Education
Allowance for weekend fun,Allowance
Career growth seminar registration,Education
Neutrogena face wash,Beauty
Gift for friend's housewarming party,Gift
Pet leash from PetSmart,Pet
Monthly utility bill for apartment,Household
Daily tram fare for work commute,Transportation
Friends' night out at local club,Social Life
Healthy food from local deli,Food
Ralph Lauren casual wear,Apparel
Fee for professional certification course,Education
Allowance for tech gadgets,Allowance
Self-development workshop registration,Education
Dove face cream,Beauty
Gift for parent's anniversary,Gift
Pet leash from Petco,Pet
Monthly utility payment for apartment,Household
Daily tram fare for work commute,Transportation
Neighborhood barbecue at local park,Social Life
Dinner reservation at family diner,Food
Nike athletic wear,Apparel
Fee for online learning platform,Education
Allowance for daily needs,Allowance
Inspirational podcast subscription,Education
Clarins face moisturizer,Beauty
Gift for friend's wedding,Gift
Pet grooming set from Chewy,Pet
Monthly utility bill for condo,Household
Taxi fare for night out with friends,Transportation
Office social event at local restaurant,Social Life
Lunch from local deli,Food
Columbia winter collection,Apparel
Fee for academic conference registration,Education
Allowance for weekend activities,Allowance
Self-awareness seminar registration,Education
Burt's Bees face lotion,Beauty
Gift for sister's housewarming,Gift
Pet leash from Amazon,Pet
Monthly utility payment for townhouse,Household
Daily tram ride fare for work commute,Transportation
Community dinner party at local park,Social Life
Dinner at family restaurant,Food
Gap fashion wear,Apparel
Fee for online learning platform,Education
Allowance for new clothes,Allowance
Mindfulness meditation workshop registration,Education
Cetaphil face cleanser,Beauty
Gift card for niece's birthday,Gift
Pet leash from Petco,Pet
Monthly rent payment for loft apartment,Household
Uber fare for weekend outing with friends,Transportation
Friends' gathering at local café,Social Life
Lunch at local diner,Food
Puma casual wear,Apparel
Fee for academic course registration,Education
Allowance for daily needs,Allowance
Inspirational podcast subscription,Education
Nivea face moisturizer,Beauty
Gift for colleague's promotion,Gift
Pet grooming set from Chewy,Pet
Monthly utility bill payment for apartment,Household
Train fare for business travel,Transportation
Neighborhood block party at local park,Social Life
Dinner reservation at local restaurant,Food
Levi's fashion accessories,Apparel
Fee for professional certification course,Education
Allowance for weekend activities,Allowance
Self-development workshop registration,Education
Kiehl's face cleanser,Beauty
Christmas present for colleague,Gift
Pet health checkup at Petco,Pet
Monthly utility payment for townhouse,Household
Uber fare for daily work commute,Transportation
Friends' night out at local club,Social Life
Healthy snacks from local market,Food
Tommy Hilfiger fashion wear,Apparel
Course registration fee for online learning,Education
Allowance for weekend fun,Allowance
Career growth seminar registration,Education
Neutrogena face wash,Beauty
Gift for friend's housewarming party,Gift
Pet leash from PetSmart,Pet
Monthly utility bill for apartment,Household
Daily tram fare for work commute,Transportation
Friends' night out at local club,Social Life
Healthy food from local deli,Food
Ralph Lauren casual wear,Apparel
Fee for professional certification course,Education
Allowance for tech gadgets,Allowance
Self-development workshop registration,Education
Dove face cream,Beauty
Gift for parent's anniversary,Gift
Pet leash from Petco,Pet
Monthly utility payment for apartment,Household
Daily tram fare for work commute,Transportation
Neighborhood barbecue at local park,Social Life
Dinner reservation at family diner,Food
Nike athletic wear,Apparel
Fee for online learning platform,Education
Allowance for daily needs,Allowance
Inspirational podcast subscription,Education
Clarins face moisturizer,Beauty
Gift for friend's wedding,Gift
Pet grooming set from Chewy,Pet
Monthly utility bill for condo,Household
Taxi fare for night out with friends,Transportation
Office social event at local restaurant,Social Life
Lunch from local deli,Food
Columbia winter collection,Apparel
Fee for academic conference registration,Education
Allowance for weekend activities,Allowance
Self-awareness seminar registration,Education
Burt's Bees face lotion,Beauty
Gift for sister's housewarming,Gift
Pet leash from Amazon,Pet
Monthly utility payment for townhouse,Household
Daily tram ride fare for work commute,Transportation
Community dinner party at local park,Social Life
Dinner at family restaurant,Food
Gap fashion wear,Apparel
Fee for online learning platform,Education
Allowance for new clothes,Allowance
Mindfulness meditation workshop registration,Education
Cetaphil face cleanser,Beauty
Gift card for niece's birthday,Gift
Pet leash from Petco,Pet
Monthly rent payment for loft apartment,Household
Uber fare for weekend outing with friends,Transportation
Friends' gathering at local café,Social Life
Lunch at local diner,Food
Puma casual wear,Apparel
Fee for academic course registration,Education
Allowance for daily needs,Allowance
Inspirational podcast subscription,Education
Nivea face moisturizer,Beauty
Gift for colleague's promotion,Gift
Pet grooming set from Chewy,Pet
Monthly utility bill payment for apartment,Household
Train fare for business travel,Transportation
Neighborhood block party at local park,Social Life
Dinner reservation at local restaurant,Food
Levi's fashion accessories,Apparel
Fee for professional certification course,Education
Allowance for weekend activities,Allowance
Self-development workshop registration,Education
Kiehl's face cleanser,Beauty
Christmas present for colleague,Gift
Pet health checkup at Petco,Pet
Monthly utility payment for townhouse,Household
Uber fare for daily work commute,Transportation
Friends' night out at local club,Social Life
Healthy snacks from local market,Food
Tommy Hilfiger fashion wear,Apparel
Course registration fee for online learning,Education
Allowance for weekend fun,Allowance
Career growth seminar registration,Education
Neutrogena face wash,Beauty
Gift for friend's housewarming party,Gift
Pet leash from PetSmart,Pet
Monthly utility bill for apartment,Household
Daily tram fare for work commute,Transportation
Friends' night out at local club,Social Life
Healthy food from local deli,Food
Ralph Lauren casual wear,Apparel
Fee for professional certification course,Education
Allowance for tech gadgets,Allowance
Self-development workshop registration,Education
Dove face cream,Beauty
Gift for parent's anniversary,Gift
Pet leash from Petco,Pet
Monthly utility payment for apartment,Household
Daily tram fare for work commute,Transportation
Neighborhood barbecue at local park,Social Life
Dinner reservation at family diner,Food
Nike athletic wear,Apparel
Fee for online learning platform,Education
Allowance for daily needs,Allowance
Inspirational podcast subscription,Education
Clarins face moisturizer,Beauty
Gift for friend's wedding,Gift
Pet grooming set from Chewy,Pet
Monthly utility bill for condo,Household
Taxi fare for night out with friends,Transportation
Office social event at local restaurant,Social Life
Lunch from local deli,Food
Columbia winter collection,Apparel
Fee for academic conference registration,Education
Allowance for weekend activities,Allowance
Self-awareness seminar registration,Education
Burt's Bees face lotion,Beauty
Gift for sister's housewarming,Gift
Pet leash from Amazon,Pet
Monthly utility payment for townhouse,Household
Daily tram ride fare for work commute,Transportation
Electric bill from PG&E,Household
Movie tickets for Avengers,Entertainment
Monthly gym membership at Planet Fitness,Health
Uber fare to art gallery,Transportation
Dinner at Gordon Ramsay's Hell's Kitchen,Food
Grocery shopping at Aldi,Food
iPhone 13 Pro Max,Other
Dinner at The French Laundry,Food
Weekend getaway to Napa Valley,Other
Yoga mat from Lululemon,Apparel
Online subscription to MasterClass,Education
Allowance for video games,Allowance
Motivational book by Tony Robbins,Education
Facial cleanser from Kiehl's,Beauty
Birthday gift for mom,Gift
Vet checkup at Banfield Pet Hospital,Pet
Monthly rent for penthouse,Household
Flight to New York City,Transportation
Brunch at The Ivy,Social Life
Purchase of a Samsung Smart TV,Other
New winter coat from The North Face,Apparel
Graduate school application fee,Education
Weekly allowance from parents,Allowance
Career coaching session,Education
Hair treatment from Aveda,Beauty
Wedding present for colleague,Gift
Pet grooming at Petco,Pet
Water bill for condo,Household
Train fare to downtown,Transportation
Cocktail night at The Alchemist,Social Life
Dinner at Olive Garden,Food
Nike running shoes,Apparel
Tuition for Coursera specialization,Education
Allowance for lunch,Allowance
Public speaking seminar,Education
Body lotion from L'Occitane,Beauty
Anniversary gift for spouse,Gift
Pet insurance from Healthy Paws,Pet
Home renovation costs,Household
Lyft ride to the airport,Transportation
Dinner at Nobu,Food
Fashion accessories from Zara,Apparel
Online course on Udemy,Education
Allowance for daily snacks,Allowance
Mindfulness retreat in Bali,Education
Night cream from Estée Lauder,Beauty
Christmas gift for niece,Gift
Pet food from Blue Buffalo,Pet
Monthly internet bill from Xfinity,Household
Bus fare for daily commute,Transportation
Weekend trip to Yosemite,Other
Dessert at Ghirardelli,Food
Hiking gear from REI,Apparel
Fee for PMP exam,Education
Allowance for weekend outings,Allowance
Life coaching session,Education
Lipstick from MAC,Beauty
New Year gift for neighbor,Gift
Pet bed from Amazon,Pet
Electric bill from Southern California Edison,Household
Taxi fare to conference,Transportation
Family dinner at home,Food
Winter jacket from Columbia,Apparel
Online subscription to Skillshare,Education
Allowance for movie tickets,Allowance
Personal development workshop,Education
Face mask from The Body Shop,Beauty
Housewarming gift for friend,Gift
Pet vitamins from PetSmart,Pet
Monthly rent for apartment,Household
Train ticket to Chicago,Transportation
Night out at Dave & Buster's,Social Life
Dinner at Cheesecake Factory,Food
Gym clothes from Under Armour,Apparel
Fee for GRE test,Education
Allowance for school supplies,Allowance
Inspirational seminar by Brené Brown,Education
Hair conditioner from Dove,Beauty
Birthday gift for brother,Gift
Pet grooming kit from Chewy,Pet
Gas bill for winter,Household
Rental car for road trip,Transportation
Friends' night out at karaoke,Social Life
Brunch at IHOP,Food
Office wear from Banana Republic,Apparel
Course registration fee on edX,Education
Allowance for tech gadgets,Allowance
Self-help book by James Clear,Education
Serum from The Ordinary,Beauty
Graduation present for cousin,Gift
Pet health checkup at VCA,Pet
Monthly cable bill from Spectrum,Household
Commuter train fare,Transportation
Weekend hiking trip,Other
Gourmet chocolate from Godiva,Food
Designer handbag from Gucci,Apparel
Fee for online degree program,Education
Allowance for family activities,Allowance
Webinar on financial literacy,Education
Body wash from Neutrogena,Beauty
Thank you gift for teacher,Gift
Pet leash from Petco,Pet
Home cleaning service,Household
Scooter rental for city tour,Transportation
Office holiday party,Social Life
Healthy meal kit from HelloFresh,Food
Running shoes from Asics,Apparel
Class fee for pottery workshop,Education
Allowance for daily expenses,Allowance
Workshop on leadership skills,Education
Moisturizer from CeraVe,Beauty
Christmas gift for grandma,Gift
Pet grooming session at PetSmart,Pet
Monthly water bill for house,Household
Taxi ride to hotel,Transportation
Birthday party at Chuck E. Cheese's,Social Life
Dinner at Red Lobster,Food
Casual wear from H&M,Apparel
Fee for professional certification,Education
Allowance for extracurricular activities,Allowance
Motivational talk by Simon Sinek,Education
Sunscreen from La Roche-Posay,Beauty
Gift for coworker's baby shower,Gift
Pet food from Royal Canin,Pet
Monthly gas bill for apartment,Household
Ride-sharing fare with Lyft,Transportation
Community festival tickets,Social Life
Lunch at Shake Shack,Food
Dress shoes from Clarks,Apparel
Online subscription to The New York Times,Education
Allowance for weekend adventures,Allowance
Career advancement course on LinkedIn Learning,Education
Face serum from Olay,Beauty
Gift for dad's birthday,Gift
Pet healthcare products from Petco,Pet
Home improvement store bill from Home Depot,Household
Bus fare to work,Transportation
Friends' movie night at AMC,Social Life
Dinner at P.F. Chang's,Food
Outdoor gear from Patagonia,Apparel
Exam fee for CFA certification,Education
Allowance for daily coffee,Allowance
Personal finance class on Coursera,Education
Anti-aging cream from Neutrogena,Beauty
Gift for boss's retirement,Gift
Pet travel carrier from PetSmart,Pet
Monthly mortgage payment,Household
Train fare for daily commute,Transportation
Neighborhood block party,Social Life
Brunch at local café,Food
Formal attire from Brooks Brothers,Apparel
Fee for professional development course,Education
Allowance for gym membership,Allowance
Self-improvement book by Dale Carnegie,Education
Hand cream from Burt's Bees,Beauty
Gift for anniversary,Gift
Pet supplements from Chewy,Pet
Monthly rent for duplex,Household
Electric scooter rental for commute,Transportation
Family picnic at the park,Social Life
Organic groceries from Whole Foods,Food
Fashionable jacket from Zara,Apparel
Registration fee for coding bootcamp,Education
Allowance for hobby supplies,Allowance
Workshop on time management,Education
Hair mask from Pantene,Beauty
Graduation gift for nephew,Gift
Pet grooming appointment at PetSmart,Pet
Home security system bill from ADT,Household
Daily train fare to university,Transportation
Friends' dinner party at home,Social Life
Dinner at The Melting Pot,Food
Designer jeans from Levi's,Apparel
Online course subscription on Lynda,Education
Allowance for school trips,Allowance
Life coaching session with Tony Robbins,Education
Facial oil from The Body Shop,Beauty
New Year's gift for siblings,Gift
Pet care kit from Chewy,Pet
Monthly utility bill from Con Edison,Household
Taxi fare for night out,Transportation
Team-building event at local escape room,Social Life
Lunch at Panera Bread,Food
Winter coat from Canada Goose,Apparel
Tuition fee for online master's degree,Education
Allowance for fitness classes,Allowance
Inspirational workshop by Mel Robbins,Education
Eye cream from L'Oréal,Beauty
Gift card for dad's birthday,Gift
Pet grooming set from PetSmart,Pet
Monthly utility bill from Duke Energy,Household
Ride-hailing fare with Uber,Transportation
Holiday party with colleagues,Social Life
Dinner at Morton’s Steakhouse,Food
Yoga pants from Athleta,Apparel
Fee for professional exam,Education
Allowance for tech subscriptions,Allowance
Motivational book by Rachel Hollis,Education
Face scrub from St. Ives,Beauty
Valentine's Day gift for partner,Gift
Pet vitamins from Petco,Pet
Monthly rent for townhouse,Household
Commuter pass for subway,Transportation
Friends' game night at home,Social Life
Lunch at Subway,Food
Office attire from Ann Taylor,Apparel
Fee for continuing education course,Education
Allowance for weekend getaways,Allowance
Career coaching session on LinkedIn,Education
Body lotion from Aveeno,Beauty
Birthday present for friend,Gift
Pet health insurance from Nationwide,Pet
Home cleaning service fee,Household
Train ticket for weekend trip,Transportation
Family vacation to Disneyland,Other
Gourmet meal from Plated,Food
Running gear from Nike,Apparel
Class fee for dance workshop,Education
Allowance for lunch breaks,Allowance
Personal growth seminar by Oprah Winfrey,Education
Serum from Drunk Elephant,Beauty
Holiday gift for coworkers,Gift
Pet grooming tools from Chewy,Pet
Monthly electric bill from PG&E,Household
Bus fare for commute,Transportation
Friends' potluck dinner,Social Life
Dinner at Outback Steakhouse,Food
Dress from Forever 21,Apparel
Registration fee for yoga teacher training,Education
Allowance for weekend activities,Allowance
Inspirational talk by Gary Vaynerchuk,Education
Face cream from Clinique,Beauty
Housewarming present for neighbor,Gift
Pet supplies from Petco,Pet
Monthly utility bill from Southern California Edison,Household
Lyft ride to concert,Transportation
Office happy hour,Social Life
Lunch at The Cheesecake Factory,Food
Fashion accessories from Zara,Apparel
Online course subscription to MasterClass,Education
Allowance for gym membership,Allowance
Self-help book by Brené Brown,Education
Hair treatment from Aveda,Beauty
Wedding gift for colleague,Gift
Pet grooming at PetSmart,Pet
Water bill for condo,Household
Train fare to downtown,Transportation
Cocktail night at The Alchemist,Social Life
Dinner at Olive Garden,Food
Nike running shoes,Apparel
Tuition for Coursera specialization,Education
Allowance for lunch,Allowance
Public speaking seminar,Education
Body lotion from L'Occitane,Beauty
Anniversary gift for spouse,Gift
Pet insurance from Healthy Paws,Pet
Home renovation costs,Household
Lyft ride to the airport,Transportation
Dinner at Nobu,Food
Fashion accessories from Zara,Apparel
Online course on Udemy,Education
Allowance for daily snacks,Allowance
Mindfulness retreat in Bali,Education
Night cream from Estée Lauder,Beauty
Christmas gift for niece,Gift
Pet food from Blue Buffalo,Pet
Monthly internet bill from Xfinity,Household
Bus fare for daily commute,Transportation
Weekend trip to Yosemite,Other
Dessert at Ghirardelli,Food
Hiking gear from REI,Apparel
Fee for PMP exam,Education
Allowance for weekend outings,Allowance
Life coaching session,Education
Lipstick from MAC,Beauty
New Year gift for neighbor,Gift
Pet bed from Amazon,Pet
Electric bill from Southern California Edison,Household
Taxi fare to conference,Transportation
Family dinner at home,Food
Winter jacket from Columbia,Apparel
Online subscription to Skillshare,Education
Allowance for movie tickets,Allowance
Personal development workshop,Education
Face mask from The Body Shop,Beauty
Housewarming gift for friend,Gift
Pet vitamins from PetSmart,Pet
Monthly rent for apartment,Household
Train ticket to Chicago,Transportation
Night out at Dave & Buster's,Social Life
Dinner at Cheesecake Factory,Food
Gym clothes from Under Armour,Apparel
Fee for GRE test,Education
Allowance for school supplies,Allowance
Inspirational seminar by Brené Brown,Education
Hair conditioner from Dove,Beauty
Birthday gift for brother,Gift
Pet grooming kit from Chewy,Pet
Gas bill for winter,Household
Rental car for road trip,Transportation
Friends' night out at karaoke,Social Life
Brunch at IHOP,Food
Office wear from Banana Republic,Apparel
Course registration fee on edX,Education
Allowance for tech gadgets,Allowance
Self-help book by James Clear,Education
Serum from The Ordinary,Beauty
Graduation present for cousin,Gift
Pet health checkup at VCA,Pet
Monthly cable bill from Spectrum,Household
Commuter train fare,Transportation
Weekend hiking trip,Other
Gourmet chocolate from Godiva,Food
Designer handbag from Gucci,Apparel
Fee for online degree program,Education
Allowance for family activities,Allowance
Webinar on financial literacy,Education
Body wash from Neutrogena,Beauty
Thank you gift for teacher,Gift
Pet leash from Petco,Pet
Home cleaning service,Household
Scooter rental for city tour,Transportation
Office holiday party,Social Life
Healthy meal kit from HelloFresh,Food
Running shoes from Asics,Apparel
Class fee for pottery workshop,Education
Allowance for daily expenses,Allowance
Workshop on leadership skills,Education
Moisturizer from CeraVe,Beauty
Christmas gift for grandma,Gift
Pet grooming session at PetSmart,Pet
Monthly water bill for house,Household
Taxi ride to hotel,Transportation
Birthday party at Chuck E. Cheese's,Social Life
Dinner at Red Lobster,Food
Casual wear from H&M,Apparel
Fee for professional certification,Education
Allowance for extracurricular activities,Allowance
Motivational talk by Simon Sinek,Education
Sunscreen from La Roche-Posay,Beauty
Gift for coworker's baby shower,Gift
Pet food from Royal Canin,Pet
Monthly gas bill for apartment,Household
Ride-sharing fare with Lyft,Transportation
Community festival tickets,Social Life
Lunch at Shake Shack,Food
Dress shoes from Clarks,Apparel
Online subscription to The New York Times,Education
Allowance for weekend adventures,Allowance
Career advancement course on LinkedIn Learning,Education
Face serum from Olay,Beauty
Gift for dad's birthday,Gift
Pet healthcare products from Petco,Pet
Home improvement store bill from Home Depot,Household
Bus fare to work,Transportation
Friends' movie night at AMC,Social Life
Dinner at P.F. Chang's,Food
Outdoor gear from Patagonia,Apparel
Exam fee for CFA certification,Education
Allowance for daily coffee,Allowance
Personal finance class on Coursera,Education
Anti-aging cream from Neutrogena,Beauty
Gift for boss's retirement,Gift
Pet travel carrier from PetSmart,Pet
Monthly mortgage payment,Household
Train fare for daily commute,Transportation
Neighborhood block party,Social Life
Brunch at local café,Food
Formal attire from Brooks Brothers,Apparel
Fee for professional development course,Education
Allowance for gym membership,Allowance
Self-improvement book by Dale Carnegie,Education
Hand cream from Burt's Bees,Beauty
Gift for anniversary,Gift
Pet supplements from Chewy,Pet
Monthly rent for duplex,Household
Electric scooter rental for commute,Transportation
Family picnic at the park,Social Life
Organic groceries from Whole Foods,Food
Fashionable jacket from Zara,Apparel
Registration fee for coding bootcamp,Education
Allowance for hobby supplies,Allowance
Workshop on time management,Education
Hair mask from Pantene,Beauty
Graduation gift for nephew,Gift
Pet grooming appointment at PetSmart,Pet
Home security system bill from ADT,Household
Daily train fare to university,Transportation
Friends' dinner party at home,Social Life
Dinner at The Melting Pot,Food
Designer jeans from Levi's,Apparel
Online course subscription on Lynda,Education
Allowance for school trips,Allowance
Life coaching session with Tony Robbins,Education
Facial oil from The Body Shop,Beauty
New Year's gift for siblings,Gift
Pet care kit from Chewy,Pet
Monthly utility bill from Con Edison,Household
Monthly rent for luxury loft,Household
Sushi dinner at Nobu,Food
Netflix Premium subscription,Entertainment
Uber fare to city center,Transportation
Yoga class at CorePower Yoga,Health
Grocery run to Whole Foods,Food
Purchase of iPhone 14 Pro,Other
Weekend stay at Four Seasons,Other
Apple Watch Series 7,Apparel
Online MBA tuition,Education
Weekly pocket money from grandparents,Allowance
Tony Robbins motivational book,Education
Night cream from Estée Lauder,Beauty
Christmas gift for mom,Gift
Vet visit at Banfield,Pet
Monthly electric bill from PG&E,Household
Train fare to office,Transportation
Lunch at Cheesecake Factory,Food
Purchase of Sony 4K TV,Other
Winter boots from The North Face,Apparel
GRE exam fee,Education
Allowance for online gaming,Allowance
Leadership seminar by John Maxwell,Education
Hair treatment from Aveda,Beauty
Anniversary gift for wife,Gift
Pet grooming at PetSmart,Pet
Monthly water bill for apartment,Household
Lyft ride to airport,Transportation
Brunch at The Ivy,Social Life
Grocery shopping at Trader Joe's,Food
Levi's jeans purchase,Apparel
Enrollment for online coding bootcamp,Education
Allowance for school activities,Allowance
Time management workshop,Education
Face mask from The Body Shop,Beauty
Birthday gift for dad,Gift
Pet food from Blue Buffalo,Pet
Gas bill from Southern California Gas Company,Household
Daily bus fare,Transportation
Dinner at Red Lobster,Food
Casual shoes from Vans,Apparel
SAT registration fee,Education
Allowance for weekend outings,Allowance
Inspirational talk by Brené Brown,Education
Lip balm from Burt's Bees,Beauty
Graduation gift for sister,Gift
Pet grooming kit from Chewy,Pet
Monthly rent for penthouse,Household
Car rental for road trip,Transportation
Friends' night out at karaoke bar,Social Life
Organic meal from Blue Apron,Food
Athletic wear from Under Armour,Apparel
Tuition for Harvard online course,Education
Allowance for tech gadgets,Allowance
Personal finance course on Coursera,Education
Anti-aging serum from L'Oréal,Beauty
Valentine's Day gift for partner,Gift
Pet health checkup at VCA,Pet
Monthly cable bill from Spectrum,Household
Daily commute on BART,Transportation
Lunch with colleagues at Olive Garden,Social Life
Healthy snacks from Sprouts,Food
Designer dress from Gucci,Apparel
Online course fee for edX,Education
Allowance for movie tickets,Allowance
Motivational seminar by Mel Robbins,Education
Hair conditioner from Pantene,Beauty
Holiday gift for team,Gift
Pet supplies from Petco,Pet
Monthly utility bill from Con Edison,Household
Train ticket to New York,Transportation
Family dinner at The Melting Pot,Social Life
Dinner at Outback Steakhouse,Food
Jacket from Patagonia,Apparel
Tuition fee for online certification,Education
Allowance for fitness classes,Allowance
Career coaching session with LinkedIn,Education
Facial scrub from St. Ives,Beauty
New Year gift for neighbor,Gift
Pet vitamins from PetSmart,Pet
Monthly water bill for house,Household
Ride-sharing fare with Lyft,Transportation
Office holiday party,Social Life
Lunch at Chipotle,Food
Casual wear from H&M,Apparel
Registration fee for PMP certification,Education
Allowance for extracurricular activities,Allowance
Life coaching session with Tony Robbins,Education
Body wash from Dove,Beauty
Housewarming gift for friend,Gift
Pet bed from Amazon,Pet
Monthly rent for downtown condo,Household
Taxi fare to airport,Transportation
Dinner at P.F. Chang's,Food
Workout gear from Lululemon,Apparel
Exam fee for CPA,Education
Allowance for daily coffee,Allowance
Public speaking course on Udemy,Education
Moisturizer from CeraVe,Beauty
Gift for boss's retirement,Gift
Pet travel carrier from PetSmart,Pet
Monthly mortgage payment,Household
Bus fare for daily commute,Transportation
Community festival tickets,Social Life
Dinner at Gordon Ramsay Steak,Food
Formal attire from Brooks Brothers,Apparel
Tuition for online MBA program,Education
Allowance for weekend adventures,Allowance
Inspirational workshop by Simon Sinek,Education
Face cream from Clinique,Beauty
Thank you gift for teacher,Gift
Pet grooming set from Chewy,Pet
Monthly electric bill from Southern California Edison,Household
Taxi ride to conference,Transportation
Weekend getaway to Napa Valley,Other
Healthy meal delivery from HelloFresh,Food
Running shoes from Asics,Apparel
Class fee for pottery workshop,Education
Allowance for tech subscriptions,Allowance
Motivational book by Rachel Hollis,Education
Night cream from Estée Lauder,Beauty
Christmas gift for dad,Gift
Pet grooming at PetSmart,Pet
Monthly water bill for condo,Household
Train fare to city center,Transportation
Brunch at The French Laundry,Social Life
Dinner at The Cheesecake Factory,Food
Winter boots from Timberland,Apparel
Fee for professional certification,Education
Allowance for daily expenses,Allowance
Self-improvement book by Dale Carnegie,Education
Facial oil from The Ordinary,Beauty
Birthday present for boyfriend,Gift
Pet healthcare products from Petco,Pet
Monthly rent for loft apartment,Household
Lyft ride to city center,Transportation
Office happy hour at local bar,Social Life
Gourmet meal from Plated,Food
Designer handbag from Michael Kors,Apparel
Tuition for data science course,Education
Allowance for school supplies,Allowance
Personal growth seminar by Oprah Winfrey,Education
Body lotion from Aveeno,Beauty
Housewarming present for neighbor,Gift
Pet leash from PetSmart,Pet
Monthly utility bill from Duke Energy,Household
Daily bus fare for commute,Transportation
Team-building event at escape room,Social Life
Dinner at Red Lobster,Food
Fashion accessories from Zara,Apparel
Fee for online learning subscription,Education
Allowance for weekend activities,Allowance
Inspirational talk by Gary Vaynerchuk,Education
Face mask from The Body Shop,Beauty
Graduation gift for cousin,Gift
Pet grooming kit from Chewy,Pet
Monthly utility bill from Con Edison,Household
Train ticket for weekend trip,Transportation
Friends' movie night at AMC,Social Life
Dinner at Ruth's Chris Steak House,Food
Hiking boots from Columbia,Apparel
Tuition fee for summer school,Education
Allowance for family outings,Allowance
Career advancement webinar by LinkedIn,Education
Hair serum from Pantene,Beauty
Christmas gift for uncle,Gift
Pet health supplements from Petco,Pet
Monthly rent for townhouse,Household
Uber fare for daily commute,Transportation
Birthday celebration at Chuck E. Cheese's,Social Life
Lunch at Panera Bread,Food
Winter jacket from The North Face,Apparel
Registration fee for online certification,Education
Allowance for gym membership,Allowance
Self-help seminar by Tony Robbins,Education
Facial scrub from St. Ives,Beauty
Anniversary gift for parents,Gift
Pet travel crate from Amazon,Pet
Monthly utility bill from PG&E,Household
Daily commute on metro,Transportation
Weekend getaway to Lake Tahoe,Other
Healthy meal from Sweetgreen,Food
Yoga wear from Athleta,Apparel
Online course subscription to MasterClass,Education
Allowance for daily snacks,Allowance
Mindfulness retreat by Deepak Chopra,Education
Body wash from Nivea,Beauty
New Year's gift for siblings,Gift
Pet food from Royal Canin,Pet
Monthly utility bill from Southern California Edison,Household
Taxi fare for weekend outing,Transportation
Office holiday party at Hilton,Social Life
Gourmet food from Trader Joe's,Food
Casual wear from H&M,Apparel
Tuition fee for online master's program,Education
Allowance for tech gadgets,Allowance
Public speaking course by Toastmasters,Education
Night cream from Olay,Beauty
Gift for dad's birthday,Gift
Pet health checkup at Banfield,Pet
Monthly cable bill from Comcast,Household
Train fare for business travel,Transportation
Dinner with friends at P.F. Chang's,Social Life
Brunch at IHOP,Food
Running gear from Nike,Apparel
Fee for Coursera specialization,Education
Allowance for daily coffee,Allowance
Personal finance course on edX,Education
Anti-aging serum from Clinique,Beauty
Valentine's Day gift for girlfriend,Gift
Pet grooming set from Petco,Pet
Monthly mortgage payment,Household
Daily bus fare to work,Transportation
Friends' dinner at The Melting Pot,Social Life
Dinner at Olive Garden,Food
Fashionable jacket from Zara,Apparel
Online degree program tuition,Education
Allowance for weekend travels,Allowance
Career growth workshop by Brian Tracy,Education
Facial oil from The Ordinary,Beauty
Thank you gift for neighbor,Gift
Pet health products from Chewy,Pet
Monthly rent for duplex,Household
Lyft ride to work,Transportation
Office happy hour at The Ritz,Social Life
Healthy meal kit from Blue Apron,Food
Designer dress from Calvin Klein,Apparel
Registration fee for GRE exam,Education
Allowance for hobby supplies,Allowance
Time management workshop by David Allen,Education
Body lotion from CeraVe,Beauty
Gift for sister's wedding,Gift
Pet grooming appointment at PetSmart,Pet
Monthly utility bill from Con Edison,Household
Taxi fare to city center,Transportation
Weekend hiking trip with friends,Other
Brunch at The Ivy,Social Life
Dinner at Cheesecake Factory,Food
Winter coat from Canada Goose,Apparel
Tuition fee for coding bootcamp,Education
Allowance for daily expenses,Allowance
Motivational talk by Mel Robbins,Education
Lip balm from Burt's Bees,Beauty
Graduation gift for brother,Gift
Pet vitamins from Petco,Pet
Monthly electric bill from Southern California Edison,Household
Daily commute on subway,Transportation
Friends' night out at local pub,Social Life
Gourmet meal from Plated,Food
Athletic wear from Under Armour,Apparel
Tuition fee for online MBA,Education
Allowance for tech gadgets,Allowance
Personal growth seminar by Oprah Winfrey,Education
Facial scrub from St. Ives,Beauty
Birthday present for friend,Gift
Pet grooming kit from Chewy,Pet
Monthly water bill for house,Household
Ride-hailing fare with Lyft,Transportation
Dinner at Ruth's Chris Steak House,Social Life
Brunch at The French Laundry,Food
Yoga pants from Lululemon,Apparel
Registration fee for PMP exam,Education
Allowance for gym membership,Allowance
Self-help book by Dale Carnegie,Education
Face cream from Clinique,Beauty
Holiday gift for boss,Gift
Pet bed from Amazon,Pet
Monthly rent for downtown apartment,Household
Train ticket to Chicago,Transportation
Friends' night out at karaoke,Social Life
Dinner at P.F. Chang's,Food
Winter boots from Timberland,Apparel
Online course fee for Udacity,Education
Allowance for weekend activities,Allowance
Career coaching session by LinkedIn,Education
Anti-aging cream from Olay,Beauty
Thank you gift for teacher,Gift
Pet health checkup at VCA,Pet
Monthly utility bill from PG&E,Household
Daily bus fare to university,Transportation
Team-building event at escape room,Social Life
Lunch at Chipotle,Food
Formal wear from Brooks Brothers,Apparel
Tuition fee for online certification,Education
Allowance for school supplies,Allowance
Inspirational workshop by Brené Brown,Education
Moisturizer from Aveeno,Beauty
Anniversary gift for parents,Gift
Pet care products from PetSmart,Pet
Monthly utility bill from Duke Energy,Household
Taxi fare for night out,Transportation
Family dinner at The Melting Pot,Social Life
Dinner at The Cheesecake Factory,Food
Running shoes from Asics,Apparel
Tuition fee for online degree,Education
Allowance for weekend getaways,Allowance
Public speaking course by Toastmasters,Education
Body lotion from Nivea,Beauty
Valentine's Day gift for partner,Gift
Pet food from Blue Buffalo,Pet
Monthly electric bill from Southern California Edison,Household
Daily commute on metro,Transportation
Friends' dinner at Ruth's Chris,Social Life
Healthy snacks from Whole Foods,Food
Designer jeans from Levi's,Apparel
Exam fee for CFA certification,Education
Allowance for fitness classes,Allowance
Mindfulness retreat by Deepak Chopra,Education
Facial oil from The Body Shop,Beauty
New Year's gift for boss,Gift
Pet grooming set from Petco,Pet
Monthly mortgage payment,Household
Bus fare for daily commute,Transportation
Dinner at The French Laundry,Social Life
Lunch at Sweetgreen,Food
Casual wear from H&M,Apparel
Registration fee for online certification,Education
Allowance for tech gadgets,Allowance
Self-improvement seminar by Tony Robbins,Education
Face mask from The Ordinary,Beauty
Graduation gift for cousin,Gift
Pet vitamins from Petco,Pet
Monthly rent for townhouse,Household
Uber fare for daily commute,Transportation
Weekend getaway to Lake Tahoe,Other
Brunch at local café,Social Life
Dinner at Olive Garden,Food
Workout gear from Lululemon,Apparel
Tuition fee for online master's program,Education
Allowance for school activities,Allowance
Career growth workshop by Brian Tracy,Education
Facial scrub from Clinique,Beauty
Christmas gift for uncle,Gift
Pet grooming kit from Chewy,Pet
Monthly utility bill from Con Edison,Household
Lyft ride to work,Transportation
Office happy hour at local bar,Social Life
Healthy meal kit from Blue Apron,Food
Designer handbag from Michael Kors,Apparel
Tuition fee for coding bootcamp,Education
Allowance for hobby supplies,Allowance
Career advancement seminar by LinkedIn,Education
Body lotion from Aveeno,Beauty
Gift for sister's birthday,Gift
Pet health checkup at Banfield,Pet
Monthly utility bill from PG&E,Household
Daily commute on subway,Transportation
Dinner with friends at P.F. Chang's,Social Life
Lunch at Panera Bread,Food
Winter jacket from The North Face,Apparel
Registration fee for GRE exam,Education
Allowance for weekend activities,Allowance
Motivational talk by Mel Robbins,Education
Lip balm from Burt's Bees,Beauty
Holiday gift for team,Gift
Pet supplies from Petco,Pet
Monthly water bill for house,Household
Ride-hailing fare with Uber,Transportation
Friends' night out at local pub,Social Life
Gourmet meal from Plated,Food
Casual wear from Zara,Apparel
Tuition fee for online MBA,Education
Allowance for tech subscriptions,Allowance
Personal growth seminar by Oprah Winfrey,Education
Night cream from Estée Lauder,Beauty
Birthday present for mom,Gift
Pet grooming set from Chewy,Pet
Monthly utility bill from Duke Energy,Household
Taxi fare to city center,Transportation
Family dinner at home,Social Life
Dinner at The Cheesecake Factory,Food
Winter boots from Timberland,Apparel
Online course subscription to Coursera,Education
Allowance for gym membership,Allowance
Self-help book by Dale Carnegie,Education
Face mask from The Body Shop,Beauty
Gift for dad's birthday,Gift
Pet health checkup at VCA,Pet
Monthly rent for duplex,Household
Train ticket to New York,Transportation
Office holiday party at Hilton,Social Life
Lunch at Chipotle,Food
Athletic wear from Under Armour,Apparel
Registration fee for PMP certification,Education
Allowance for hobby activities,Allowance
Inspirational workshop by Simon Sinek,Education
Face cream from Clinique,Beauty
New Year's gift for neighbor,Gift
Pet vitamins from Petco,Pet
Monthly utility bill from Southern California Edison,Household
Daily bus fare for commute,Transportation
Brunch at The Ivy,Social Life
Dinner at Ruth's Chris Steak House,Food
Yoga pants from Lululemon,Apparel
Tuition fee for online degree program,Education
Allowance for weekend activities,Allowance
Motivational seminar by Brené Brown,Education
Facial oil from The Ordinary,Beauty
Christmas gift for siblings,Gift
Pet grooming set from Petco,Pet
Monthly mortgage payment,Household
Ride-hailing fare with Lyft,Transportation
Dinner at Outback Steakhouse,Social Life
Lunch at Sweetgreen,Food
Running shoes from Asics,Apparel
Fee for professional certification,Education
Allowance for daily coffee,Allowance
Public speaking course by Toastmasters,Education
Body lotion from CeraVe,Beauty
Birthday present for friend,Gift
Pet food from Royal Canin,Pet
Monthly rent for downtown apartment,Household
Daily train fare to work,Transportation
Friends' night out at local bar,Social Life
Healthy snacks from Whole Foods,Food
Designer dress from Gucci,Apparel
Registration fee for CFA exam,Education
Allowance for weekend travels,Allowance
Mindfulness retreat by Deepak Chopra,Education
Facial scrub from St. Ives,Beauty
Graduation gift for niece,Gift
Pet grooming set from Chewy,Pet
Monthly utility bill from Con Edison,Household
Lyft ride to work,Transportation
Office happy hour at local pub,Social Life
Dinner at The French Laundry,Food
Winter jacket from Columbia,Apparel
Tuition fee for online certification,Education
Allowance for weekend getaways,Allowance
Career growth workshop by Brian Tracy,Education
Anti-aging serum from L'Oréal,Beauty
Thank you gift for teacher,Gift
Pet grooming appointment at PetSmart,Pet
Monthly rent for townhouse,Household
Daily bus fare for university,Transportation
Friends' dinner party at home,Social Life
Lunch at Panera Bread,Food
Yoga wear from Athleta,Apparel
Online course fee for Udacity,Education
Allowance for hobby supplies,Allowance
Time management workshop by David Allen,Education
Face cream from Aveeno,Beauty
Anniversary gift for parents,Gift
Pet travel crate from Amazon,Pet
Monthly utility bill from PG&E,Household
Train ticket to Boston,Transportation
Weekend getaway to Napa Valley,Other
Healthy meal delivery from HelloFresh,Food
Workout gear from Lululemon,Apparel
Tuition fee for online degree,Education
Allowance for school supplies,Allowance
Personal development course by Dale Carnegie,Education
Moisturizer from CeraVe,Beauty
Birthday gift for boss,Gift
Pet care kit from Petco,Pet
Monthly utility bill from Duke Energy,Household
Taxi fare to office,Transportation
Friends' night out at karaoke,Social Life
Brunch at IHOP,Food
Casual wear from H&M,Apparel
Fee for professional certification,Education
Allowance for fitness classes,Allowance
Motivational book by Mel Robbins,Education
Lip balm from Burt's Bees,Beauty
Gift for dad's birthday,Gift
Pet vitamins from Chewy,Pet
Monthly water bill for apartment,Household
Daily train fare for commute,Transportation
Family dinner at The Melting Pot,Social Life
Dinner at The Cheesecake Factory,Food
Winter coat from Canada Goose,Apparel
Tuition fee for coding bootcamp,Education
Allowance for gym membership,Allowance
Self-help book by Tony Robbins,Education
Face mask from The Body Shop,Beauty
Housewarming gift for colleague,Gift
Pet grooming set from Petco,Pet
Monthly electric bill from PG&E,Household
Train fare for business trip,Transportation
Friends' night out at local club,Social Life
Dinner at Outback Steakhouse,Food
Designer handbag from Michael Kors,Apparel
Online degree program tuition,Education
Allowance for weekend activities,Allowance
Inspirational seminar by Simon Sinek,Education
Anti-aging cream from Olay,Beauty
Valentine's Day gift for girlfriend,Gift
Pet health checkup at Banfield,Pet
Monthly cable bill from Spectrum,Household
Daily bus fare for work,Transportation
Friends' dinner at Ruth's Chris,Social Life
Gourmet meal from Plated,Food
Casual wear from Zara,Apparel
Tuition fee for online MBA,Education
Allowance for tech subscriptions,Allowance
Motivational seminar by Brené Brown,Education
Facial oil from The Ordinary,Beauty
Christmas gift for siblings,Gift
Pet grooming set from Chewy,Pet
Monthly mortgage payment,Household
Ride-hailing fare with Uber,Transportation
Dinner at Ruth's Chris Steak House,Social Life
Lunch at Sweetgreen,Food
Running shoes from Asics,Apparel
Registration fee for online certification,Education
Allowance for daily coffee,Allowance
Public speaking course by Toastmasters,Education
Body lotion from CeraVe,Beauty
Birthday present for friend,Gift
Pet food from Blue Buffalo,Pet
Monthly rent for townhouse,Household
Daily train fare to work,Transportation
Friends' night out at local bar,Social Life
Healthy snacks from Whole Foods,Food
Designer jeans from Levi's,Apparel
Fee for CFA exam,Education
Allowance for weekend activities,Allowance
Career advancement workshop by LinkedIn,Education
Facial scrub from St. Ives,Beauty
Graduation gift for niece,Gift
Pet grooming set from Petco,Pet
Monthly utility bill from Con Edison,Household
Lyft ride to work,Transportation
Office happy hour at local pub,Social Life
Healthy meal kit from Blue Apron,Food
Yoga pants from Lululemon,Apparel
Tuition fee for online master's program,Education
Allowance for school activities,Allowance
Personal growth seminar by Oprah Winfrey,Education
Night cream from Estée Lauder,Beauty
Gift for dad's birthday,Gift
Pet health checkup at Banfield,Pet
Monthly utility bill from Southern California Edison,Household
Daily commute on metro,Transportation
Weekend getaway to Lake Tahoe,Other
Brunch at local café,Social Life
Dinner at Olive Garden,Food
Workout gear from Lululemon,Apparel
Tuition fee for online master's program,Education
Allowance for school activities,Allowance
Career growth workshop by Brian Tracy,Education
Facial scrub from Clinique,Beauty
Christmas gift for uncle,Gift
Pet grooming kit from Chewy,Pet
Monthly utility bill from Con Edison,Household
Lyft ride to work,Transportation
Office happy hour at local bar,Social Life
Healthy meal kit from Blue Apron,Food
Designer handbag from Michael Kors,Apparel
Tuition fee for coding bootcamp,Education
Allowance for hobby supplies,Allowance
Career advancement seminar by LinkedIn,Education
Body lotion from Aveeno,Beauty
Gift for sister's birthday,Gift
Pet health checkup at Banfield,Pet
Monthly utility bill from PG&E,Household
Daily commute on subway,Transportation
Dinner with friends at P.F. Chang's,Social Life
Lunch at Panera Bread,Food
Winter jacket from The North Face,Apparel
Registration fee for GRE exam,Education
Allowance for weekend activities,Allowance
Motivational talk by Mel Robbins,Education
Lip balm from Burt's Bees,Beauty
Holiday gift for team,Gift
Pet supplies from Petco,Pet
Monthly water bill for house,Household
Ride-hailing fare with Uber,Transportation
Friends' night out at local pub,Social Life
Gourmet meal from Plated,Food
Casual wear from Zara,Apparel
Tuition fee for online MBA,Education
Allowance for tech subscriptions,Allowance
Personal growth seminar by Oprah Winfrey,Education
Night cream from Estée Lauder,Beauty
Birthday present for mom,Gift
Pet grooming set from Chewy,Pet
Monthly utility bill from Duke Energy,Household
Taxi fare to city center,Transportation
Family dinner at home,Social Life
Dinner at The Cheesecake Factory,Food
Winter boots from Timberland,Apparel
Online course subscription to Coursera,Education
Allowance for gym membership,Allowance
Self-help book by Dale Carnegie,Education
Face mask from The Body Shop,Beauty
Gift for dad's birthday,Gift
Pet health checkup at VCA,Pet
Monthly rent for duplex,Household
Train ticket to New York,Transportation
Office holiday party at Hilton,Social Life
Lunch at Chipotle,Food
Athletic wear from Under Armour,Apparel
Registration fee for PMP certification,Education
Allowance for hobby activities,Allowance
Inspirational workshop by Simon Sinek,Education
Face cream from Clinique,Beauty
New Year's gift for neighbor,Gift
Pet vitamins from Petco,Pet
Monthly utility bill from Southern California Edison,Household
Daily bus fare for commute,Transportation
Brunch at The Ivy,Social Life
Dinner at Ruth's Chris Steak House,Food
Yoga pants from Lululemon,Apparel
Tuition fee for online degree program,Education
Allowance for weekend activities,Allowance
Motivational seminar by Brené Brown,Education
Facial oil from The Ordinary,Beauty
Christmas gift for siblings,Gift
Pet grooming set from Petco,Pet
Monthly mortgage payment,Household
Ride-hailing fare with Lyft,Transportation
Dinner at Ruth's Chris Steak House,Social Life
Lunch at Sweetgreen,Food
Running shoes from Asics,Apparel
Registration fee for online certification,Education
Allowance for daily coffee,Allowance
Public speaking course by Toastmasters,Education
Body lotion from CeraVe,Beauty
Birthday present for friend,Gift
Pet food from Blue Buffalo,Pet
Monthly rent for townhouse,Household
Daily train fare to work,Transportation
Friends' night out at local bar,Social Life
Healthy snacks from Whole Foods,Food
Designer jeans from Levi's,Apparel
Fee for CFA exam,Education
Allowance for weekend activities,Allowance
Career advancement workshop by LinkedIn,Education
Facial scrub from St. Ives,Beauty
Graduation gift for niece,Gift
Pet grooming set from Petco,Pet
Monthly utility bill from Con Edison,Household
Lyft ride to work,Transportation
Office happy hour at local pub,Social Life
Healthy meal kit from Blue Apron,Food
Yoga pants from Lululemon,Apparel
Tuition fee for online master's program,Education
Allowance for school activities,Allowance
Personal growth seminar by Oprah Winfrey,Education
Night cream from Estée Lauder,Beauty
Gift for dad's birthday,Gift
Pet health checkup at Banfield,Pet
Monthly utility bill from Southern California Edison,Household
Daily commute on metro,Transportation
Weekend getaway to Lake Tahoe,Other
Brunch at local café,Social Life
Dinner at Olive Garden,Food
Workout gear from Lululemon,Apparel
Tuition fee for online master's program,Education
Allowance for school activities,Allowance
Career growth workshop by Brian Tracy,Education
Facial scrub from Clinique,Beauty
Christmas gift for uncle,Gift
Pet grooming kit from Chewy,Pet
Monthly utility bill from Con Edison,Household
Lyft ride to work,Transportation
Office happy hour at local bar,Social Life
Healthy meal kit from Blue Apron,Food
Designer handbag from Michael Kors,Apparel
Tuition fee for coding bootcamp,Education
Allowance for hobby supplies,Allowance
Career advancement seminar by LinkedIn,Education
Body lotion from Aveeno,Beauty
Gift for sister's birthday,Gift
Pet health checkup at Banfield,Pet
Monthly utility bill from PG&E,Household
Daily commute on subway,Transportation
Dinner with friends at P.F. Chang's,Social Life
Lunch at Panera Bread,Food
Winter jacket from The North Face,Apparel
Registration fee for GRE exam,Education
Allowance for weekend activities,Allowance
Motivational talk by Mel Robbins,Education
Lip balm from Burt's Bees,Beauty
Holiday gift for team,Gift
Pet supplies from Petco,Pet
Monthly water bill for house,Household
Ride-hailing fare with Uber,Transportation
Friends' night out at local pub,Social Life
Gourmet meal from Plated,Food
Casual wear from Zara,Apparel
Tuition fee for online MBA,Education
Allowance for tech subscriptions,Allowance
Personal growth seminar by Oprah Winfrey,Education
Night cream from Estée Lauder,Beauty
Birthday present for mom,Gift
Pet grooming set from Chewy,Pet
Monthly utility bill from Duke Energy,Household
Taxi fare to city center,Transportation
Family dinner at home,Social Life
Dinner at The Cheesecake Factory,Food
Winter boots from Timberland,Apparel
Online course subscription to Coursera,Education
Allowance for gym membership,Allowance
Self-help book by Dale Carnegie,Education
Face mask from The Body Shop,Beauty
Gift for dad's birthday,Gift
Pet health checkup at VCA,Pet
Monthly rent for duplex,Household
Train ticket to New York,Transportation
Office holiday party at Hilton,Social Life
Lunch at Chipotle,Food
Athletic wear from Under Armour,Apparel
Registration fee for PMP certification,Education
Allowance for hobby activities,Allowance
Inspirational workshop by Simon Sinek,Education
Face cream from Clinique,Beauty
New Year's gift for neighbor,Gift
Pet vitamins from Petco,Pet
Monthly utility bill from Southern California Edison,Household
Daily bus fare for commute,Transportation
Brunch at The Ivy,Social Life
Dinner at Ruth's Chris Steak House,Food
Yoga pants from Lululemon,Apparel
Tuition fee for online degree program,Education
Allowance for weekend activities,Allowance
Motivational seminar by Brené Brown,Education
Facial oil from The Ordinary,Beauty
Christmas gift for siblings,Gift
Pet grooming set from Petco,Pet
Monthly mortgage payment,Household
Ride-hailing fare with Lyft,Transportation
Dinner at Ruth's Chris Steak House,Social Life
Lunch at Sweetgreen,Food
Running shoes from Asics,Apparel
Registration fee for online certification,Education
Allowance for daily coffee,Allowance
Public speaking course by Toastmasters,Education
Body lotion from CeraVe,Beauty
Birthday present for friend,Gift
Pet food from Blue Buffalo,Pet
Monthly rent for townhouse,Household
Daily train fare to work,Transportation
Friends' night out at local bar,Social Life
Healthy snacks from Whole Foods,Food
Designer jeans from Levi's,Apparel
Fee for CFA exam,Education
Allowance for weekend activities,Allowance
Career advancement workshop by LinkedIn,Education
Facial scrub from St. Ives,Beauty
Graduation gift for niece,Gift
Pet grooming set from Petco,Pet
Monthly utility bill from Con Edison,Household
Lyft ride to work,Transportation
Office happy hour at local pub,Social Life
Healthy meal kit from Blue Apron,Food
Yoga pants from Lululemon,Apparel
Tuition fee for online master's program,Education
Allowance for school activities,Allowance
Personal growth seminar by Oprah Winfrey,Education
Night cream from Estée Lauder,Beauty
Gift for dad's birthday,Gift
Pet health checkup at Banfield,Pet
Monthly utility bill from Southern California Edison,Household
Daily commute on metro,Transportation
Weekend getaway to Lake Tahoe,Other
Brunch at local café,Social Life
Dinner at Olive Garden,Food
Workout gear from Lululemon,Apparel
Tuition fee for online master's program,Education
Allowance for school activities,Allowance
Career growth workshop by Brian Tracy,Education
Facial scrub from Clinique,Beauty
Christmas gift for uncle,Gift
Vet checkup at Banfield,Pet
Pet grooming at PetSmart,Pet
Pet food from Blue Buffalo,Pet
Pet vitamins from Petco,Pet
Pet bed from Amazon,Pet
Pet travel carrier from PetSmart,Pet
Pet health checkup at VCA,Pet
Pet grooming kit from Chewy,Pet
Pet leash from Petco,Pet
Pet care products from PetSmart,Pet
Pet food from Royal Canin,Pet
Pet grooming set from Chewy,Pet
Pet health supplements from Petco,Pet
Pet travel crate from Amazon,Pet
Pet insurance from Healthy Paws,Pet
Pet healthcare products from Petco,Pet
Pet dental care kit from Chewy,Pet
Pet water fountain from PetSmart,Pet
Pet hygiene products from Petco,Pet
Pet grooming appointment at PetSmart,Pet
Pet care kit from Petco,Pet
Pet vitamins from Chewy,Pet
Pet leash from Amazon,Pet
Pet health checkup at Banfield,Pet
Pet grooming tools from Chewy,Pet
Pet supplements from PetSmart,Pet
Pet collar from Petco,Pet
Pet first aid kit from Amazon,Pet
Pet cage from PetSmart,Pet
Pet travel bag from Chewy,Pet
Pet bed from Wayfair,Pet
Pet food from Hill's Science Diet,Pet
Pet grooming session at Petco,Pet
Pet treats from Blue Buffalo,Pet
Pet hydration station from Amazon,Pet
Pet care package from PetSmart,Pet
Pet medication from Chewy,Pet
Pet playpen from Petco,Pet
Pet grooming supplies from PetSmart,Pet
Pet tracking device from Amazon,Pet
Pet wellness checkup at VCA,Pet
Pet flea treatment from Petco,Pet
Pet dental care products from Chewy,Pet
Pet coat from PetSmart,Pet
Pet ID tag from Amazon,Pet
Pet house from Wayfair,Pet
Pet shampoo from Petco,Pet
Pet grooming gloves from Chewy,Pet
Pet feeding station from Amazon,Pet
Pet crate from PetSmart,Pet
Pet outdoor kennel from Wayfair,Pet
Pet cooling mat from Amazon,Pet
Pet carrier from Petco,Pet
Pet harness from Chewy,Pet
Pet nail clippers from PetSmart,Pet
Pet training pads from Amazon,Pet
Pet food dispenser from Chewy,Pet
Pet bed from Ikea,Pet
Pet wellness plan from Banfield,Pet
Pet grooming table from Petco,Pet
Pet bathrobe from Amazon,Pet
Pet allergy medication from Chewy,Pet
Pet hair remover from PetSmart,Pet
Pet stroller from Amazon,Pet
Pet water bottle from Chewy,Pet
Pet bed warmer from PetSmart,Pet
Pet feeding mat from Amazon,Pet
Pet collar with GPS from Chewy,Pet
Pet treadmill from Petco,Pet
Pet travel kit from Amazon,Pet
Pet dental chews from PetSmart,Pet
Pet grooming comb from Chewy,Pet
Pet ear cleaner from Petco,Pet
Pet leash with LED from Amazon,Pet
Pet waste bags from Chewy,Pet
Pet seat cover from PetSmart,Pet
Pet vitamins for joints from Petco,Pet
Pet interactive toy from Amazon,Pet
Pet grooming brush from Chewy,Pet
Pet travel water bowl from Petco,Pet
Pet cooling vest from Amazon,Pet
Pet ramp from Chewy,Pet
Pet toothbrush from PetSmart,Pet
Pet travel bed from Amazon,Pet
Pet hairdryer from Chewy,Pet
Pet wellness exam at Banfield,Pet
Pet diet food from Hill's Science Diet,Pet
Pet scratching post from Petco,Pet
Pet odor eliminator from Amazon,Pet
Pet vitamins for skin from Chewy,Pet
Pet activity monitor from PetSmart,Pet
Pet spa day at Petco,Pet
Pet deworming medication from Amazon,Pet
Pet anxiety jacket from Chewy,Pet
Pet flea comb from PetSmart,Pet
Pet dental spray from Petco,Pet
Pet treadmill from Amazon,Pet
Pet winter coat from Chewy,Pet
Pet travel crate from PetSmart,Pet
Pet paw balm from Amazon,Pet
Pet anti-shedding brush from Chewy,Pet
Pet health supplements from PetSmart,Pet
Pet collar with LED light from Petco,Pet
Veterinary wellness checkup at Banfield,Pet
Full-service pet grooming at PetSmart,Pet
Organic dog food from Blue Buffalo,Pet
Vitamin supplements for cats from Petco,Pet
Orthopedic pet bed from Amazon,Pet
Pet travel backpack for dogs from PetSmart,Pet
Annual pet health checkup at VCA,Pet
Grooming starter kit from Chewy,Pet
Reflective dog leash from Petco,Pet
Cat care package from PetSmart,Pet
Grain-free dog food from Royal Canin,Pet
Pet dental care set from Chewy,Pet
Fish tank cleaning supplies from Petco,Pet
Pet travel crate with wheels from Amazon,Pet
Pet health insurance from Healthy Paws,Pet
Flea and tick prevention from Petco,Pet
Pet dental hygiene kit from Chewy,Pet
Automatic pet water dispenser from PetSmart,Pet
Dog grooming gloves from Amazon,Pet
Pet nail trimmer with safety guard from Chewy,Pet
Interactive cat toy from Petco,Pet
Bird cage cleaning kit from PetSmart,Pet
Reptile heat lamp from Amazon,Pet
Pet dental chews for fresh breath from Chewy,Pet
Dog training pads from Petco,Pet
Rabbit hutch from PetSmart,Pet
Pet hydration system from Amazon,Pet
Cat scratching post with bed from Chewy,Pet
Dog first aid kit from Petco,Pet
Pet GPS tracker from PetSmart,Pet
Luxury pet stroller from Amazon,Pet
Pet hair removal roller from Chewy,Pet
Bird feeding station from Petco,Pet
Dog coat for winter from PetSmart,Pet
Pet odor neutralizer from Amazon,Pet
Fish tank decorations from Chewy,Pet
Pet grooming and spa day at Petco,Pet
Dog anxiety relief coat from PetSmart,Pet
Pet dental rinse from Chewy,Pet
Cat tree house from Amazon,Pet
Pet cooling mat for summer from Petco,Pet
Pet health supplements for joints from Chewy,Pet
Pet car seat cover for travel from PetSmart,Pet
Pet interactive feeder from Amazon,Pet
Cat calming collar from Chewy,Pet
Pet allergy relief tablets from Petco,Pet
Pet bath and brush service at PetSmart,Pet
Pet food storage container from Amazon,Pet
Pet flea treatment shampoo from Chewy,Pet
Pet exercise wheel from Petco,Pet
Pet first aid essentials from PetSmart,Pet
Pet nail grinder from Amazon,Pet
Pet dental wipes from Chewy,Pet
Cat litter odor eliminator from Petco,Pet
Pet cooling bandana from PetSmart,Pet
Pet travel water bottle from Amazon,Pet
Dog weight management food from Hill's Science Diet,Pet
Pet grooming toolset from Chewy,Pet
Pet ear cleaning solution from Petco,Pet
Pet leash with waste bag holder from PetSmart,Pet
Pet vitamins for senior pets from Amazon,Pet
Pet safe houseplants from Chewy,Pet
Bird perch and swing set from Petco,Pet
Pet massaging brush from PetSmart,Pet
Pet safe car seat from Amazon,Pet
Pet calming diffuser from Chewy,Pet
Pet walking harness from Petco,Pet
Pet dental kit with toothbrush from PetSmart,Pet
Pet vitamins for shiny coat from Amazon,Pet
Pet wellness plan from Banfield,Pet
Pet grooming dryer from Chewy,Pet
Pet stain and odor remover from Petco,Pet
Pet cooling vest for hot weather from PetSmart,Pet
Pet anti-anxiety treats from Amazon,Pet
Pet hammock for relaxation from Chewy,Pet
Pet water fountain for cats from Petco,Pet
Pet hairdryer and brush combo from PetSmart,Pet
Pet joint supplements from Amazon,Pet
Pet grooming table for home use from Chewy,Pet
Pet bird food from Petco,Pet
Pet scratcher lounge from PetSmart,Pet
Pet hair remover glove from Amazon,Pet
Pet safe cleaning wipes from Chewy,Pet
Pet ramp for older dogs from Petco,Pet
Pet calming treats from PetSmart,Pet
Pet tracking collar from Amazon,Pet
Pet wellness checkup plan from Banfield,Pet
Pet odor control spray from Chewy,Pet
Pet cooling bed from Petco,Pet
Pet car seat cover from PetSmart,Pet
Pet grooming clippers from Amazon,Pet
Pet travel feeder from Chewy,Pet
Pet anxiety vest from Petco,Pet
Pet dental health chews from PetSmart,Pet
Pet vitamins for healthy skin from Amazon,Pet
Pet hair deshedding tool from Chewy,Pet
Pet flea comb from Petco,Pet
Pet walking shoes from PetSmart,Pet
Pet travel playpen from Amazon,Pet
Pet dental care treats from Chewy,Pet
Pet odor eliminator spray from Petco,Pet
Pet massaging pet bed from PetSmart,Pet
Pet anti-shedding shampoo from Amazon,Pet
Pet travel essentials kit from Chewy,Pet
Pet wellness checkup at Banfield,Pet
Pet food delivery service from Petco,Pet
Pet grooming appointment at PetSmart,Pet
Pet health checkup at VCA,Pet
Pet food from Hill's Science Diet,Pet
Pet vitamins from Petco,Pet
Pet grooming kit from Chewy,Pet
Pet collar from PetSmart,Pet
Pet travel carrier from Amazon,Pet
Pet health insurance from Healthy Paws,Pet
Annual checkup at Banfield Pet Hospital,Pet
Luxury grooming session at PetSmart,Pet
Grain-free dog food from Blue Buffalo,Pet
Cat vitamin supplements from Petco,Pet
Memory foam pet bed from Amazon,Pet
Travel backpack for small dogs from PetSmart,Pet
Full health examination at VCA,Pet
All-in-one grooming starter kit from Chewy,Pet
Durable reflective dog leash from Petco,Pet
Monthly cat care package from PetSmart,Pet
Special diet dog food from Royal Canin,Pet
Complete pet dental care set from Chewy,Pet
Aquarium cleaning tools from Petco,Pet
Portable pet travel crate from Amazon,Pet
Annual pet insurance from Healthy Paws,Pet
Flea and tick control treatment from Petco,Pet
Comprehensive dental hygiene kit from Chewy,Pet
Automatic water dispenser for pets from PetSmart,Pet
Comfortable dog grooming gloves from Amazon,Pet
Safety nail trimmer for pets from Chewy,Pet
Interactive feather toy for cats from Petco,Pet
Bird habitat cleaning kit from PetSmart,Pet
Reptile UV heat lamp from Amazon,Pet
Pet dental chews for tartar control from Chewy,Pet
Potty training pads for puppies from Petco,Pet
Outdoor rabbit hutch from PetSmart,Pet
Hydration station for pets from Amazon,Pet
Cat condo with scratching post from Chewy,Pet
Emergency first aid kit for dogs from Petco,Pet
Pet GPS tracking collar from PetSmart,Pet
High-end luxury pet stroller from Amazon,Pet
Pet hair and lint removal roller from Chewy,Pet
Bird feeding and watering station from Petco,Pet
Insulated dog coat for winter from PetSmart,Pet
Odor eliminator for pet areas from Amazon,Pet
Decorations for aquarium from Chewy,Pet
Spa and grooming day at Petco,Pet
Anxiety relief coat for dogs from PetSmart,Pet
Fresh breath dental rinse for pets from Chewy,Pet
Multi-level cat tree house from Amazon,Pet
Cooling mat for pets in summer from Petco,Pet
Joint health supplements for older dogs from Chewy,Pet
Car seat cover for pet travel from PetSmart,Pet
Interactive food dispenser for pets from Amazon,Pet
Calming collar for stressed cats from Chewy,Pet
Allergy relief tablets for pets from Petco,Pet
Bath and brush service for dogs at PetSmart,Pet
Airtight food storage container for pets from Amazon,Pet
Flea treatment shampoo for dogs from Chewy,Pet
Exercise wheel for small pets from Petco,Pet
Pet emergency first aid kit from PetSmart,Pet
Nail grinder with safety guard for pets from Amazon,Pet
Dental wipes for pets from Chewy,Pet
Odor control for cat litter from Petco,Pet
Cooling bandana for dogs from PetSmart,Pet
Collapsible travel water bottle for pets from Amazon,Pet
Weight management dog food from Hill's Science Diet,Pet
Professional grooming toolset from Chewy,Pet
Ear cleaning solution for pets from Petco,Pet
LED light dog leash with waste bag holder from PetSmart,Pet
Senior pet vitamins from Amazon,Pet
Pet-safe indoor houseplants from Chewy,Pet
Bird perch and swing combo from Petco,Pet
Pet massage and grooming brush from PetSmart,Pet
Pet travel seat for cars from Amazon,Pet
Calming pheromone diffuser for pets from Chewy,Pet
Adjustable walking harness for dogs from Petco,Pet
Comprehensive dental kit for pets from PetSmart,Pet
Coat-enhancing vitamins for pets from Amazon,Pet
Annual wellness plan for pets at Banfield,Pet
Professional pet grooming dryer from Chewy,Pet
Stain and odor remover for pet accidents from Petco,Pet
Cooling vest for pets during hot weather from PetSmart,Pet
Anti-anxiety dog treats from Amazon,Pet
Relaxing pet hammock from Chewy,Pet
Water fountain for cats from Petco,Pet
Hairdryer and brush combo for pets from PetSmart,Pet
Joint health vitamins for pets from Amazon,Pet
Folding grooming table for pets at home from Chewy,Pet
Nutritious bird food from Petco,Pet
Lounge scratcher for cats from PetSmart,Pet
Pet hair removal glove from Amazon,Pet
Eco-friendly cleaning wipes for pets from Chewy,Pet
Ramp for older pets from Petco,Pet
Calming treats for dogs from PetSmart,Pet
Smart tracking collar for pets from Amazon,Pet
Comprehensive wellness checkup plan at Banfield,Pet
Odor control spray for pet areas from Chewy,Pet
Cooling bed for pets during summer from Petco,Pet
Waterproof car seat cover for pets from PetSmart,Pet
Professional-grade grooming clippers for pets from Amazon,Pet
Portable pet travel feeder from Chewy,Pet
Comfortable anxiety vest for dogs from Petco,Pet
Dental health chews for dogs from PetSmart,Pet
Skin and coat health vitamins for pets from Amazon,Pet
Effective deshedding tool for pets from Chewy,Pet
Fine-tooth flea comb for pets from Petco,Pet
Protective walking shoes for dogs from PetSmart,Pet
Portable travel playpen for pets from Amazon,Pet
Tasty dental care treats for pets from Chewy,Pet
Odor eliminator spray for pet homes from Petco,Pet
Massaging pet bed for ultimate comfort from PetSmart,Pet
Anti-shedding shampoo for pets from Amazon,Pet
Complete travel essentials kit for pets from Chewy,Pet
Comprehensive wellness checkup at Banfield,Pet
Convenient pet food delivery service from Petco,Pet
Full grooming appointment at PetSmart,Pet
Pet health checkup with vaccinations at VCA,Pet
Specialized diet food for pets from Hill's Science Diet,Pet
Essential vitamin supplements for pets from Petco,Pet
Deluxe grooming kit for pets from Chewy,Pet
Stylish and durable pet collar from PetSmart,Pet
Comfortable travel carrier for pets from Amazon,Pet
Comprehensive pet health insurance plan from Healthy Paws,Pet
Netflix Premium subscription,Entertainment
Disney+ annual membership,Entertainment
Spotify family plan,Entertainment
Concert tickets for Taylor Swift,Entertainment
IMAX movie tickets for Avengers,Entertainment
Hulu monthly subscription,Entertainment
Tickets to Cirque du Soleil,Entertainment
PlayStation Plus subscription,Entertainment
Broadway show tickets for Hamilton,Entertainment
Xbox Game Pass Ultimate,Entertainment
Monthly subscription to Apple TV+,Entertainment
Amazon Prime Video subscription,Entertainment
Tickets to a local theater production,Entertainment
Subscription to National Geographic,Entertainment
Virtual reality game purchase on Steam,Entertainment
Concert tickets for Billie Eilish,Entertainment
Tickets to a comedy show,Entertainment
Subscription to The New Yorker,Entertainment
HBO Max subscription,Entertainment
Monthly Audible membership,Entertainment
Tickets for a stand-up comedy night,Entertainment
Annual pass to Disneyland,Entertainment
Subscription to the Criterion Channel,Entertainment
Tickets to the opera,Entertainment
Netflix gift card,Entertainment
Subscription to MasterClass,Entertainment
Annual pass to Universal Studios,Entertainment
Tickets to a jazz concert,Entertainment
Subscription to Crunchyroll,Entertainment
Tickets for an escape room experience,Entertainment
Spotify Premium gift card,Entertainment
Subscription to The New York Times crossword,Entertainment
Amazon Prime Music subscription,Entertainment
Tickets for a musical festival,Entertainment
Subscription to The Atlantic,Entertainment
Monthly subscription to Disney+ bundle,Entertainment
Virtual reality headset from Oculus,Entertainment
Subscription to BroadwayHD,Entertainment
Tickets to a magic show,Entertainment
PlayStation Store gift card,Entertainment
Subscription to the Washington Post,Entertainment
Annual pass to Six Flags,Entertainment
Subscription to Vanity Fair,Entertainment
Tickets to a ballet performance,Entertainment
Google Play gift card,Entertainment
Subscription to Marvel Unlimited,Entertainment
Annual membership to a local museum,Entertainment
Subscription to Wired magazine,Entertainment
Monthly subscription to Funimation,Entertainment
Tickets to a concert at Red Rocks,Entertainment
Xbox Live Gold membership,Entertainment
Subscription to Audible,Entertainment
Tickets to a local film festival,Entertainment
Monthly subscription to Shudder,Entertainment
Annual membership to an aquarium,Entertainment
Tickets to a sports event,Entertainment
Subscription to PC Gamer magazine,Entertainment
Netflix monthly membership,Entertainment
Tickets to a theme park,Entertainment
Subscription to PlayStation Now,Entertainment
Tickets to a Cirque du Soleil show,Entertainment
Monthly subscription to Apple Arcade,Entertainment
Subscription to Rolling Stone magazine,Entertainment
Tickets to a live podcast recording,Entertainment
Amazon Prime annual membership,Entertainment
Subscription to The Wall Street Journal,Entertainment
Annual pass to SeaWorld,Entertainment
Tickets to a gaming convention,Entertainment
Subscription to The Economist,Entertainment
Hulu annual membership,Entertainment
Tickets to a local jazz club,Entertainment
Subscription to Bon Appétit magazine,Entertainment
Subscription to Disney+ with ESPN+,Entertainment
Tickets to a Broadway musical,Entertainment
Subscription to The Washington Post,Entertainment
Monthly subscription to YouTube Premium,Entertainment
Tickets to a magic performance,Entertainment
Annual membership to the zoo,Entertainment
Subscription to Spotify Premium,Entertainment
Tickets to an art exhibition,Entertainment
Monthly subscription to Netflix,Entertainment
Subscription to The New York Times,Entertainment
Tickets to a local dance performance,Entertainment
Monthly subscription to Disney+,Entertainment
Subscription to HBO Max,Entertainment
Tickets to a local improv show,Entertainment
Annual pass to Busch Gardens,Entertainment
Subscription to The New Yorker,Entertainment
Tickets to a concert at the Hollywood Bowl,Entertainment
Monthly subscription to Apple Music,Entertainment
Subscription to National Geographic,Entertainment
Tickets to a virtual reality arcade,Entertainment
Subscription to Hulu,Entertainment
Monthly subscription to Amazon Prime Video,Entertainment
Tickets to a local comedy club,Entertainment
Subscription to Crunchyroll,Entertainment
Annual pass to the aquarium,Entertainment
Tickets to a theater production,Entertainment
Subscription to The Atlantic,Entertainment
Monthly subscription to Funimation,Entertainment
Tickets to a live music performance,Entertainment
Subscription to Wired,Entertainment
Monthly subscription to Shudder,Entertainment
Tickets to a circus performance,Entertainment
Subscription to Disney+ bundle,Entertainment
Tickets to a local fair,Entertainment
Subscription to Marvel Unlimited,Entertainment
Annual membership to a local botanical garden,Entertainment
Subscription to Vanity Fair,Entertainment
Tickets to a local sports game,Entertainment
Subscription to PC Gamer,Entertainment
Annual pass to Universal Studios Hollywood,Entertainment
Subscription to Rolling Stone,Entertainment
Tickets to an outdoor concert,Entertainment
Subscription to BroadwayHD,Entertainment
Tickets to a live theater show,Entertainment
Subscription to The Criterion Channel,Entertainment
Tickets to a dance recital,Entertainment
Subscription to Apple TV+,Entertainment
Tickets to an opera,Entertainment
Subscription to MasterClass,Entertainment
Tickets to a jazz festival,Entertainment
Subscription to The Economist,Entertainment
Tickets to a film premiere,Entertainment
Subscription to Audible,Entertainment
Tickets to a sports tournament,Entertainment
Subscription to Spotify Family,Entertainment
Tickets to a local music festival,Entertainment
Subscription to Amazon Prime,Entertainment
Tickets to a movie marathon,Entertainment
Subscription to YouTube Premium,Entertainment
Tickets to a museum exhibit,Entertainment
Subscription to Xbox Game Pass,Entertainment
Tickets to a comedy festival,Entertainment
Subscription to PlayStation Plus,Entertainment
Tickets to a magic show,Entertainment
Subscription to The New York Times Crossword,Entertainment
Tickets to a live performance,Entertainment
Subscription to HBO Max,Entertainment
Tickets to a science museum,Entertainment
Subscription to National Geographic,Entertainment
Tickets to a cultural festival,Entertainment
Subscription to The Wall Street Journal,Entertainment
Tickets to a theme park,Entertainment
Subscription to The Washington Post,Entertainment
Tickets to a ballet,Entertainment
Subscription to Funimation,Entertainment
Tickets to a stand-up comedy show,Entertainment
Subscription to Hulu,Entertainment
Tickets to a local concert,Entertainment
Subscription to Netflix,Entertainment
Tickets to a circus,Entertainment
Subscription to Disney+,Entertainment
Tickets to a Broadway play,Entertainment
Subscription to The Atlantic,Entertainment
Tickets to a live music event,Entertainment
Subscription to Spotify,Entertainment
Tickets to an art fair,Entertainment
Subscription to The New Yorker,Entertainment
Tickets to a gaming tournament,Entertainment
Subscription to Amazon Prime Video,Entertainment
Tickets to a film festival,Entertainment
Subscription to The Criterion Channel,Entertainment
Tickets to a comedy night,Entertainment
Subscription to Rolling Stone,Entertainment
Tickets to a sports game,Entertainment
Subscription to Wired,Entertainment
Tickets to a cultural event,Entertainment
Subscription to Shudder,Entertainment
Tickets to a theater festival,Entertainment
Subscription to Apple Music,Entertainment
Tickets to a local comedy show,Entertainment
Subscription to Crunchyroll,Entertainment
Tickets to a music concert,Entertainment
Subscription to Vanity Fair,Entertainment
Tickets to a local exhibition,Entertainment
Subscription to PC Gamer,Entertainment
Tickets to a dance show,Entertainment
Subscription to Apple Arcade,Entertainment
Tickets to a live podcast,Entertainment
Subscription to HBO Max,Entertainment
Tickets to a circus event,Entertainment
Subscription to Disney+,Entertainment
Tickets to a jazz night,Entertainment
Subscription to BroadwayHD,Entertainment
Tickets to a local movie theater,Entertainment
Subscription to MasterClass,Entertainment
Tickets to a film screening,Entertainment
Subscription to The New York Times,Entertainment
Tickets to a museum night,Entertainment
Subscription to Hulu,Entertainment
Tickets to a local play,Entertainment
Subscription to Netflix,Entertainment
Tickets to a science fair,Entertainment
Subscription to National Geographic,Entertainment
Tickets to a local festival,Entertainment
Subscription to The Wall Street Journal,Entertainment
Tickets to an opera night,Entertainment
Subscription to The Washington Post,Entertainment
Tickets to a cultural night,Entertainment
Subscription to Audible,Entertainment
Tickets to a music night,Entertainment
Subscription to The New Yorker,Entertainment
Tickets to a movie night,Entertainment
Subscription to The Criterion Channel,Entertainment
Tickets to a comedy night,Entertainment
Subscription to Amazon Prime Video,Entertainment
Tickets to a local concert,Entertainment
Subscription to Funimation,Entertainment
Tickets to a theater night,Entertainment
Subscription to Apple TV+,Entertainment
Tickets to a magic night,Entertainment
Subscription to Apple Music,Entertainment
Tickets to a jazz show,Entertainment
Subscription to Shudder,Entertainment
Tickets to a film night,Entertainment
Subscription to Crunchyroll,Entertainment
Tickets to a sports night,Entertainment
Subscription to YouTube Premium,Entertainment
Tickets to a cultural show,Entertainment
Subscription to Vanity Fair,Entertainment
Tickets to a dance night,Entertainment
Subscription to PC Gamer,Entertainment
Tickets to a local theater,Entertainment
Subscription to HBO Max,Entertainment
Tickets to a museum exhibit,Entertainment
Subscription to Disney+,Entertainment
Tickets to a local music event,Entertainment
Subscription to Spotify,Entertainment
Tickets to a science museum,Entertainment
Subscription to BroadwayHD,Entertainment
Tickets to a comedy club,Entertainment
Subscription to The New Yorker,Entertainment
Tickets to a live performance,Entertainment
Subscription to National Geographic,Entertainment
Tickets to an aquarium,Entertainment
Subscription to Rolling Stone,Entertainment
Tickets to a film screening,Entertainment
Subscription to The New York Times,Entertainment
Tickets to a theater performance,Entertainment
Subscription to Wired,Entertainment
Tickets to a jazz concert,Entertainment
Subscription to Shudder,Entertainment
Tickets to a local magic show,Entertainment
Subscription to The Wall Street Journal,Entertainment
Tickets to a dance performance,Entertainment
Subscription to Funimation,Entertainment
Tickets to a science exhibit,Entertainment
Subscription to The Atlantic,Entertainment
Tickets to a local opera,Entertainment
Subscription to Apple TV+,Entertainment
Tickets to a Broadway show,Entertainment
Subscription to HBO Max,Entertainment
Tickets to a museum tour,Entertainment
Subscription to The New Yorker,Entertainment
Tickets to a cultural exhibition,Entertainment
Subscription to National Geographic,Entertainment
Tickets to a theme park,Entertainment
Subscription to Disney+,Entertainment
Tickets to a local jazz festival,Entertainment
Subscription to The Washington Post,Entertainment
Tickets to an art exhibition,Entertainment
Subscription to Netflix,Entertainment
Tickets to a local concert,Entertainment
Subscription to Spotify,Entertainment
Tickets to a comedy festival,Entertainment
Subscription to The Atlantic,Entertainment
Tickets to a Broadway play,Entertainment
Subscription to Apple Music,Entertainment
Tickets to a sports event,Entertainment
Subscription to Audible,Entertainment
Tickets to a local film festival,Entertainment
Subscription to Funimation,Entertainment
Tickets to a theme park,Entertainment
Subscription to Amazon Prime,Entertainment
Tickets to a magic show,Entertainment
Subscription to The Criterion Channel,Entertainment
Tickets to a live music event,Entertainment
Subscription to PC Gamer,Entertainment
Tickets to a comedy night,Entertainment
Subscription to Rolling Stone,Entertainment
Tickets to a theater production,Entertainment
Subscription to YouTube Premium,Entertainment
Tickets to a circus performance,Entertainment
Subscription to Vanity Fair,Entertainment
Tickets to a sports game,Entertainment
Subscription to BroadwayHD,Entertainment
Tickets to a cultural festival,Entertainment
Subscription to Hulu,Entertainment
Tickets to a local theater show,Entertainment
Subscription to Netflix,Entertainment
Tickets to a music festival,Entertainment
Subscription to Disney+,Entertainment
Tickets to a film festival,Entertainment
Subscription to HBO Max,Entertainment
Tickets to a jazz club,Entertainment
Subscription to Apple Music,Entertainment
Tickets to a science center,Entertainment
Subscription to Spotify,Entertainment
Tickets to a local dance show,Entertainment
Subscription to National Geographic,Entertainment
Tickets to an art gallery,Entertainment
Subscription to The New Yorker,Entertainment
Tickets to a local improv show,Entertainment
Subscription to Apple TV+,Entertainment
Tickets to a Broadway musical,Entertainment
Subscription to The Washington Post,Entertainment
Tickets to a comedy club,Entertainment
Subscription to The Atlantic,Entertainment
Tickets to a local magic show,Entertainment
Subscription to Funimation,Entertainment
Tickets to a jazz performance,Entertainment
Subscription to YouTube Premium,Entertainment
Tickets to a theme park,Entertainment
Subscription to Hulu,Entertainment
Tickets to a local film premiere,Entertainment
Subscription to The Criterion Channel,Entertainment
Tickets to a cultural event,Entertainment
Subscription to Audible,Entertainment
Tickets to a science museum,Entertainment
Subscription to HBO Max,Entertainment
Tickets to a dance recital,Entertainment
Subscription to Apple Music,Entertainment
Tickets to a local comedy show,Entertainment
Subscription to Disney+,Entertainment
Tickets to a theater performance,Entertainment
Subscription to Spotify,Entertainment
Tickets to a film screening,Entertainment
Subscription to Netflix,Entertainment
Tickets to an opera,Entertainment
Subscription to The Atlantic,Entertainment
Tickets to a museum exhibit,Entertainment
Subscription to National Geographic,Entertainment
Tickets to a live podcast recording,Entertainment
Subscription to Apple TV+,Entertainment
Tickets to a local concert,Entertainment
Subscription to The New Yorker,Entertainment
Tickets to a jazz festival,Entertainment
Subscription to The Washington Post,Entertainment
Tickets to a comedy show,Entertainment
Subscription to Funimation,Entertainment
Tickets to a local theater production,Entertainment
Subscription to The Criterion Channel,Entertainment
Tickets to a dance performance,Entertainment
Subscription to YouTube Premium,Entertainment
Tickets to an aquarium,Entertainment
Subscription to Rolling Stone,Entertainment
Tickets to a cultural show,Entertainment
Subscription to HBO Max,Entertainment
Tickets to a local music event,Entertainment
Subscription to Netflix,Entertainment
Tickets to a Broadway musical,Entertainment
Subscription to Disney+,Entertainment
Tickets to a local magic show,Entertainment
Subscription to The New Yorker,Entertainment
Tickets to a jazz concert,Entertainment
Subscription to Apple Music,Entertainment
Tickets to a live theater show,Entertainment
Subscription to The Washington Post,Entertainment
Tickets to a film festival,Entertainment
Subscription to Audible,Entertainment
Tickets to a museum night,Entertainment
Subscription to Funimation,Entertainment
Tickets to a comedy club,Entertainment
Subscription to Hulu,Entertainment
Tickets to a cultural festival,Entertainment
Subscription to The Criterion Channel,Entertainment
Tickets to a sports game,Entertainment
Subscription to YouTube Premium,Entertainment
Tickets to a dance show,Entertainment
Subscription to Netflix,Entertainment
Tickets to a science exhibit,Entertainment
Subscription to Apple TV+,Entertainment
Tickets to an opera,Entertainment
Subscription to HBO Max,Entertainment
Tickets to a local play,Entertainment
Subscription to The Atlantic,Entertainment
Tickets to a jazz night,Entertainment
Subscription to National Geographic,Entertainment
Tickets to a Broadway play,Entertainment
Subscription to The New Yorker,Entertainment
Tickets to a comedy night,Entertainment
Subscription to Disney+,Entertainment
Tickets to a cultural night,Entertainment
Subscription to Spotify,Entertainment
Tickets to a museum exhibit,Entertainment
Subscription to Apple Music,Entertainment
Tickets to a local music festival,Entertainment
Subscription to The Criterion Channel,Entertainment
Tickets to a science museum,Entertainment
Subscription to The Atlantic,Entertainment
Tickets to an art fair,Entertainment
Subscription to Netflix,Entertainment
Tickets to a film screening,Entertainment
Subscription to HBO Max,Entertainment
Tickets to a Broadway show,Entertainment
Subscription to Funimation,Entertainment
Tickets to a jazz festival,Entertainment
Subscription to Apple TV+,Entertainment
Tickets to a local theater production,Entertainment
Subscription to The New Yorker,Entertainment
Tickets to a cultural show,Entertainment
Subscription to The Washington Post,Entertainment
Tickets to a local concert,Entertainment
Subscription to Disney+,Entertainment
Tickets to a museum night,Entertainment
Subscription to Spotify,Entertainment
Tickets to a film festival,Entertainment
Subscription to Hulu,Entertainment
Tickets to a comedy night,Entertainment
Subscription to The Criterion Channel,Entertainment
Tickets to a theater performance,Entertainment
Subscription to Apple Music,Entertainment
Tickets to a Broadway play,Entertainment
Subscription to HBO Max,Entertainment
Tickets to a live podcast recording,Entertainment
Subscription to The Atlantic,Entertainment
Tickets to a local jazz club,Entertainment
Subscription to Funimation,Entertainment
Tickets to a sports event,Entertainment
Subscription to Audible,Entertainment
Tickets to a cultural event,Entertainment
Subscription to Disney+,Entertainment
Tickets to a dance recital,Entertainment
Subscription to National Geographic,Entertainment
Tickets to a local magic show,Entertainment
Subscription to The New Yorker,Entertainment
Tickets to a theater festival,Entertainment
Subscription to Netflix,Entertainment
Tickets to a local comedy club,Entertainment
Subscription to Apple Music,Entertainment
Tickets to a live music performance,Entertainment
Subscription to Hulu,Entertainment
Tickets to a science center,Entertainment
Subscription to The Criterion Channel,Entertainment
Tickets to an art exhibition,Entertainment
Subscription to Spotify,Entertainment
Tickets to a film premiere,Entertainment
Subscription to HBO Max,Entertainment
Tickets to a jazz concert,Entertainment
Subscription to Apple TV+,Entertainment
Tickets to a local play,Entertainment
Subscription to Funimation,Entertainment
Tickets to a theme park,Entertainment
Subscription to The New Yorker,Entertainment
Tickets to a local music event,Entertainment
Subscription to National Geographic,Entertainment
Tickets to a cultural night,Entertainment
Subscription to Disney+,Entertainment
Tickets to a theater performance,Entertainment
Subscription to Hulu,Entertainment
Tickets to a comedy show,Entertainment
Subscription to The Atlantic,Entertainment
Tickets to a film festival,Entertainment
Subscription to Netflix,Entertainment
Tickets to a local sports game,Entertainment
Subscription to Apple TV+,Entertainment
Tickets to a jazz festival,Entertainment
Subscription to Spotify,Entertainment
Tickets to a Broadway musical,Entertainment
Subscription to Audible,Entertainment
Tickets to a local dance show,Entertainment
Subscription to HBO Max,Entertainment
Tickets to a cultural show,Entertainment
Subscription to Funimation,Entertainment
Tickets to a live podcast,Entertainment
Subscription to The New Yorker,Entertainment
Tickets to a science exhibit,Entertainment
Subscription to Disney+,Entertainment
Tickets to a film screening,Entertainment
Subscription to National Geographic,Entertainment
Tickets to a theater production,Entertainment
Subscription to Apple Music,Entertainment
Tickets to a local comedy club,Entertainment
Subscription to Netflix,Entertainment
Tickets to an art fair,Entertainment
Subscription to Hulu,Entertainment
Tickets to a local theater show,Entertainment
Subscription to Spotify,Entertainment
Tickets to a jazz night,Entertainment
Subscription to The Criterion Channel,Entertainment
Tickets to a live music event,Entertainment
Subscription to The Atlantic,Entertainment
Tickets to a museum exhibit,Entertainment
Subscription to Apple TV+,Entertainment
Tickets to a cultural event,Entertainment
Subscription to HBO Max,Entertainment
Tickets to a Broadway show,Entertainment
Subscription to Disney+,Entertainment
Tickets to a film festival,Entertainment
Subscription to Funimation,Entertainment
Tickets to a local play,Entertainment
Subscription to The New Yorker,Entertainment
Tickets to a comedy night,Entertainment
Subscription to National Geographic,Entertainment
Tickets to a live theater show,Entertainment
Subscription to Netflix,Entertainment
Tickets to a theme park,Entertainment
Subscription to The Atlantic,Entertainment
Tickets to a jazz performance,Entertainment
Subscription to Spotify,Entertainment
Tickets to a local music festival,Entertainment
Subscription to Audible,Entertainment
Tickets to a local movie theater,Entertainment
Subscription to Hulu,Entertainment
Tickets to a cultural night,Entertainment
Subscription to The Criterion Channel,Entertainment
Tickets to a science museum,Entertainment
Subscription to Apple Music,Entertainment
Tickets to an art exhibition,Entertainment
Subscription to Disney+,Entertainment
Tickets to a local dance performance,Entertainment
Subscription to Apple TV+,Entertainment
Tickets to a theater night,Entertainment
Subscription to HBO Max,Entertainment
Tickets to a jazz club,Entertainment
Subscription to Funimation,Entertainment
Tickets to a comedy club,Entertainment
Subscription to The Atlantic,Entertainment
Tickets to a live podcast,Entertainment
Subscription to National Geographic,Entertainment
Tickets to a museum exhibit,Entertainment
Subscription to The New Yorker,Entertainment
Tickets to a Broadway show,Entertainment
Subscription to Netflix,Entertainment
Tickets to a cultural festival,Entertainment
Subscription to The Criterion Channel,Entertainment
Tickets to a film festival,Entertainment
Subscription to Audible,Entertainment
Tickets to a local play,Entertainment
Subscription to Disney+,Entertainment
Tickets to a jazz concert,Entertainment
Subscription to Hulu,Entertainment
Subscription to Netflix Standard,Entertainment
Tickets to a Lady Gaga concert,Entertainment
Hulu Plus annual membership,Entertainment
IMAX tickets for the latest Star Wars movie,Entertainment
Monthly Spotify subscription,Entertainment
Broadway show tickets for Wicked,Entertainment
Xbox Game Pass Ultimate annual subscription,Entertainment
Monthly membership to Disney+ Hotstar,Entertainment
Prime Video annual subscription,Entertainment
Tickets to Cirque du Soleil,Entertainment
Apple Arcade family plan,Entertainment
Amazon Music Unlimited,Entertainment
Annual membership to local theater,Entertainment
Subscription to The Wall Street Journal Digital,Entertainment
Monthly membership to HBO Max,Entertainment
Virtual reality games at local arcade,Entertainment
Audible audiobook membership,Entertainment
Tickets to Ed Sheeran's world tour,Entertainment
Tickets to a stand-up comedy show,Entertainment
Subscription to Wired magazine,Entertainment
Monthly New York Times Crossword subscription,Entertainment
Tickets to a jazz festival,Entertainment
Subscription to The Economist digital,Entertainment
Subscription to PlayStation Now,Entertainment
Monthly Disney+ subscription,Entertainment
Subscription to Crunchyroll,Entertainment
Tickets to an escape room adventure,Entertainment
Subscription to National Geographic digital,Entertainment
Tickets to see Hamilton on Broadway,Entertainment
Subscription to MasterClass annual plan,Entertainment
Annual pass to Disneyland,Entertainment
Tickets to the opera,Entertainment
Google Play Movies & TV,Entertainment
Concert tickets for Billie Eilish,Entertainment
Tickets to a local theater production,Entertainment
Subscription to The New Yorker,Entertainment
Tickets to a comedy club,Entertainment
Subscription to PC Gamer magazine,Entertainment
Netflix Premium gift card,Entertainment
Annual membership to an art museum,Entertainment
Subscription to The Atlantic,Entertainment
Monthly subscription to Shudder,Entertainment
Annual pass to SeaWorld,Entertainment
Tickets to a magic show,Entertainment
Tickets to a local film festival,Entertainment
Subscription to The Criterion Channel,Entertainment
Spotify Premium family plan,Entertainment
Xbox Live Gold membership,Entertainment
Annual pass to Six Flags,Entertainment
Subscription to Funimation,Entertainment
Monthly subscription to Rolling Stone,Entertainment
Tickets to a concert at Madison Square Garden,Entertainment
Subscription to Vanity Fair,Entertainment
Tickets to a Cirque du Soleil show,Entertainment
Subscription to Apple TV+,Entertainment
PlayStation Store gift card,Entertainment
Subscription to National Geographic Kids,Entertainment
Tickets to a Broadway musical,Entertainment
Tickets to a sports game,Entertainment
Subscription to Marvel Unlimited,Entertainment
Subscription to The Washington Post,Entertainment
Monthly subscription to Netflix,Entertainment
Subscription to The Atlantic,Entertainment
Tickets to an outdoor music festival,Entertainment
Subscription to Hulu No Ads,Entertainment
Tickets to a comedy improv night,Entertainment
Subscription to Disney+ bundle with ESPN+,Entertainment
Tickets to a Cirque du Soleil performance,Entertainment
Subscription to The New York Times digital,Entertainment
Annual membership to a science museum,Entertainment
Google Stadia Pro subscription,Entertainment
Monthly subscription to Apple Music,Entertainment
Tickets to a theater matinee,Entertainment
Subscription to The Economist,Entertainment
Tickets to a film premiere,Entertainment
Annual pass to Universal Studios,Entertainment
Subscription to Audible Plus,Entertainment
Annual membership to an aquarium,Entertainment
Tickets to a ballet performance,Entertainment
Monthly subscription to Disney+,Entertainment
Subscription to The Wall Street Journal,Entertainment
Monthly subscription to Apple TV+,Entertainment
Tickets to a live podcast recording,Entertainment
Subscription to National Geographic,Entertainment
Annual pass to Busch Gardens,Entertainment
Tickets to a local stand-up comedy show,Entertainment
Subscription to Spotify Premium,Entertainment
Tickets to a local dance performance,Entertainment
Monthly subscription to Hulu,Entertainment
Subscription to The New Yorker,Entertainment
Tickets to a magic performance,Entertainment
Subscription to Netflix Family,Entertainment
Tickets to a local art exhibit,Entertainment
Monthly subscription to Disney+ with Hulu,Entertainment
Tickets to a film festival,Entertainment
Subscription to Wired,Entertainment
Monthly subscription to Criterion Channel,Entertainment
Annual pass to a botanical garden,Entertainment
Subscription to Shudder,Entertainment
Tickets to a concert at Red Rocks Amphitheatre,Entertainment
Tickets to a gaming convention,Entertainment
Subscription to The New Yorker,Entertainment
Subscription to The Washington Post digital,Entertainment
Subscription to HBO Max,Entertainment
Tickets to a cultural festival,Entertainment
Amazon Prime annual membership,Entertainment
Tickets to a Broadway musical,Entertainment
Google Play gift card,Entertainment
Subscription to Disney+ annual plan,Entertainment
Tickets to a local comedy festival,Entertainment
Annual membership to a zoo,Entertainment
Subscription to The Criterion Channel,Entertainment
Monthly subscription to Funimation,Entertainment
Tickets to a live theater performance,Entertainment
Subscription to BroadwayHD,Entertainment
Subscription to Audible,Entertainment
Tickets to a sports tournament,Entertainment
Monthly subscription to YouTube Premium,Entertainment
Subscription to The Atlantic digital,Entertainment
Tickets to a local jazz club,Entertainment
Subscription to Vanity Fair,Entertainment
Tickets to an opera,Entertainment
Subscription to The Economist digital,Entertainment
Monthly subscription to Rolling Stone,Entertainment
Tickets to a film screening,Entertainment
Subscription to PC Gamer,Entertainment
Tickets to a science museum,Entertainment
Subscription to Apple TV+ family plan,Entertainment
Tickets to a local theater show,Entertainment
Subscription to Hulu,Entertainment
Subscription to Netflix,Entertainment
Tickets to a local festival,Entertainment
Subscription to HBO Max,Entertainment
Tickets to a live music event,Entertainment
Subscription to The New Yorker,Entertainment
Tickets to a ballet,Entertainment
Subscription to Disney+,Entertainment
Tickets to a virtual reality experience,Entertainment
Subscription to The Criterion Channel,Entertainment
Tickets to a live podcast,Entertainment
Subscription to Amazon Prime Video,Entertainment
Tickets to a cultural event,Entertainment
Subscription to The Atlantic,Entertainment
Tickets to a comedy night,Entertainment
Subscription to Disney+ bundle,Entertainment
Tickets to a jazz concert,Entertainment
Subscription to Audible,Entertainment
Tickets to an art museum exhibit,Entertainment
Subscription to The Wall Street Journal,Entertainment
Tickets to a Broadway show,Entertainment
Subscription to Rolling Stone,Entertainment
Tickets to a concert,Entertainment
Subscription to YouTube Premium,Entertainment
Tickets to a magic night,Entertainment
Subscription to Funimation,Entertainment
Tickets to a local movie theater,Entertainment
Subscription to PC Gamer,Entertainment
Tickets to a sports event,Entertainment
Subscription to Shudder,Entertainment
Tickets to an art gallery opening,Entertainment
Subscription to Apple Music,Entertainment
Tickets to a dance recital,Entertainment
Subscription to The New Yorker,Entertainment
Tickets to a live music performance,Entertainment
Subscription to HBO Max,Entertainment
Tickets to a jazz festival,Entertainment
Subscription to Disney+,Entertainment
Tickets to a local theater production,Entertainment
Subscription to National Geographic,Entertainment
Tickets to a film festival,Entertainment
Subscription to The Criterion Channel,Entertainment
Tickets to a local comedy show,Entertainment
Subscription to Netflix,Entertainment
Tickets to a science fair,Entertainment
Subscription to The Atlantic,Entertainment
Tickets to a museum exhibit,Entertainment
Subscription to Hulu,Entertainment
Tickets to a Broadway musical,Entertainment
Subscription to Audible,Entertainment
Tickets to a sports game,Entertainment
Subscription to Amazon Prime Video,Entertainment
Tickets to a live podcast recording,Entertainment
Subscription to Rolling Stone,Entertainment
Tickets to a cultural festival,Entertainment
Subscription to YouTube Premium,Entertainment
Tickets to a film premiere,Entertainment
Subscription to Apple TV+,Entertainment
Tickets to a local concert,Entertainment
Subscription to Funimation,Entertainment
Tickets to a magic show,Entertainment
Subscription to Disney+,Entertainment
Tickets to a jazz night,Entertainment
Subscription to The Wall Street Journal,Entertainment
Tickets to a local art show,Entertainment
Subscription to The New Yorker,Entertainment
Tickets to a theater festival,Entertainment
Subscription to National Geographic,Entertainment
Tickets to a sports tournament,Entertainment
Subscription to Hulu,Entertainment
Tickets to a live music event,Entertainment
Subscription to Netflix,Entertainment
Tickets to a dance show,Entertainment
Subscription to The Atlantic,Entertainment
Tickets to a comedy festival,Entertainment
Subscription to The Criterion Channel,Entertainment
Tickets to a local film screening,Entertainment
Subscription to Apple Music,Entertainment
Tickets to a cultural event,Entertainment
Subscription to Audible,Entertainment
Tickets to a local theater production,Entertainment
Subscription to HBO Max,Entertainment
Tickets to a science museum,Entertainment
Subscription to Disney+,Entertainment
Tickets to an art gallery,Entertainment
Subscription to Rolling Stone,Entertainment
Tickets to a local improv show,Entertainment
Subscription to YouTube Premium,Entertainment
Tickets to a Broadway play,Entertainment
Subscription to Funimation,Entertainment
Tickets to a jazz concert,Entertainment
Subscription to The New Yorker,Entertainment
Tickets to a comedy night,Entertainment
Subscription to National Geographic,Entertainment
Tickets to a museum exhibit,Entertainment
Subscription to The Wall Street Journal,Entertainment
Tickets to a live performance,Entertainment
Subscription to Netflix,Entertainment
Tickets to a film festival,Entertainment
Subscription to The Atlantic,Entertainment
Tickets to a local theater,Entertainment
Subscription to Hulu,Entertainment
Tickets to a magic performance,Entertainment
Subscription to The Criterion Channel,Entertainment
Tickets to a sports event,Entertainment
Subscription to Audible,Entertainment
Tickets to a local music festival,Entertainment
Subscription to Apple TV+,Entertainment
Tickets to an art fair,Entertainment
Subscription to HBO Max,Entertainment
Tickets to a comedy club,Entertainment
Subscription to Disney+,Entertainment
Tickets to a cultural show,Entertainment
Subscription to Spotify,Entertainment
Tickets to a local dance recital,Entertainment
Subscription to Rolling Stone,Entertainment
Tickets to a live podcast,Entertainment
Subscription to The New Yorker,Entertainment
Tickets to a science exhibit,Entertainment
Subscription to Apple Music,Entertainment
Tickets to a film screening,Entertainment
Subscription to Hulu,Entertainment
Tickets to a local festival,Entertainment
Subscription to Netflix,Entertainment
Tickets to a live theater show,Entertainment
Subscription to The Atlantic,Entertainment
Dinner at The Cheesecake Factory,Food
Weekly grocery shopping at Trader Joe's,Food
Lunch at a local deli,Food
Organic produce delivery from Misfits Market,Food
Brunch at The Ivy,Food
Monthly subscription to Blue Apron,Food
Dinner at a Michelin-starred restaurant,Food
Breakfast at IHOP,Food
Farmers market fresh vegetables,Food
Pizza night at Domino's,Food
Birthday cake from Magnolia Bakery,Food
Gourmet cheese platter from Whole Foods,Food
Sushi dinner at Nobu,Food
Meal prep service from Freshly,Food
Street food festival tickets,Food
Picnic supplies from Trader Joe's,Food
Dinner reservation at Olive Garden,Food
Ice cream from Ben & Jerry's,Food
Cooking class at Sur La Table,Food
Monthly subscription to HelloFresh,Food
Dinner at Red Lobster,Food
Coffee subscription from Blue Bottle,Food
Organic snack box from Love With Food,Food
Gourmet chocolate from Godiva,Food
BBQ feast at Texas Roadhouse,Food
Afternoon tea at The Ritz-Carlton,Food
Vegan meal kit from Purple Carrot,Food
Late-night tacos from Taco Bell,Food
Dinner at Ruth's Chris Steak House,Food
Lunch at Shake Shack,Food
Dessert from Sprinkles Cupcakes,Food
Seafood boil from The Boiling Crab,Food
Wine and cheese tasting event,Food
Homemade pasta ingredients from Eataly,Food
Gourmet meal delivery from Plated,Food
Organic smoothie from Jamba Juice,Food
Dinner cruise with gourmet menu,Food
Gourmet donuts from Voodoo Doughnut,Food
Fresh seafood from Pike Place Market,Food
Dinner at The Melting Pot,Food
Artisanal bread from a local bakery,Food
Craft beer tasting at a local brewery,Food
Healthy meal kit from Green Chef,Food
Steak dinner at Morton's,Food
Indian buffet at a local restaurant,Food
Afternoon snack from Starbucks,Food
Farm-to-table dinner experience,Food
Brunch at a rooftop restaurant,Food
Gourmet picnic basket from Dean & DeLuca,Food
Authentic ramen from a Japanese restaurant,Food
Dinner at a food truck festival,Food
Fresh fruit delivery from Farmbox Direct,Food
Breakfast pastries from a French bakery,Food
Dinner at a farm-to-table restaurant,Food
Gourmet pizza from a wood-fired oven,Food
Street tacos from a local food truck,Food
Wine subscription from Winc,Food
Seafood platter from a seaside restaurant,Food
Dinner at a Brazilian steakhouse,Food
Fresh juice from a local juice bar,Food
Sushi-making class,Food
Gourmet burger from a specialty restaurant,Food
Lunch at a vegan café,Food
Dinner at a family-owned Italian restaurant,Food
High tea at a historic hotel,Food
Organic salad from Sweetgreen,Food
Dinner at a rooftop restaurant,Food
Fresh oysters from a seafood bar,Food
Chocolate tasting event,Food
Gourmet popcorn from a specialty shop,Food
Brunch buffet at a luxury hotel,Food
Dinner at a Spanish tapas bar,Food
Craft cocktail tasting at a speakeasy,Food
Gourmet dessert from a patisserie,Food
Dinner at a farm-to-fork restaurant,Food
Fresh pasta from an Italian deli,Food
Lunch from a Mediterranean bistro,Food
Food and wine pairing event,Food
Dinner at a seafood restaurant,Food
Afternoon tea at a garden café,Food
Gourmet meal kit from Sun Basket,Food
Dinner at a steakhouse,Food
Street food from an Asian night market,Food
Lunch at a local sandwich shop,Food
Gourmet hot chocolate from a café,Food
Dinner at a celebrity chef's restaurant,Food
Fresh sushi from a fish market,Food
Dessert from a gourmet bakery,Food
Craft beer and pizza night,Food
Gourmet food truck experience,Food
Lunch at a farm café,Food
Dinner at a gastropub,Food
Freshly baked cookies from a bakery,Food
Wine and dine experience at a vineyard,Food
Gourmet meal subscription from Gobble,Food
Fresh produce from a local farm,Food
Dinner at a Thai restaurant,Food
Brunch at a waterfront café,Food
Dinner at an upscale bistro,Food
Artisan cheese from a cheese shop,Food
Dinner at a revolving restaurant,Food
Organic meal delivery from Green Chef,Food
Gourmet pasta from a trattoria,Food
Lunch at a food court,Food
Craft ice cream from a local shop,Food
Dinner at a fusion restaurant,Food
Healthy meal kit from Daily Harvest,Food
Street food from a weekend market,Food
Dinner at a historic inn,Food
Freshly squeezed juice from a café,Food
Gourmet sandwich from a deli,Food
Brunch at a countryside inn,Food
Gourmet dinner from a delivery service,Food
Lunch at a beachside café,Food
Dinner at an organic restaurant,Food
Fresh seafood from a fishmonger,Food
Dinner at a French brasserie,Food
Gourmet soup from a local restaurant,Food
Freshly made salad from a salad bar,Food
Dinner at a trendy eatery,Food
Craft coffee from a local roastery,Food
Dinner at a Persian restaurant,Food
Gourmet breakfast from a bistro,Food
Lunch at a riverside café,Food
Gourmet dinner from a pop-up restaurant,Food
Healthy snacks from a health food store,Food
Lunch at a garden café,Food
Dinner at a Lebanese restaurant,Food
Artisan chocolate from a chocolatier,Food
Dinner at a teppanyaki restaurant,Food
Gourmet meal kit from Blue Apron,Food
Fresh produce from a farmers market,Food
Dinner at a local pub,Food
Craft cider tasting at a cidery,Food
Dinner at a Cuban restaurant,Food
Gourmet meal delivery from Freshly,Food
Lunch at a city park café,Food
Dinner at a Moroccan restaurant,Food
Organic grocery delivery from Farm Fresh,Food
Dinner at a casual diner,Food
Freshly baked bread from a bakery,Food
Gourmet tacos from a taco truck,Food
Dinner at a fine dining restaurant,Food
Fresh herbs from a local market,Food
Gourmet breakfast from a café,Food
Dinner at a barbecue restaurant,Food
Fresh seafood from a local fish market,Food
Dinner at a noodle bar,Food
Gourmet meal subscription from Home Chef,Food
Fresh salad from a salad shop,Food
Dinner at a contemporary restaurant,Food
Artisan coffee from a coffeehouse,Food
Dinner at a Korean BBQ restaurant,Food
Gourmet cheese from a cheese shop,Food
Lunch at a botanical garden café,Food
Dinner at a rustic eatery,Food
Healthy meal delivery from Trifecta,Food
Dinner at a local bistro,Food
Gourmet donuts from a donut shop,Food
Freshly caught seafood from a harbor,Food
Dinner at a tiki bar,Food
Craft chocolate from a chocolatier,Food
Lunch at an eco-friendly café,Food
Dinner at a Basque restaurant,Food
Fresh juice from a smoothie bar,Food
Gourmet steak from a steakhouse,Food
Dinner at a tapas restaurant,Food
Gourmet ramen from a noodle shop,Food
Dinner at a Belgian restaurant,Food
Fresh fruit from an organic farm,Food
Dinner at a waterfront restaurant,Food
Gourmet flatbread from a bakery,Food
Dinner at a sushi bar,Food
Gourmet pasta from an Italian market,Food
Dinner at a bistro,Food
Fresh salad from a local café,Food
Dinner at an Ethiopian restaurant,Food
Gourmet ice cream from a parlor,Food
Lunch at a seaside café,Food
Dinner at a rooftop bar,Food
Gourmet meal delivery from Factor,Food
Freshly baked muffins from a bakery,Food
Lunch at a downtown café,Food
Dinner at a ramen shop,Food
Craft beer and tapas,Food
Dinner at a Southern restaurant,Food
Gourmet chocolate gift box,Food
Dinner at a teahouse,Food
Fresh bread from a local bakery,Food
Gourmet burger from a food truck,Food
Dinner at a steakhouse,Food
Fresh juice from a juice shop,Food
Gourmet brunch from a hotel,Food
Dinner at a rustic café,Food
Gourmet sandwich from a deli,Food
Lunch at a winery,Food
Dinner at a Spanish restaurant,Food
Freshly picked vegetables from a farm,Food
Dinner at a beachside restaurant,Food
Craft beer flight at a brewery,Food
Gourmet meal kit from HelloFresh,Food
Dinner at an Italian eatery,Food
Gourmet pizza from a pizzeria,Food
Lunch at a rooftop café,Food
Dinner at a farm-to-table bistro,Food
Gourmet salad from a salad bar,Food
Dinner at a French restaurant,Food
Fresh fruit from a fruit stand,Food
Gourmet breakfast from a bakery,Food
Dinner at a sushi restaurant,Food
Freshly made pasta from an Italian restaurant,Food
Dinner at a vegan bistro,Food
Gourmet meal subscription from Gobble,Food
Lunch at a garden café,Food
Dinner at a Thai restaurant,Food
Craft cider tasting at a cider house,Food
Dinner at a Mediterranean restaurant,Food
Organic grocery shopping at Whole Foods,Food
Sushi dinner at Sushi Roku,Food
Italian dinner at Olive Garden,Food
Healthy meal delivery from Sun Basket,Food
Coffee and pastries at Starbucks,Food
Street tacos from a food truck,Food
Brunch at The Smith,Food
Dinner at a Michelin-star restaurant,Food
Lunch at Panera Bread,Food
Ice cream from Baskin-Robbins,Food
Gourmet cheese platter from Murray's Cheese,Food
Seafood feast at Red Lobster,Food
Farmers market produce from a local vendor,Food
Pizza night at Pizza Hut,Food
Craft beer and burger at a local brewery,Food
Gourmet dinner from Blue Apron,Food
Dinner at a vegan restaurant,Food
Lunch at a food truck festival,Food
Dinner cruise with a gourmet menu,Food
Dessert from Milk Bar,Food
Dinner at a local steakhouse,Food
High tea at a luxury hotel,Food
Gourmet chocolate from Lindt,Food
Fresh seafood from a local fish market,Food
Dinner at a French bistro,Food
Smoothie from Jamba Juice,Food
Dinner at a rooftop restaurant,Food
Artisan bread from a local bakery,Food
Dinner at a Moroccan restaurant,Food
Cooking class at Williams Sonoma,Food
Dinner at a gastropub,Food
Wine and cheese tasting at a vineyard,Food
Gourmet meal kit from Plated,Food
Farm-to-table dinner experience,Food
Gourmet cupcakes from Sprinkles,Food
Breakfast at a local café,Food
Dinner at a Brazilian churrascaria,Food
Dinner at an Indian restaurant,Food
Street food at a night market,Food
Brunch at a rooftop café,Food
Dinner at an Italian trattoria,Food
Vegan meal kit from Purple Carrot,Food
Freshly squeezed juice from a juice bar,Food
Gourmet popcorn from Garrett Popcorn,Food
Dinner at a ramen shop,Food
Lunch at a sandwich shop,Food
Seafood dinner at Joe's Crab Shack,Food
Gourmet donuts from a donut shop,Food
Dinner at a teppanyaki grill,Food
Gourmet pasta from Eataly,Food
Craft cocktails at a speakeasy,Food
Gourmet meal delivery from Freshly,Food
Dinner at a local pub,Food
Chocolate tasting event,Food
Dinner at a tapas bar,Food
Afternoon tea at The Plaza,Food
Gourmet picnic basket from Fortnum & Mason,Food
Dinner at a Thai restaurant,Food
Lunch at a riverside café,Food
Freshly made salad from Sweetgreen,Food
Dinner at a farm-to-fork restaurant,Food
Gourmet sandwich from a deli,Food
Lunch at a garden café,Food
Street food from a weekend market,Food
Dinner at a Korean BBQ,Food
Brunch at a countryside inn,Food
Gourmet burger from Shake Shack,Food
Craft beer tasting at a local brewery,Food
Dinner at a farm-to-table restaurant,Food
Dinner at a historic inn,Food
Fresh produce from a local farm,Food
Lunch at a Mediterranean bistro,Food
Gourmet flatbread from a bakery,Food
Dinner at a rustic eatery,Food
Healthy meal delivery from Trifecta,Food
Dinner at a Cuban restaurant,Food
Gourmet ramen from a noodle shop,Food
Gourmet meal subscription from Home Chef,Food
Dinner at a beachside café,Food
Gourmet ice cream from a parlor,Food
Freshly baked cookies from a bakery,Food
Gourmet chocolate gift box from Godiva,Food
Dinner at a sushi bar,Food
Lunch at a seaside café,Food
Craft cider tasting at a cidery,Food
Dinner at a seafood restaurant,Food
Dinner at a Persian restaurant,Food
Freshly picked vegetables from a farm,Food
Dinner at a Belgian restaurant,Food
Dinner at a noodle bar,Food
Gourmet salad from a salad bar,Food
Gourmet cheese from a cheese shop,Food
Dinner at a rooftop bar,Food
Fresh fruit from an organic farm,Food
Gourmet breakfast from a bakery,Food
Lunch at a city park café,Food
Freshly caught seafood from a harbor,Food
Dinner at a Lebanese restaurant,Food
Gourmet meal kit from Gobble,Food
Gourmet meal delivery from Factor,Food
Dinner at an upscale bistro,Food
Fresh herbs from a local market,Food
Lunch at a botanical garden café,Food
Dinner at a waterfront restaurant,Food
Gourmet dinner from a delivery service,Food
Craft coffee from a local roastery,Food
Gourmet tacos from a taco truck,Food
Dinner at a farm café,Food
Gourmet donuts from Voodoo Doughnut,Food
Dinner at a Spanish restaurant,Food
Fresh salad from a local café,Food
Gourmet steak from a steakhouse,Food
Dinner at a rustic café,Food
Fresh juice from a smoothie bar,Food
Lunch at a beachside café,Food
Dinner at a trendy eatery,Food
Gourmet pasta from an Italian market,Food
Brunch at a waterfront café,Food
Craft chocolate from a chocolatier,Food
Lunch at an eco-friendly café,Food
Gourmet meal subscription from Daily Harvest,Food
Dinner at a Basque restaurant,Food
Gourmet pizza from a wood-fired oven,Food
Lunch at a rooftop café,Food
Gourmet dinner from a pop-up restaurant,Food
Fresh fruit delivery from Farmbox Direct,Food
Gourmet ramen from a noodle shop,Food
Dinner at an Ethiopian restaurant,Food
Gourmet sandwich from a deli,Food
Lunch at a winery,Food
Dinner at a gastropub,Food
Freshly made pasta from an Italian restaurant,Food
Gourmet brunch from a hotel,Food
Lunch at a downtown café,Food
Dinner at a French brasserie,Food
Craft beer and pizza night,Food
Fresh herbs from a local market,Food
Gourmet chocolate tasting event,Food
Dinner at a barbecue restaurant,Food
Fresh seafood from a local fish market,Food
Gourmet cheese tasting event,Food
Dinner at a noodle bar,Food
Fresh produce from a farmers market,Food
Dinner at a farm-to-table bistro,Food
Lunch at a garden café,Food
Gourmet ice cream from a parlor,Food
Dinner at a Korean BBQ restaurant,Food
Lunch at a riverside café,Food
Gourmet chocolate from a local shop,Food
Dinner at a Persian restaurant,Food
Freshly baked bread from a bakery,Food
Dinner at a teahouse,Food
Freshly picked vegetables from a farm,Food
Lunch at a beachside café,Food
Gourmet food truck experience,Food
Craft beer and tapas,Food
Dinner at a Brazilian steakhouse,Food
Lunch at a seaside café,Food
Gourmet meal delivery from Freshly,Food
Dinner at a historic inn,Food
Craft cider tasting at a cidery,Food
Gourmet ramen from a noodle shop,Food
Lunch at a rooftop café,Food
Freshly squeezed juice from a café,Food
Gourmet pasta from an Italian deli,Food
Dinner at a gastropub,Food
Artisan bread from a local bakery,Food
Lunch at a sandwich shop,Food
Gourmet popcorn from a specialty shop,Food
Dinner at a French restaurant,Food
Gourmet meal subscription from Blue Apron,Food
Fresh fruit from a fruit stand,Food
Dinner at a rooftop restaurant,Food
Gourmet burger from a food truck,Food
Lunch at a farm café,Food
Dinner at a bistro,Food
Fresh seafood from Pike Place Market,Food
Dinner at a rustic eatery,Food
Craft beer tasting at a brewery,Food
Dinner at a Moroccan restaurant,Food
Gourmet tacos from a taco truck,Food
Lunch at a farm café,Food
Gourmet meal kit from Sun Basket,Food
Fresh produce from a local farm,Food
Dinner at a Persian restaurant,Food
Gourmet meal delivery from Gobble,Food
Lunch at a garden café,Food
Dinner at a beachside café,Food
Gourmet chocolate from a local shop,Food
Lunch at a city park café,Food
Dinner at a rooftop bar,Food
Craft beer and burger night,Food
Fresh herbs from a local market,Food
Gourmet pasta from an Italian market,Food
Lunch at a winery,Food
Dinner at a Basque restaurant,Food
Gourmet brunch from a hotel,Food
Lunch at an eco-friendly café,Food
Dinner at a historic inn,Food
Craft cider tasting at a cider house,Food
Lunch at a rooftop café,Food
Dinner at a Brazilian steakhouse,Food
Freshly picked vegetables from a farm,Food
Dinner at a gastropub,Food
Gourmet donuts from a donut shop,Food
Lunch at a seaside café,Food
Craft beer tasting at a local brewery,Food
Gourmet ramen from a noodle shop,Food
Lunch at a riverside café,Food
Dinner at a sushi bar,Food
Gourmet meal delivery from Factor,Food
Lunch at a downtown café,Food
Dinner at a Persian restaurant,Food
Fresh seafood from a local fish market,Food
Gourmet chocolate from a chocolatier,Food
Dinner at a Thai restaurant,Food
Gourmet meal kit from HelloFresh,Food
Lunch at a beachside café,Food
Dinner at a trendy eatery,Food
Freshly baked cookies from a bakery,Food
Gourmet steak from a steakhouse,Food
Lunch at a botanical garden café,Food
Dinner at a Spanish restaurant,Food
Craft beer and pizza night,Food
Fresh fruit from an organic farm,Food
Dinner at a rustic café,Food
Gourmet flatbread from a bakery,Food
Lunch at a city park café,Food
Dinner at a farm-to-table restaurant,Food
Freshly made pasta from an Italian restaurant,Food
Gourmet meal subscription from Gobble,Food
Lunch at a garden café,Food
Dinner at a French bistro,Food
Gourmet ice cream from a parlor,Food
Lunch at a seaside café,Food
Craft chocolate from a chocolatier,Food
Gourmet salad from a salad bar,Food
Dinner at a Persian restaurant,Food
Fresh fruit delivery from Farmbox Direct,Food
Dinner at a farm-to-table bistro,Food
Lunch at a rooftop café,Food
Gourmet brunch from a hotel,Food
Dinner at a Belgian restaurant,Food
Fresh herbs from a local market,Food
Lunch at a beachside café,Food
Gourmet tacos from a taco truck,Food
Dinner at a sushi restaurant,Food
Craft beer and burger night,Food
Fresh seafood from a fish market,Food
Gourmet meal kit from Plated,Food
Lunch at a city park café,Food
Dinner at a noodle bar,Food
Freshly baked bread from a bakery,Food
Gourmet pasta from an Italian deli,Food
Lunch at a farm café,Food
Dinner at a gastropub,Food
Fresh produce from a local farm,Food
Gourmet donuts from a donut shop,Food
Lunch at a botanical garden café,Food
Dinner at a Moroccan restaurant,Food
Freshly made salad from a salad bar,Food
Gourmet chocolate from a local shop,Food
Lunch at an eco-friendly café,Food
Dinner at a farm-to-table restaurant,Food
Gourmet meal delivery from Freshly,Food
Lunch at a seaside café,Food
Dinner at a rooftop restaurant,Food
Fresh seafood from Pike Place Market,Food
Craft beer tasting at a cidery,Food
Gourmet cheese platter from Whole Foods,Food
Lunch at a rooftop café,Food
Dinner at a Cuban restaurant,Food
Gourmet ramen from a noodle shop,Food
Fresh herbs from a local market,Food
Lunch at a garden café,Food
Dinner at a Thai restaurant,Food
Gourmet flatbread from a bakery,Food
Lunch at a city park café,Food
Dinner at a Spanish tapas bar,Food
Fresh fruit from a fruit stand,Food
Lunch at a riverside café,Food
Gourmet burger from a food truck,Food
Dinner at a farm-to-table bistro,Food
Gourmet pasta from an Italian market,Food
Lunch at a botanical garden café,Food
Dinner at a rustic eatery,Food
Gourmet donuts from a donut shop,Food
Lunch at a farm café,Food
Craft beer and pizza night,Food
Dinner at a French restaurant,Food
Freshly made pasta from an Italian restaurant,Food
Lunch at a downtown café,Food
Dinner at a sushi bar,Food
Gourmet chocolate tasting event,Food
Lunch at a beachside café,Food
Dinner at a vegan restaurant,Food
Gourmet meal subscription from Blue Apron,Food
Fresh produce from a farmers market,Food
Lunch at a winery,Food
Dinner at a teahouse,Food
Freshly squeezed juice from a smoothie bar,Food
Lunch at a rooftop café,Food
Gourmet tacos from a taco truck,Food
Dinner at a seafood restaurant,Food
Craft beer and tapas,Food
Fresh fruit from an organic farm,Food
Lunch at a garden café,Food
Gourmet brunch from a hotel,Food
Dinner at a Korean BBQ,Food
Fresh herbs from a local market,Food
Lunch at a city park café,Food
Gourmet pasta from an Italian deli,Food
Dinner at a French bistro,Food
Gourmet chocolate from a chocolatier,Food
Lunch at a seaside café,Food
Fresh produce from a local farm,Food
Dinner at a sushi restaurant,Food
Craft beer tasting at a brewery,Food
Gourmet donuts from a donut shop,Food
Lunch at a riverside café,Food
Dinner at a rooftop bar,Food
Freshly made salad from Sweetgreen,Food
Lunch at a beachside café,Food
Gourmet meal delivery from Factor,Food
Dinner at a Spanish restaurant,Food
Gourmet ramen from a noodle shop,Food
Fresh fruit delivery from Farmbox Direct,Food
Lunch at a city park café,Food
Dinner at a rustic café,Food
Craft cider tasting at a cidery,Food
Gourmet steak from a steakhouse,Food
Lunch at a garden café,Food
Fresh seafood from a local fish market,Food
Dinner at a farm-to-fork restaurant,Food
Gourmet pasta from Eataly,Food
Lunch at a rooftop café,Food
Dinner at a Cuban restaurant,Food
Gourmet burger from Shake Shack,Food
Lunch at a botanical garden café,Food
Freshly baked cookies from a bakery,Food
Dinner at a seafood restaurant,Food
Gourmet chocolate gift box from Godiva,Food
Lunch at a seaside café,Food
Craft beer and burger at a local brewery,Food
Gourmet meal delivery from Freshly,Food
Dinner at a rooftop restaurant,Food
Fresh produce from a local farm,Food
Lunch at a city park café,Food
Dinner at a teppanyaki grill,Food
Freshly squeezed juice from a juice bar,Food
Lunch at a garden café,Food
Gourmet pasta from an Italian market,Food
Dinner at a farm-to-table restaurant,Food
Craft beer and pizza night,Food
Lunch at a rooftop café,Food
Gourmet ramen from a noodle shop,Food
Dinner at a historic inn,Food
Fresh fruit from an organic farm,Food
Lunch at a seaside café,Food
Dinner at a gastropub,Food
Gourmet ice cream from a parlor,Food
Lunch at a riverside café,Food
Craft cider tasting at a cidery,Food
Dinner at a vegan restaurant,Food
Gourmet chocolate tasting event,Food
Lunch at a beachside café,Food
Freshly picked vegetables from a farm,Food
Dinner at a Persian restaurant,Food
Gourmet sandwich from a deli,Food
Lunch at a rooftop café,Food
Dinner at a French brasserie,Food
Gourmet meal kit from Sun Basket,Food
Fresh seafood from a fish market,Food
Lunch at a garden café,Food
Gourmet pasta from an Italian deli,Food
Dinner at a noodle bar,Food
Craft beer and burger night,Food
Lunch at a city park café,Food
Freshly baked bread from a bakery,Food
Dinner at a Cuban restaurant,Food
Gourmet chocolate from a local shop,Food
Lunch at a seaside café,Food
Fresh produce from a local farm,Food
Dinner at a sushi bar,Food
Gourmet flatbread from a bakery,Food
Lunch at a riverside café,Food
Dinner at a rustic eatery,Food
Craft beer tasting at a brewery,Food
Gourmet donuts from a donut shop,Food
Lunch at a botanical garden café,Food
Freshly made pasta from an Italian restaurant,Food
Dinner at a Spanish restaurant,Food
Gourmet meal subscription from Blue Apron,Food
Lunch at a farm café,Food
Dinner at a vegan bistro,Food
Gourmet breakfast from a bakery,Food
Lunch at a beachside café,Food
Dinner at a historic inn,Food
Fresh herbs from a local market,Food
Lunch at a garden café,Food
Gourmet meal delivery from Freshly,Food
Dinner at a rooftop restaurant,Food
Gourmet chocolate from a chocolatier,Food
Lunch at a city park café,Food
Dinner at a teahouse,Food
Freshly picked vegetables from a farm,Food
Lunch at a rooftop café,Food
Dinner at a sushi restaurant,Food
Gourmet pasta from an Italian market,Food
Lunch at a seaside café,Food
Dinner at a noodle bar,Food
Craft beer and pizza night,Food
Lunch at a garden café,Food
Gourmet sandwich from a deli,Food
Dinner at a rustic café,Food
Fresh seafood from a local fish market,Food
Lunch at a city park café,Food
Dinner at a Persian restaurant,Food
Gourmet chocolate tasting event,Food
Lunch at a beachside café,Food
Fresh produce from a local farm,Food
Dinner at a French bistro,Food
Gourmet meal delivery from Factor,Food
Lunch at a rooftop café,Food
Dinner at a gastropub,Food
Freshly baked cookies from a bakery,Food
Lunch at a botanical garden café,Food
Gourmet ice cream from a parlor,Food
Dinner at a Cuban restaurant,Food
Gourmet ramen from a noodle shop,Food
Lunch at a riverside café,Food
Dinner at a rooftop bar,Food
Gourmet burger from Shake Shack,Food
Lunch at a farm café,Food
Dinner at a seafood restaurant,Food
Gourmet pasta from an Italian deli,Food
Lunch at a seaside café,Food
Dinner at a Spanish tapas bar,Food
Freshly squeezed juice from a smoothie bar,Food
Lunch at a city park café,Food
Dinner at a sushi bar,Food
Gourmet donuts from a donut shop,Food
Lunch at a garden café,Food
Dinner at a farm-to-fork restaurant,Food
Fresh fruit from an organic farm,Food
Lunch at a rooftop café,Food
Gourmet chocolate from a local shop,Food
Dinner at a French restaurant,Food
Craft beer and burger night,Food
Lunch at a riverside café,Food
Gourmet sandwich from a deli,Food
Dinner at a rustic eatery,Food
Fresh produce from a local farm,Food
Lunch at a city park café,Food
Dinner at a Persian restaurant,Food
Gourmet ice cream from a parlor,Food
Lunch at a beachside café,Food
Dinner at a vegan bistro,Food
Gourmet pasta from an Italian market,Food
Lunch at a garden café,Food
Dinner at a rooftop restaurant,Food
Fresh herbs from a local market,Food
Lunch at a city park café,Food
Dinner at a sushi restaurant,Food
Gourmet flatbread from a bakery,Food
Lunch at a seaside café,Food
Dinner at a noodle bar,Food
Craft beer and pizza night,Food
Lunch at a rooftop café,Food
Freshly picked vegetables from a farm,Food
Dinner at a farm-to-table restaurant,Food
Gourmet chocolate from a local shop,Food
Lunch at a riverside café,Food
Dinner at a Persian restaurant,Food
Gourmet meal subscription from Gobble,Food
Lunch at a city park café,Food
Dinner at a rustic café,Food
Fresh fruit delivery from Farmbox Direct,Food
Lunch at a seaside café,Food
Dinner at a sushi bar,Food
Gourmet pasta from an Italian deli,Food
Lunch at a rooftop café,Food
Dinner at a French bistro,Food
Craft beer and burger night,Food
Lunch at a botanical garden café,Food
Freshly made pasta from an Italian restaurant,Food
Dinner at a noodle bar,Food
Gourmet donuts from a donut shop,Food
Lunch at a garden café,Food
Dinner at a historic inn,Food
Fresh produce from a local farm,Food
Lunch at a beachside café,Food
Gourmet chocolate from a chocolatier,Food
Dinner at a rooftop restaurant,Food
Fresh herbs from a local market,Food
Lunch at a city park café,Food
Truffle hunting and gourmet dinner,Food
Street vendor pho from Vietnam,Food
Cheese and charcuterie board from local deli,Food
Experimental fusion dinner at a pop-up restaurant,Food
Artisanal ice cream from Salt & Straw,Food
Gourmet meal kit for homemade sushi,Food
Exclusive wine pairing dinner event,Food
Farmers market basket from Union Square,Food
Michelin-starred dining experience,Food
Monthly subscription to international snack box,Food
Dinner reservation at a speakeasy restaurant,Food
Artisan pizza from a wood-fired oven,Food
Cooking class for Thai cuisine,Food
Organic farm-to-table brunch,Food
Freshly baked sourdough from a local bakery,Food
Gourmet ramen from a secret noodle bar,Food
Five-course tasting menu at a luxury hotel,Food
Authentic tapas from a Spanish bodega,Food
Chocolate truffle workshop,Food
Farm-to-table dinner under the stars,Food
Exclusive chef’s table dining experience,Food
Dinner at a historic castle,Food
Culinary tour of Little Italy,Food
Craft beer and gourmet burger festival,Food
Dinner at a floating restaurant,Food
Seasonal tasting menu at a mountain lodge,Food
Gourmet popcorn from a boutique shop,Food
Interactive dining experience with molecular gastronomy,Food
Harvest dinner at a vineyard,Food
Gourmet food truck crawl,Food
Breakfast at a hidden gem café,Food
Dine-in cinema experience with a gourmet menu,Food
Gourmet chocolate and wine pairing,Food
Dinner at a cliffside restaurant,Food
Brunch on a vintage train,Food
Exclusive caviar tasting event,Food
Dinner at a celebrity chef’s restaurant,Food
Street food crawl through downtown,Food
Gourmet meal delivery from a local chef,Food
Dinner on a rooftop garden,Food
Freshly squeezed juices from a wellness café,Food
Gourmet taco night with handmade tortillas,Food
Dinner at a secret supper club,Food
Luxury picnic at the park with gourmet treats,Food
High tea with a twist at an eclectic café,Food
Dinner in a private garden,Food
Brunch at a botanical garden café,Food
Chef's special tasting menu at a boutique hotel,Food
Farmers market breakfast burrito,Food
Exclusive dinner cruise with live music,Food
Gourmet street food from around the world,Food
Dinner in an underwater restaurant,Food
Craft cider and artisanal cheese tasting,Food
Gourmet dessert tasting tour,Food
Pop-up dining experience in an art gallery,Food
Seasonal farm-to-fork dinner event,Food
Cooking class for making artisan pasta,Food
Farmers market fresh juice cleanse,Food
Dinner at a retro diner,Food
Gourmet ramen at a hidden alley restaurant,Food
Lunch at a trendy food hall,Food
Dinner at a secluded beach café,Food
Gourmet sushi from a fish market stall,Food
Brunch in a historic garden,Food
Dinner at a candlelit vineyard,Food
Street food safari in a night market,Food
Gourmet food truck festival,Food
Dinner at an antique bookshop café,Food
Breakfast with a view at a rooftop terrace,Food
Dinner at a cozy mountain lodge,Food
Gourmet burger tasting with craft beers,Food
Artisan chocolate making class,Food
Dinner on a private yacht,Food
Seasonal brunch at a countryside farm,Food
Farmers market gourmet picnic,Food
Dinner at a sky-high observation deck restaurant,Food
Culinary tour of a historic district,Food
Exclusive tasting menu in a wine cellar,Food
Gourmet street food from a night bazaar,Food
Cooking class on a rooftop garden,Food
Wine and gourmet cheese evening,Food
Dinner at a boutique vineyard,Food
Gourmet meal delivery by a personal chef,Food
Breakfast at a charming bed and breakfast,Food
Dinner at a floating market,Food
Farmers market vegan smoothie bowl,Food
Exclusive chef's dinner in a private loft,Food
Gourmet BBQ and craft beer night,Food
Brunch at an urban farm café,Food
Dinner in a historic courtyard,Food
Gourmet chocolate fondue night,Food
Cooking class for exotic spices,Food
Dinner in a rainforest restaurant,Food
Street food festival in the old town,Food
Gourmet picnic on a riverbank,Food
Luxury dining in a heritage building,Food
Dinner at an eco-friendly restaurant,Food
Farmers market farm-to-table brunch,Food
Gourmet food truck experience,Food
Dinner at a cozy alpine chalet,Food
Craft beer and gourmet sausage night,Food
Brunch at a countryside manor,Food
Gourmet pasta making class,Food
Exclusive dinner party in a private mansion,Food
Farmers market organic breakfast,Food
Dinner at a historic tavern,Food
Gourmet street food from a weekend market,Food
Cooking class for homemade dumplings,Food
Dinner at a rustic vineyard,Food
Gourmet taco tasting event,Food
Farm-to-table brunch in a greenhouse,Food
Luxury high tea at a riverside café,Food
Dinner at a hidden speakeasy,Food
Gourmet meal kit for French cuisine,Food
Brunch on a vintage streetcar,Food
Dinner at a panoramic view restaurant,Food
Exclusive whiskey and gourmet chocolate tasting,Food
Farmers market fresh smoothie bowl,Food
Dinner at an open-air café,Food
Gourmet street food tour in an exotic city,Food
Culinary class for sushi making,Food
Gourmet food and wine pairing,Food
Dinner at a historic lighthouse,Food
Breakfast at a seaside café,Food
Gourmet picnic at a lavender field,Food
Dinner in a treehouse restaurant,Food
Gourmet street food from a global market,Food
Cooking class for artisan bread,Food
Dinner at a cliffside café,Food
Gourmet burger and craft beer tasting,Food
Farmers market organic lunch,Food
Dinner at a vintage-themed restaurant,Food
Gourmet ramen night with homemade noodles,Food
Brunch at a secret garden café,Food
Dinner at a private rooftop,Food
Gourmet chocolate and craft beer pairing,Food
Farmers market farm-fresh brunch,Food
Dinner at a historic theater café,Food
Gourmet street food crawl in a historic district,Food
Cooking class for Mediterranean cuisine,Food
Dinner at a riverside bistro,Food
Gourmet taco and tequila night,Food
Farm-to-table dinner with a scenic view,Food
Luxury brunch at a rooftop garden,Food
Dinner at a converted warehouse restaurant,Food
Gourmet meal kit for Italian cuisine,Food
Brunch in a heritage garden,Food
Dinner at a panoramic skyline restaurant,Food
Exclusive gin and gourmet cheese pairing,Food
Farmers market fresh juice and smoothie bar,Food
Dinner at a sky-high rooftop café,Food
Gourmet street food festival,Food
Culinary tour of local farmers markets,Food
Dinner at a beachside restaurant,Food
Gourmet food and craft cocktail night,Food
Breakfast at a mountain lodge café,Food
Gourmet picnic at a scenic overlook,Food
Dinner at a floating café,Food
Gourmet street food tour,Food
Cooking class for Thai street food,Food
Dinner at a secret garden restaurant,Food
Gourmet burger and craft beer fest,Food
Farmers market seasonal brunch,Food
Dinner at an urban vineyard,Food
Gourmet ramen festival,Food
Brunch at a riverside café,Food
Dinner at an artist loft restaurant,Food
Gourmet chocolate tasting and pairing,Food
Farmers market farm-fresh dinner,Food
Dinner at a cliffside eatery,Food
Gourmet street food night market,Food
Cooking class for Asian fusion cuisine,Food
Dinner at a historic garden café,Food
Gourmet taco and mezcal tasting,Food
Farm-to-table dinner in an orchard,Food
Luxury high tea at a garden café,Food
Dinner at a rooftop farm,Food
Gourmet meal kit for Spanish tapas,Food
Brunch on a historic steam train,Food
Dinner at a panoramic cliffside restaurant,Food
Exclusive wine and chocolate pairing,Food
Farmers market fresh juice bar,Food
Dinner at an open-air garden café,Food
Gourmet street food tour in a historic city,Food
Culinary class for Italian pasta,Food
Dinner at a riverside eatery,Food
Gourmet food and wine festival,Food
Breakfast at a historic inn,Food
Gourmet picnic at a botanical garden,Food
Dinner in a secret treehouse,Food
Gourmet street food from a local market,Food
Cooking class for French pastries,Food
Dinner at a historic town café,Food
Gourmet burger and beer night,Food
Farmers market brunch with local produce,Food
Dinner at a vintage café,Food
Gourmet ramen from a hidden shop,Food
Brunch at a secret garden,Food
Dinner at a private garden café,Food
Gourmet chocolate and wine night,Food
Farmers market fresh brunch,Food
Dinner at a historic city café,Food
Gourmet street food from a hidden market,Food
Cooking class for Indian street food,Food
Dinner at a riverside café,Food
Gourmet taco night at a local restaurant,Food
Farm-to-table dinner in a vineyard,Food
Luxury brunch at a countryside inn,Food
Dinner at a converted barn restaurant,Food
Gourmet meal kit for homemade pizza,Food
Brunch in a city park,Food
Dinner at a rooftop café with a view,Food
Exclusive wine and gourmet dessert pairing,Food
Farmers market fresh smoothie stand,Food
Dinner at a sky-high restaurant,Food
Gourmet street food crawl,Food
Culinary tour of local markets,Food
Dinner at a beachside bistro,Food
Gourmet food and craft beer tasting,Food
Breakfast at a lakeside café,Food
Gourmet picnic at a nature reserve,Food
Dinner at a floating eatery,Food
Gourmet street food from a night market,Food
Cooking class for Vietnamese cuisine,Food
Dinner at a hidden garden café,Food
Gourmet burger and beer tasting,Food
Farmers market organic lunch,Food
Dinner at a heritage restaurant,Food
Gourmet ramen from a secret restaurant,Food
Brunch at a riverside garden café,Food
Dinner at an artist loft café,Food
Gourmet chocolate tasting event,Food
Farmers market farm-fresh dinner,Food
Dinner at a clifftop restaurant,Food
Gourmet street food festival,Food
Cooking class for Mediterranean dishes,Food
Dinner at a historic bistro,Food
Gourmet taco and margarita night,Food
Farm-to-table dinner with a view,Food
Luxury high tea at a rooftop café,Food
Dinner at a rooftop farm-to-table restaurant,Food
Gourmet meal kit for Mediterranean cuisine,Food
Brunch on a scenic railway,Food
Dinner at a panoramic rooftop restaurant,Food
Exclusive whiskey and gourmet chocolate night,Food
Farmers market fresh juice and smoothie bar,Food
Dinner at a rooftop café,Food
Gourmet street food tour in a historic district,Food
Culinary class for sushi making,Food
Gourmet food and wine pairing event,Food
Dinner at a historic lighthouse café,Food
Breakfast at a beachside café,Food
Gourmet picnic at a vineyard,Food
Dinner in a treehouse restaurant,Food
Gourmet street food from a global market,Food
Cooking class for homemade pasta,Food
Dinner at a clifftop café,Food
Gourmet burger and beer pairing,Food
Farmers market organic brunch,Food
Dinner at a vintage-themed bistro,Food
Gourmet ramen from a hidden noodle bar,Food
Brunch at a garden café,Food
Dinner at a private rooftop garden,Food
Gourmet chocolate and beer pairing,Food
Farmers market farm-fresh breakfast,Food
Dinner at a historic café,Food
Gourmet street food from an exotic market,Food
Cooking class for homemade dumplings,Food
Dinner at a riverside bistro,Food
Gourmet taco night with craft tequila,Food
Farm-to-table dinner in an orchard,Food
Luxury brunch at a garden café,Food
Dinner at a rooftop farm café,Food
Gourmet meal kit for Spanish cuisine,Food
Brunch on a vintage train,Food
Dinner at a panoramic view café,Food
Exclusive wine and chocolate pairing night,Food
Farmers market fresh smoothie bar,Food
Dinner at an open-air café,Food
Gourmet street food tour in an exotic city,Food
Culinary class for Italian pasta dishes,Food
Dinner at a riverside eatery,Food
Gourmet food and craft wine festival,Food
Breakfast at a historic inn café,Food
Gourmet picnic at a botanical garden,Food
Dinner in a secret treehouse café,Food
Gourmet street food from a hidden market,Food
Cooking class for French pastries,Food
Dinner at a historic town bistro,Food
Gourmet burger and beer tasting night,Food
Farmers market brunch with local produce,Food
Dinner at a vintage-themed café,Food
Gourmet ramen from a hidden shop,Food
Brunch at a garden café,Food
Dinner at a private garden eatery,Food
Gourmet chocolate and wine tasting,Food
Farmers market fresh brunch,Food
Dinner at a historic city bistro,Food
Gourmet street food from a hidden market,Food
Cooking class for Indian street food dishes,Food
Dinner at a riverside café,Food
Gourmet taco night at a local eatery,Food
Farm-to-table dinner in a vineyard,Food
Luxury brunch at a countryside café,Food
Dinner at a converted barn eatery,Food
Gourmet meal kit for homemade pizza night,Food
Brunch in a city park café,Food
Dinner at a rooftop eatery with a view,Food
Exclusive wine and gourmet dessert pairing night,Food
Farmers market fresh smoothie stand,Food
Dinner at a sky-high eatery,Food
Gourmet street food crawl,Food
Culinary tour of local markets,Food
Dinner at a beachside bistro,Food
Gourmet food and craft beer tasting,Food
Breakfast at a lakeside café,Food
Gourmet picnic at a nature reserve,Food
Dinner at a floating eatery,Food
Gourmet street food from a night market,Food
Cooking class for Vietnamese cuisine,Food
Dinner at a hidden garden café,Food
Gourmet burger and beer tasting,Food
Farmers market organic lunch,Food
Dinner at a heritage restaurant,Food
Gourmet ramen from a secret restaurant,Food
Brunch at a riverside garden café,Food
Dinner at an artist loft café,Food
Gourmet chocolate tasting event,Food
Farmers market farm-fresh dinner,Food
Dinner at a clifftop restaurant,Food
Gourmet street food festival,Food
Cooking class for Mediterranean dishes,Food
Dinner at a historic bistro,Food
Gourmet taco and margarita night,Food
Farm-to-table dinner with a view,Food
Luxury high tea at a rooftop café,Food
Dinner at a rooftop farm-to-table restaurant,Food
Gourmet meal kit for Mediterranean cuisine,Food
Brunch on a scenic railway,Food
Dinner at a panoramic rooftop restaurant,Food
Exclusive whiskey and gourmet chocolate night,Food
Farmers market fresh juice and smoothie bar,Food
Dinner at a rooftop café,Food
Gourmet street food tour in a historic district,Food
Culinary class for sushi making,Food
Gourmet food and wine pairing event,Food
Dinner at a historic lighthouse café,Food
Breakfast at a beachside café,Food
Gourmet picnic at a vineyard,Food
Dinner in a treehouse restaurant,Food
Gourmet street food from a global market,Food
Cooking class for homemade pasta,Food
Dinner at a clifftop café,Food
Gourmet burger and beer pairing,Food
Farmers market organic brunch,Food
Dinner at a vintage-themed bistro,Food
Gourmet ramen from a hidden noodle bar,Food
Brunch at a garden café,Food
Dinner at a private rooftop garden,Food
Gourmet chocolate and beer pairing,Food
Farmers market farm-fresh breakfast,Food
Dinner at a historic café,Food
Gourmet street food from an exotic market,Food
Cooking class for homemade dumplings,Food
Dinner at a riverside bistro,Food
Gourmet taco night with craft tequila,Food
Farm-to-table dinner in an orchard,Food
Luxury brunch at a garden café,Food
Dinner at a rooftop farm café,Food
Gourmet meal kit for Spanish cuisine,Food
Brunch on a vintage train,Food
Dinner at a panoramic view café,Food
Exclusive wine and chocolate pairing night,Food
Farmers market fresh smoothie bar,Food
Dinner at an open-air garden café,Food
Gourmet street food tour in an exotic city,Food
Culinary class for Italian pasta dishes,Food
Dinner at a riverside eatery,Food
Gourmet food and craft wine festival,Food
Breakfast at a historic inn café,Food
Gourmet picnic at a botanical garden,Food
Dinner in a secret treehouse café,Food
Gourmet street food from a hidden market,Food
Cooking class for French pastries,Food
Dinner at a historic town bistro,Food
Gourmet burger and beer tasting night,Food
Farmers market brunch with local produce,Food
Dinner at a vintage-themed café,Food
Gourmet ramen from a hidden shop,Food
Brunch at a garden café,Food
Dinner at a private garden eatery,Food
Gourmet chocolate and wine tasting,Food
Farmers market fresh brunch,Food
Dinner at a historic city bistro,Food
Gourmet street food from a hidden market,Food
Cooking class for Indian street food dishes,Food
Dinner at a riverside café,Food
Gourmet taco night at a local eatery,Food
Farm-to-table dinner in a vineyard,Food
Luxury brunch at a countryside café,Food
Dinner at a converted barn eatery,Food
Gourmet meal kit for homemade pizza night,Food
Brunch in a city park café,Food
Dinner at a rooftop eatery with a view,Food
Exclusive wine and gourmet dessert pairing night,Food
Farmers market fresh smoothie stand,Food
Dinner at a sky-high eatery,Food
Gourmet street food crawl,Food
Culinary tour of local markets,Food
Dinner at a beachside bistro,Food
Gourmet food and craft beer tasting,Food
Breakfast at a lakeside café,Food
Gourmet picnic at a nature reserve,Food
Dinner at a floating eatery,Food
Gourmet street food from a night market,Food
Daily subway pass for the metro,Transportation
Monthly parking pass for city garage,Transportation
Uber ride to the airport,Transportation
Electric scooter rental for the day,Transportation
Annual membership for bike sharing program,Transportation
One-way flight to Los Angeles,Transportation
Taxi fare for downtown trip,Transportation
Car rental for weekend road trip,Transportation
Train ticket to visit family,Transportation
Monthly bus pass for city transit,Transportation
Ride-sharing app for commute,Transportation
Limo service for special event,Transportation
Gasoline refill at Shell station,Transportation
High-speed rail ticket to another city,Transportation
Day pass for car sharing service,Transportation
Helicopter tour over the city,Transportation
Monthly toll pass for express lanes,Transportation
Taxi to the convention center,Transportation
Shuttle bus to the conference,Transportation
Car wash and detailing service,Transportation
Electric vehicle charging station fee,Transportation
Round-trip ferry ticket,Transportation
Daily rental of electric bicycle,Transportation
Boat ride across the river,Transportation
Monthly train pass for commuters,Transportation
Motorbike rental for city tour,Transportation
Annual pass for public transit system,Transportation
Uber ride to the shopping mall,Transportation
Monthly parking fee for office garage,Transportation
Taxi fare for late-night outing,Transportation
Weekend car rental for getaway,Transportation
Flight ticket for business trip,Transportation
Monthly pass for ferry service,Transportation
Ride-hailing app for errands,Transportation
Parking meter payment for downtown,Transportation
Gas station fill-up for road trip,Transportation
High-speed train to the capital,Transportation
Daily car rental for visitors,Transportation
Limousine service for wedding,Transportation
Airport shuttle service fee,Transportation
Weekly bus pass for work commute,Transportation
Taxi fare to the theater,Transportation
Electric scooter ride around the city,Transportation
Monthly pass for bike rental,Transportation
Ride-hailing service to the restaurant,Transportation
Car wash subscription for clean vehicle,Transportation
Daily subway fare for commuting,Transportation
Ferry ride to the island,Transportation
Train fare for day trip,Transportation
Electric car charging station cost,Transportation
Round-trip bus ticket for intercity travel,Transportation
Rental car for weekend adventure,Transportation
Flight ticket for holiday travel,Transportation
Monthly bike share membership,Transportation
Uber ride to the doctor’s appointment,Transportation
Taxi fare to the hotel,Transportation
Annual pass for car-sharing service,Transportation
Monthly subway card for public transport,Transportation
Parking fee at the shopping center,Transportation
Motorbike taxi ride through traffic,Transportation
Gas fill-up at ExxonMobil,Transportation
Train fare for weekend trip,Transportation
Daily bike rental for sightseeing,Transportation
Luxury car rental for special occasion,Transportation
Airport express train ticket,Transportation
Monthly car wash plan,Transportation
Taxi fare to the airport,Transportation
Electric scooter pass for the weekend,Transportation
Monthly bus card for school commute,Transportation
Boat trip to the nature reserve,Transportation
Ride-sharing service to the concert,Transportation
Daily parking fee for downtown,Transportation
Flight reservation for vacation,Transportation
Monthly ferry pass for island residents,Transportation
Electric vehicle charging cost,Transportation
Round-trip taxi fare for errands,Transportation
Weekly train pass for commuters,Transportation
Motorbike rental for coastal ride,Transportation
Monthly parking permit for residential area,Transportation
Uber ride to the beach,Transportation
Taxi fare to the museum,Transportation
One-day car rental for moving,Transportation
Helicopter shuttle service,Transportation
Annual metro pass for unlimited rides,Transportation
Daily electric bike rental,Transportation
Ferry fare to the beach town,Transportation
Train ticket to attend a seminar,Transportation
Monthly car share membership,Transportation
Parking fee for sports event,Transportation
Taxi fare for night out,Transportation
Monthly subscription for car wash,Transportation
Gas station refill for weekend trip,Transportation
Flight booking for family visit,Transportation
Monthly bus subscription for office commute,Transportation
Ride-hailing service to the park,Transportation
Daily parking pass for city lot,Transportation
Train fare for holiday travel,Transportation
Electric scooter rental for errands,Transportation
Car rental for cross-country trip,Transportation
Annual bike share program membership,Transportation
Uber ride to the hospital,Transportation
Taxi fare to the zoo,Transportation
High-speed rail pass for intercity commute,Transportation
Monthly parking subscription for work,Transportation
Gas refill at BP station,Transportation
Train fare for business meeting,Transportation
Daily bike hire for urban exploring,Transportation
Luxury limousine rental for prom night,Transportation
Airport limo service reservation,Transportation
Weekly pass for local bus service,Transportation
Taxi fare to the cinema,Transportation
Electric scooter for weekend fun,Transportation
Monthly bike rental for fitness,Transportation
Ride-hailing app for grocery shopping,Transportation
Car wash and wax package,Transportation
Subway ticket for morning commute,Transportation
Ferry ride to the historic site,Transportation
Train fare for visiting friends,Transportation
Electric vehicle charging at mall,Transportation
Bus fare for school field trip,Transportation
Rental car for family vacation,Transportation
Flight ticket to attend a conference,Transportation
Monthly bike sharing subscription,Transportation
Uber ride to the university,Transportation
Taxi fare to the nightclub,Transportation
Annual parking pass for business district,Transportation
Monthly subway subscription for students,Transportation
Parking charge at event venue,Transportation
Motorbike hire for weekend,Transportation
Gas top-up at Chevron,Transportation
Train fare for sightseeing,Transportation
Daily electric bike hire,Transportation
VIP car service for special event,Transportation
Airport shuttle booking,Transportation
Annual pass for metro system,Transportation
Daily pass for bike sharing,Transportation
Ferry fare to nearby town,Transportation
Train ticket for festival,Transportation
Monthly car rental membership,Transportation
Parking fee at stadium,Transportation
Taxi fare for grocery run,Transportation
Car wash and vacuum service,Transportation
Gas refill at Shell,Transportation
Flight booking for holiday,Transportation
Monthly bus pass for residents,Transportation
Ride-sharing service for errands,Transportation
Parking fee for downtown shopping,Transportation
Train fare for family trip,Transportation
Electric scooter rental for day out,Transportation
Car hire for road trip,Transportation
Annual bike rental pass,Transportation
Uber ride to the dentist,Transportation
Taxi fare to the aquarium,Transportation
Monthly parking pass for university,Transportation
Gas refill at local station,Transportation
Train fare for daily commute,Transportation
Daily bike rental for tourists,Transportation
Luxury SUV rental for weekend,Transportation
Airport transfer service,Transportation
Weekly subway pass for students,Transportation
Ferry fare to amusement park,Transportation
Train ticket to the mountains,Transportation
Monthly car sharing subscription,Transportation
Parking meter fee for downtown,Transportation
Taxi fare for shopping spree,Transportation
Monthly car wash membership,Transportation
Flight ticket for spring break,Transportation
Weekly bus pass for school,Transportation
Ride-hailing service to the store,Transportation
Daily parking ticket for city lot,Transportation
Train fare for weekend getaway,Transportation
Electric scooter hire for sightseeing,Transportation
Car rental for weekend escape,Transportation
Annual membership for bike rentals,Transportation
Uber ride to the gym,Transportation
Taxi fare to the conference center,Transportation
High-speed rail fare for work commute,Transportation
Monthly parking pass for apartment,Transportation
Gas refill at Costco,Transportation
Train fare for visiting relatives,Transportation
Daily bike hire for locals,Transportation
VIP shuttle service for guests,Transportation
Airport express shuttle fare,Transportation
Weekly pass for metro,Transportation
Ferry fare to nearby island,Transportation
Train ticket for music festival,Transportation
Monthly car rental plan,Transportation
Parking fee at concert hall,Transportation
Taxi fare to the grocery store,Transportation
Car wash with interior cleaning,Transportation
Gas refill at Mobil,Transportation
Flight booking for business,Transportation
Monthly bus card for commuters,Transportation
Ride-sharing app for local travel,Transportation
Parking fee at shopping mall,Transportation
Train fare for a scenic route,Transportation
Electric scooter rental for exploring,Transportation
Car hire for a week,Transportation
Bike rental for weekend adventure,Transportation
Uber ride to the clinic,Transportation
Taxi fare to the airport hotel,Transportation
Annual metro pass for students,Transportation
Gas refill at city station,Transportation
Train fare for a quick trip,Transportation
Daily bike rental for errands,Transportation
VIP car service for executives,Transportation
Airport limo booking,Transportation
Weekly bus pass for daily travel,Transportation
Ferry fare to coastal town,Transportation
Train ticket for holiday trip,Transportation
Monthly car sharing service,Transportation
Parking fee for local event,Transportation
Taxi fare to the shopping center,Transportation
Monthly car wash subscription,Transportation
Flight ticket for weekend trip,Transportation
Weekly bus pass for commuters,Transportation
Ride-sharing app for night out,Transportation
Daily parking pass for office,Transportation
Train fare for a city tour,Transportation
Electric scooter rental for city ride,Transportation
Car hire for business trip,Transportation
Annual bike hire membership,Transportation
Uber ride to the train station,Transportation
Taxi fare to the library,Transportation
Monthly parking permit for employees,Transportation
Gas refill at freeway station,Transportation
Train fare for a day trip,Transportation
Daily bike rental for fitness,Transportation
VIP car service for airport transfer,Transportation
Airport shuttle fare for family,Transportation
Weekly pass for public transit,Transportation
Ferry fare to scenic location,Transportation
Train ticket for school trip,Transportation
Monthly car rental subscription,Transportation
Parking fee at sports arena,Transportation
Taxi fare to the shopping mall,Transportation
Car wash and detailing package,Transportation
Gas refill at BP station,Transportation
Flight booking for family holiday,Transportation
Monthly bus pass for city dwellers,Transportation
Ride-sharing app for work commute,Transportation
Parking fee for office building,Transportation
Train fare for weekend travel,Transportation
Electric scooter rental for weekend fun,Transportation
Car hire for holiday trip,Transportation
Annual membership for bike share,Transportation
Uber ride to the theater,Transportation
Taxi fare to the stadium,Transportation
High-speed rail fare for daily travel,Transportation
Monthly parking pass for employees,Transportation
Gas refill at highway station,Transportation
Train fare for a business trip,Transportation
Daily bike hire for urban travel,Transportation
VIP shuttle service for VIP guests,Transportation
Airport express shuttle ticket,Transportation
Weekly pass for city metro,Transportation
Ferry fare to remote island,Transportation
Train ticket for weekend visit,Transportation
Monthly car sharing plan,Transportation
Parking fee for shopping center,Transportation
Taxi fare to the local market,Transportation
Monthly car wash service,Transportation
Flight ticket for family vacation,Transportation
Weekly bus pass for locals,Transportation
Ride-sharing app for quick errands,Transportation
Daily parking fee for business district,Transportation
Train fare for city excursion,Transportation
Electric scooter rental for errands,Transportation
Car hire for cross-country travel,Transportation
Annual membership for bike rentals,Transportation
Uber ride to the concert,Transportation
Taxi fare to the museum,Transportation
Monthly parking permit for commuters,Transportation
Gas refill at city station,Transportation
Train fare for weekend outing,Transportation
Daily bike rental for commuting,Transportation
VIP car service for business clients,Transportation
Airport shuttle booking for guests,Transportation
Weekly metro pass for commuters,Transportation
Ferry fare to nearby resort,Transportation
Train ticket for festival attendance,Transportation
Monthly car rental membership,Transportation
Parking fee at event venue,Transportation
Taxi fare to the grocery store,Transportation
Car wash with wax and polish,Transportation
Gas refill at service station,Transportation
Flight booking for holiday travel,Transportation
Monthly bus card for residents,Transportation
Ride-sharing service for shopping trip,Transportation
Parking fee at downtown garage,Transportation
Train fare for scenic travel,Transportation
Electric scooter hire for weekend fun,Transportation
Car hire for business trip,Transportation
Annual bike hire program,Transportation
Uber ride to the hotel,Transportation
Taxi fare to the doctor's office,Transportation
High-speed rail pass for daily commute,Transportation
Monthly parking pass for apartment,Transportation
Gas refill at local station,Transportation
Train fare for city commute,Transportation
Daily bike rental for tourists,Transportation
VIP car service for special guests,Transportation
Airport shuttle service for travelers,Transportation
Weekly bus pass for daily commute,Transportation
Ferry fare to coastal city,Transportation
Train ticket for vacation travel,Transportation
Monthly car sharing membership,Transportation
Parking fee at local market,Transportation
Taxi fare to the restaurant,Transportation
Monthly car wash subscription,Transportation
Flight ticket for weekend getaway,Transportation
Weekly bus pass for work commute,Transportation
Ride-sharing service for quick trip,Transportation
Daily parking ticket for city,Transportation
Train fare for day outing,Transportation
Electric scooter hire for city exploration,Transportation
Car rental for weekend adventure,Transportation
Annual bike rental membership,Transportation
Uber ride to the downtown area,Transportation
Taxi fare to the shopping plaza,Transportation
Monthly parking permit for business area,Transportation
Gas refill at highway stop,Transportation
Train fare for office commute,Transportation
Daily bike hire for local trips,Transportation
VIP car service for executive travel,Transportation
Airport shuttle fare for visitors,Transportation
Weekly metro pass for students,Transportation
Ferry fare to tourist destination,Transportation
Train ticket for weekend excursion,Transportation
Monthly car rental subscription,Transportation
Parking fee at sports complex,Transportation
Taxi fare to the theater,Transportation
Car wash with interior detailing,Transportation
Gas refill at freeway stop,Transportation
Flight booking for business travel,Transportation
Monthly bus card for office commute,Transportation
Ride-sharing app for errands,Transportation
Parking fee at office garage,Transportation
Train fare for daily work commute,Transportation
Electric scooter rental for downtown,Transportation
Car rental for family trip,Transportation
Annual membership for city bike share,Transportation
Uber ride to the sports event,Transportation
Taxi fare to the shopping district,Transportation
Monthly parking pass for employees,Transportation
Gas refill at local gas station,Transportation
Train fare for work travel,Transportation
Daily bike rental for locals,Transportation
VIP car service for clients,Transportation
Airport express train fare,Transportation
Weekly bus pass for commuters,Transportation
Ferry fare to nearby island,Transportation
Train ticket for holiday travel,Transportation
Monthly car rental plan,Transportation
Parking fee at concert venue,Transportation
Taxi fare to the local store,Transportation
Car wash with exterior polish,Transportation
Gas refill at service station,Transportation
Flight booking for family visit,Transportation
Monthly bus pass for residents,Transportation
Ride-sharing service for work travel,Transportation
Parking fee at business center,Transportation
Train fare for day trip,Transportation
Electric scooter rental for tourists,Transportation
Car rental for vacation,Transportation
Annual bike share membership,Transportation
Uber ride to the office,Transportation
Taxi fare to the airport terminal,Transportation
Monthly parking permit for residential area,Transportation
Gas refill at nearby station,Transportation
Train fare for short trip,Transportation
Daily bike rental for errands,Transportation
VIP car service for special occasions,Transportation
Airport shuttle service for hotel guests,Transportation
Weekly metro pass for city travel,Transportation
Ferry fare to coastal area,Transportation
Train ticket for weekend getaway,Transportation
Monthly car sharing subscription,Transportation
Parking fee at event location,Transportation
Taxi fare to the shopping center,Transportation
Monthly car wash service,Transportation
Flight ticket for vacation travel,Transportation
Weekly bus pass for city travel,Transportation
Ride-sharing app for quick ride,Transportation
Daily parking fee for downtown,Transportation
Train fare for scenic tour,Transportation
Electric scooter hire for weekend trip,Transportation
Car hire for family vacation,Transportation
Annual bike hire membership,Transportation
Uber ride to the convention center,Transportation
Taxi fare to the hospital,Transportation
High-speed rail pass for commuters,Transportation
Monthly parking pass for office building,Transportation
Gas refill at freeway station,Transportation
Train fare for daily travel,Transportation
Daily bike hire for tourists,Transportation
VIP car service for airport drop-off,Transportation
Airport shuttle fare for visitors,Transportation
Weekly metro pass for locals,Transportation
Ferry fare to vacation spot,Transportation
Train ticket for weekend travel,Transportation
Monthly car rental plan,Transportation
Parking fee at shopping center,Transportation
Taxi fare to the grocery store,Transportation
Car wash with detailing package,Transportation
Gas refill at fuel station,Transportation
Flight booking for vacation,Transportation
Monthly bus pass for daily commute,Transportation
Ride-sharing service for errands,Transportation
Parking fee at city lot,Transportation
Train fare for office commute,Transportation
Electric scooter rental for sightseeing,Transportation
Car rental for short trip,Transportation
Annual bike rental program,Transportation
Uber ride to the university campus,Transportation
Taxi fare to the cinema,Transportation
Monthly parking pass for work,Transportation
Gas refill at gas station,Transportation
Train fare for a day out,Transportation
Daily bike hire for commuters,Transportation
VIP car service for business travel,Transportation
Airport express shuttle ticket,Transportation
Weekly pass for metro system,Transportation
Ferry fare to resort island,Transportation
Train ticket for weekend holiday,Transportation
Monthly car sharing plan,Transportation
Parking fee at local event,Transportation
Taxi fare to the restaurant,Transportation
Monthly car wash pass,Transportation
Flight ticket for business trip,Transportation
Weekly bus pass for city commuters,Transportation
Ride-sharing app for local errands,Transportation
Daily parking ticket for business area,Transportation
Train fare for weekend outing,Transportation
Electric scooter hire for exploring,Transportation
Car rental for weekend getaway,Transportation
Annual bike rental membership,Transportation
Uber ride to the hotel,Transportation
Taxi fare to the doctor's office,Transportation
Monthly parking permit for city center,Transportation
Gas refill at highway station,Transportation
Train fare for short trip,Transportation
Daily bike rental for urban exploring,Transportation
VIP car service for special guests,Transportation
Airport shuttle booking for travelers,Transportation
Weekly pass for public transit system,Transportation
Ferry fare to coastal town,Transportation
Train ticket for holiday travel,Transportation
Monthly car rental subscription,Transportation
Parking fee at concert hall,Transportation
Taxi fare to the market,Transportation
Car wash with interior cleaning,Transportation
Gas refill at BP station,Transportation
Flight booking for holiday trip,Transportation
Monthly bus card for residents,Transportation
Ride-sharing service for grocery run,Transportation
Parking fee at downtown garage,Transportation
Train fare for day trip,Transportation
Electric scooter rental for errands,Transportation
Car hire for family trip,Transportation
Annual bike rental membership,Transportation
Uber ride to the gym,Transportation
Taxi fare to the local market,Transportation
Monthly parking permit for commuters,Transportation
Gas refill at service station,Transportation
Train fare for work commute,Transportation
Daily bike hire for city travel,Transportation
VIP car service for executives,Transportation
Airport express train fare,Transportation
Weekly pass for city metro,Transportation
Ferry fare to nearby resort,Transportation
Train ticket for weekend getaway,Transportation
Monthly car sharing membership,Transportation
Parking fee at stadium,Transportation
Taxi fare to the store,Transportation
Car wash with exterior detailing,Transportation
Gas refill at local gas station,Transportation
Flight booking for family visit,Transportation
Monthly bus card for daily travel,Transportation
Ride-sharing app for quick trips,Transportation
Parking fee at business district,Transportation
Train fare for weekend travel,Transportation
Electric scooter rental for city ride,Transportation
Car rental for holiday travel,Transportation
Annual bike share membership,Transportation
Uber ride to the theater,Transportation
Taxi fare to the hotel,Transportation
Monthly parking pass for employees,Transportation
Gas refill at highway stop,Transportation
Train fare for daily commute,Transportation
Daily bike rental for tourists,Transportation
VIP car service for client meetings,Transportation
Airport shuttle fare for family,Transportation
Weekly pass for public transport,Transportation
Ferry fare to coastal area,Transportation
Train ticket for family trip,Transportation
Monthly car rental membership,Transportation
Parking fee at sports arena,Transportation
Taxi fare to the restaurant,Transportation
Monthly car wash membership,Transportation
Flight ticket for business travel,Transportation
Weekly bus pass for locals,Transportation
Ride-sharing service for local travel,Transportation
Parking fee at shopping mall,Transportation
Train fare for weekend visit,Transportation
Electric scooter hire for sightseeing,Transportation
Car hire for a week,Transportation
Annual membership for bike rentals,Transportation
Uber ride to the downtown area,Transportation
Taxi fare to the grocery store,Transportation
Monthly parking permit for residential area,Transportation
Gas refill at nearby station,Transportation
Train fare for short trip,Transportation
Daily bike rental for errands,Transportation
VIP car service for special events,Transportation
Airport shuttle service for hotel guests,Transportation
Weekly metro pass for commuters,Transportation
Ferry fare to coastal city,Transportation
Train ticket for vacation travel,Transportation
Monthly car sharing membership,Transportation
Parking fee at local market,Transportation
Taxi fare to the local mall,Transportation
Monthly car wash service,Transportation
Flight ticket for family vacation,Transportation
Weekly bus pass for work commute,Transportation
Ride-sharing service for quick trips,Transportation
Daily parking ticket for city lot,Transportation
Train fare for day trip,Transportation
Electric scooter hire for weekend fun,Transportation
Car rental for family trip,Transportation
Annual bike share program,Transportation
Uber ride to the clinic,Transportation
Taxi fare to the library,Transportation
Monthly parking permit for business district,Transportation
Gas refill at city station,Transportation
Train fare for quick trip,Transportation
Daily bike hire for local trips,Transportation
VIP car service for business meetings,Transportation
Airport shuttle fare for visitors,Transportation
Weekly metro pass for commuters,Transportation
Ferry fare to tourist destination,Transportation
Train ticket for weekend excursion,Transportation
Monthly car sharing subscription,Transportation
Parking fee at event location,Transportation
Taxi fare to the store,Transportation
Monthly car wash membership,Transportation
Flight ticket for family holiday,Transportation
Weekly bus pass for daily commute,Transportation
Ride-sharing app for errands,Transportation
Daily parking ticket for downtown,Transportation
Train fare for city travel,Transportation
Electric scooter rental for city ride,Transportation
Car hire for business trip,Transportation
Annual bike rental membership,Transportation
Uber ride to the hotel,Transportation
Taxi fare to the airport terminal,Transportation
Monthly parking permit for work,Transportation
Gas refill at freeway stop,Transportation
Train fare for daily commute,Transportation
Daily bike rental for commuting,Transportation
VIP car service for special guests,Transportation
Airport shuttle booking for travelers,Transportation
Weekly pass for public transit,Transportation
Ferry fare to coastal area,Transportation
Train ticket for weekend holiday,Transportation
Monthly car rental subscription,Transportation
Parking fee at local event,Transportation
Taxi fare to the restaurant,Transportation
Monthly car wash service,Transportation
Flight ticket for holiday travel,Transportation
Weekly bus pass for commuters,Transportation
Ride-sharing app for quick errands,Transportation
Daily parking fee for business district,Transportation
Train fare for city travel,Transportation
Electric scooter rental for exploring,Transportation
Car rental for weekend adventure,Transportation
Annual bike rental program,Transportation
Uber ride to the hospital,Transportation
Taxi fare to the grocery store,Transportation
Monthly parking permit for business area,Transportation
Gas refill at city station,Transportation
Train fare for day trip,Transportation
Daily bike rental for tourists,Transportation
VIP car service for business travel,Transportation
Airport shuttle fare for travelers,Transportation
Weekly metro pass for city travel,Transportation
Ferry fare to vacation spot,Transportation
Train ticket for weekend getaway,Transportation
Monthly car sharing plan,Transportation
Parking fee at concert hall,Transportation
Taxi fare to the market,Transportation
Car wash with interior cleaning,Transportation
Gas refill at BP station,Transportation
Flight booking for holiday trip,Transportation
Monthly bus card for daily travel,Transportation
Ride-sharing service for grocery run,Transportation
Parking fee at downtown garage,Transportation
Train fare for day trip,Transportation
Electric scooter rental for errands,Transportation
Car hire for family trip,Transportation
Annual bike rental membership,Transportation
Uber ride to the gym,Transportation
Taxi fare to the local market,Transportation
Monthly parking permit for commuters,Transportation
Gas refill at service station,Transportation
Train fare for work commute,Transportation
Daily bike hire for city travel,Transportation
VIP car service for executives,Transportation
Airport express train fare,Transportation
Weekly pass for city metro,Transportation
Ferry fare to nearby resort,Transportation
Train ticket for weekend getaway,Transportation
Monthly car sharing membership,Transportation
Parking fee at stadium,Transportation
Taxi fare to the store,Transportation
Car wash with exterior detailing,Transportation
Gas refill at local gas station,Transportation
Flight booking for family visit,Transportation
Monthly bus card for daily travel,Transportation
Ride-sharing app for quick trips,Transportation
Parking fee at business district,Transportation
Train fare for weekend travel,Transportation
Electric scooter rental for city ride,Transportation
Car rental for holiday travel,Transportation
Annual bike share membership,Transportation
Uber ride to the theater,Transportation
Taxi fare to the hotel,Transportation
Monthly parking pass for employees,Transportation
Gas refill at highway stop,Transportation
Train fare for daily commute,Transportation
Daily bike rental for tourists,Transportation
VIP car service for client meetings,Transportation
Airport shuttle fare for family,Transportation
Weekly pass for public transport,Transportation
Ferry fare to coastal area,Transportation
Train ticket for family trip,Transportation
Monthly car rental membership,Transportation
Parking fee at sports arena,Transportation
Taxi fare to the restaurant,Transportation
Monthly car wash membership,Transportation
Flight ticket for business travel,Transportation
Weekly bus pass for locals,Transportation
Ride-sharing service for local travel,Transportation
Parking fee at shopping mall,Transportation
Train fare for weekend visit,Transportation
Electric scooter hire for sightseeing,Transportation
Car hire for a week,Transportation
Annual membership for bike rentals,Transportation
Uber ride to the downtown area,Transportation
Taxi fare to the grocery store,Transportation
Monthly parking permit for residential area,Transportation
Gas refill at nearby station,Transportation
Train fare for short trip,Transportation
Daily bike rental for errands,Transportation
VIP car service for special events,Transportation
Airport shuttle service for hotel guests,Transportation
Weekly metro pass for commuters,Transportation
Ferry fare to coastal city,Transportation
Train ticket for vacation travel,Transportation
Monthly car sharing membership,Transportation
Parking fee at local market,Transportation
Taxi fare to the local mall,Transportation
Monthly car wash service,Transportation
Flight ticket for family vacation,Transportation
Weekly bus pass for work commute,Transportation
Ride-sharing service for quick trips,Transportation
Daily parking ticket for city lot,Transportation
Train fare for day trip,Transportation
Electric scooter hire for weekend fun,Transportation
Car rental for family trip,Transportation
Annual bike share program,Transportation
Uber ride to the clinic,Transportation
Taxi fare to the library,Transportation
Monthly parking permit for business district,Transportation
Gas refill at city station,Transportation
Train fare for quick trip,Transportation
Daily bike hire for local trips,Transportation
VIP car service for business meetings,Transportation
Airport shuttle fare for visitors,Transportation
Weekly metro pass for commuters,Transportation
Ferry fare to tourist destination,Transportation
Train ticket for weekend excursion,Transportation
Monthly car sharing subscription,Transportation
Parking fee at event location,Transportation
Taxi fare to the store,Transportation
Monthly car wash membership,Transportation
Flight ticket for family holiday,Transportation
Weekly bus pass for daily commute,Transportation
Ride-sharing app for errands,Transportation
Daily parking ticket for downtown,Transportation
Train fare for city travel,Transportation
Electric scooter rental for city ride,Transportation
Car hire for business trip,Transportation
Annual bike rental membership,Transportation
Uber ride to the hotel,Transportation
Taxi fare to the airport terminal,Transportation
Monthly parking permit for work,Transportation
Gas refill at freeway stop,Transportation
Train fare for daily commute,Transportation
Daily bike rental for commuting,Transportation
VIP car service for special guests,Transportation
Airport shuttle booking for travelers,Transportation
Weekly pass for public transit,Transportation
Ferry fare to coastal area,Transportation
Train ticket for weekend holiday,Transportation
Monthly car rental subscription,Transportation
Parking fee at local event,Transportation
Taxi fare to the restaurant,Transportation
Monthly car wash service,Transportation
Flight ticket for holiday travel,Transportation
Weekly bus pass for commuters,Transportation
Ride-sharing app for quick errands,Transportation
Daily parking fee for business district,Transportation
Train fare for city travel,Transportation
Electric scooter rental for exploring,Transportation
Car rental for weekend adventure,Transportation
Annual bike rental program,Transportation
Uber ride to the hospital,Transportation
Taxi fare to the grocery store,Transportation
Monthly parking permit for business area,Transportation
Gas refill at city station,Transportation
Train fare for day trip,Transportation
Daily bike rental for tourists,Transportation
VIP car service for business travel,Transportation
Airport shuttle fare for travelers,Transportation
Weekly metro pass for city travel,Transportation
Ferry fare to vacation spot,Transportation
Train ticket for weekend getaway,Transportation
Monthly car sharing plan,Transportation
Parking fee at concert hall,Transportation
Taxi fare to the market,Transportation
Car wash with interior cleaning,Transportation
Gas refill at BP station,Transportation
Flight booking for holiday trip,Transportation
Monthly bus card for daily travel,Transportation
Ride-sharing service for grocery run,Transportation
Parking fee at downtown garage,Transportation
Train fare for day trip,Transportation
Electric scooter rental for errands,Transportation
Car hire for family trip,Transportation
Annual bike rental membership,Transportation
Uber ride to the gym,Transportation
Taxi fare to the local market,Transportation
Monthly parking permit for commuters,Transportation
Gas refill at service station,Transportation
Train fare for work commute,Transportation
Daily bike hire for city travel,Transportation
VIP car service for executives,Transportation
Airport express train fare,Transportation
Weekly pass for city metro,Transportation
Ferry fare to nearby resort,Transportation
Train ticket for weekend getaway,Transportation
Monthly car sharing membership,Transportation
Parking fee at stadium,Transportation
Taxi fare to the store,Transportation
Car wash with exterior detailing,Transportation
Gas refill at local gas station,Transportation
Flight booking for family visit,Transportation
Monthly bus card for daily travel,Transportation
Ride-sharing app for quick trips,Transportation
Parking fee at business district,Transportation
Train fare for weekend travel,Transportation
Electric scooter rental for city ride,Transportation
Car rental for holiday travel,Transportation
Annual bike share membership,Transportation
Uber ride to the theater,Transportation
Taxi fare to the hotel,Transportation
Monthly parking pass for employees,Transportation
Gas refill at highway stop,Transportation
Train fare for daily commute,Transportation
Daily bike rental for tourists,Transportation
VIP car service for client meetings,Transportation
Airport shuttle fare for family,Transportation
Weekly pass for public transport,Transportation
Ferry fare to coastal area,Transportation
Train ticket for family trip,Transportation
Monthly car rental membership,Transportation
Parking fee at sports arena,Transportation
Taxi fare to the restaurant,Transportation
Monthly car wash membership,Transportation
Flight ticket for business travel,Transportation
Weekly bus pass for locals,Transportation
Ride-sharing service for local travel,Transportation
Parking fee at shopping mall,Transportation
Train fare for weekend visit,Transportation
Electric scooter hire for sightseeing,Transportation
Car hire for a week,Transportation
Annual membership for bike rentals,Transportation
Uber ride to the downtown area,Transportation
Taxi fare to the grocery store,Transportation
Monthly parking permit for residential area,Transportation
Gas refill at nearby station,Transportation
Train fare for short trip,Transportation
Daily bike rental for errands,Transportation
VIP car service for special events,Transportation
Airport shuttle service for hotel guests,Transportation
Weekly metro pass for commuters,Transportation
Ferry fare to coastal city,Transportation
Train ticket for vacation travel,Transportation
Monthly car sharing membership,Transportation
Parking fee at local market,Transportation
Taxi fare to the local mall,Transportation
Monthly car wash service,Transportation
Flight ticket for family vacation,Transportation
Weekly bus pass for work commute,Transportation
Ride-sharing service for quick trips,Transportation
Daily parking ticket for city lot,Transportation
Train fare for day trip,Transportation
Electric scooter hire for weekend fun,Transportation
Car rental for family trip,Transportation
Annual bike share program,Transportation
Uber ride to the clinic,Transportation
Taxi fare to the library,Transportation
Monthly parking permit for business district,Transportation
Gas refill at city station,Transportation
Train fare for quick trip,Transportation
Daily bike hire for local trips,Transportation
VIP car service for business meetings,Transportation
Airport shuttle fare for visitors,Transportation
Weekly metro pass for commuters,Transportation
Ferry fare to tourist destination,Transportation
Train ticket for weekend excursion,Transportation
Monthly car sharing subscription,Transportation
Parking fee at event location,Transportation
Taxi fare to the store,Transportation
Monthly car wash membership,Transportation
Flight ticket for family holiday,Transportation
Weekly bus pass for daily commute,Transportation
Ride-sharing app for errands,Transportation
Daily parking ticket for downtown,Transportation
Train fare for city travel,Transportation
Electric scooter rental for city ride,Transportation
Car hire for business trip,Transportation
Annual bike rental membership,Transportation
Uber ride to the hotel,Transportation
Taxi fare to the airport terminal,Transportation
Monthly parking permit for work,Transportation
Gas refill at freeway stop,Transportation
Train fare for daily commute,Transportation
Daily bike rental for commuting,Transportation
VIP car service for special guests,Transportation
Airport shuttle booking for travelers,Transportation
Weekly pass for public transit,Transportation
Ferry fare to coastal area,Transportation
Train ticket for weekend holiday,Transportation
Monthly car rental subscription,Transportation
Parking fee at local event,Transportation
Taxi fare to the restaurant,Transportation
Monthly car wash service,Transportation
Flight ticket for holiday travel,Transportation
Weekly bus pass for commuters,Transportation
Ride-sharing app for quick errands,Transportation
Daily parking fee for business district,Transportation
Train fare for city travel,Transportation
Electric scooter rental for exploring,Transportation
Car rental for weekend adventure,Transportation
Annual bike rental program,Transportation
Uber ride to the hospital,Transportation
Taxi fare to the grocery store,Transportation
Monthly parking permit for business area,Transportation
Gas refill at city station,Transportation
Train fare for day trip,Transportation
Daily bike rental for tourists,Transportation
VIP car service for business travel,Transportation
Airport shuttle fare for travelers,Transportation
Weekly metro pass for city travel,Transportation
Ferry fare to vacation spot,Transportation
Train ticket for weekend getaway,Transportation
Monthly car sharing plan,Transportation
Parking fee at concert hall,Transportation
Taxi fare to the market,Transportation
Car wash with interior cleaning,Transportation
Gas refill at BP station,Transportation
Flight booking for holiday trip,Transportation
Monthly bus card for daily travel,Transportation
Ride-sharing service for grocery run,Transportation
Parking fee at downtown garage,Transportation
Train fare for day trip,Transportation
Electric scooter rental for errands,Transportation
Car hire for family trip,Transportation
Annual bike rental membership,Transportation
Uber ride to the gym,Transportation
Taxi fare to the local market,Transportation
Monthly parking permit for commuters,Transportation
Gas refill at service station,Transportation
Train fare for work commute,Transportation
Daily bike hire for city travel,Transportation
VIP car service for executives,Transportation
Airport express train fare,Transportation
Weekly pass for city metro,Transportation
Ferry fare to nearby resort,Transportation
Train ticket for weekend getaway,Transportation
Monthly car sharing membership,Transportation
Parking fee at stadium,Transportation
Taxi fare to the store,Transportation
Car wash with exterior detailing,Transportation
Gas refill at local gas station,Transportation
Flight booking for family visit,Transportation
Monthly bus card for daily travel,Transportation
Ride-sharing app for quick trips,Transportation
Parking fee at business district,Transportation
Train fare for weekend travel,Transportation
Electric scooter rental for city ride,Transportation
Car rental for holiday travel,Transportation
Annual bike share membership,Transportation
Uber ride to the theater,Transportation
Taxi fare to the hotel,Transportation
Monthly parking pass for employees,Transportation
Gas refill at highway stop,Transportation
Train fare for daily commute,Transportation
Daily bike rental for tourists,Transportation
VIP car service for client meetings,Transportation
Airport shuttle fare for family,Transportation
Weekly pass for public transport,Transportation
Ferry fare to coastal area,Transportation
Train ticket for family trip,Transportation
Monthly car rental membership,Transportation
Parking fee at sports arena,Transportation
Taxi fare to the restaurant,Transportation
Monthly car wash membership,Transportation
Flight ticket for business travel,Transportation
Weekly bus pass for locals,Transportation
Ride-sharing service for local travel,Transportation
Parking fee at shopping mall,Transportation
Train fare for weekend visit,Transportation
Electric scooter hire for sightseeing,Transportation
Car hire for a week,Transportation
Annual membership for bike rentals,Transportation
Uber ride to the downtown area,Transportation
Taxi fare to the grocery store,Transportation
Monthly parking permit for residential area,Transportation
Gas refill at nearby station,Transportation
Train fare for short trip,Transportation
Daily bike rental for errands,Transportation
VIP car service for special events,Transportation
Airport shuttle service for hotel guests,Transportation
Weekly metro pass for commuters,Transportation
Ferry fare to coastal city,Transportation
Train ticket for vacation travel,Transportation
Monthly car sharing membership,Transportation
Parking fee at local market,Transportation
Taxi fare to the local mall,Transportation
Monthly car wash service,Transportation
Flight ticket for family vacation,Transportation
Weekly bus pass for work commute,Transportation
Ride-sharing service for quick trips,Transportation
Daily parking ticket for city lot,Transportation
Train fare for day trip,Transportation
Electric scooter hire for weekend fun,Transportation
Car rental for family trip,Transportation
Annual bike share program,Transportation
Uber ride to the clinic,Transportation
Taxi fare to the library,Transportation
Monthly parking permit for business district,Transportation
Gas refill at city station,Transportation
Train fare for quick trip,Transportation
Daily bike hire for local trips,Transportation
VIP car service for business meetings,Transportation
Airport shuttle fare for visitors,Transportation
Weekly metro pass for commuters,Transportation
Ferry fare to tourist destination,Transportation
Train ticket for weekend excursion,Transportation
Monthly car sharing subscription,Transportation
Parking fee at event location,Transportation
Taxi fare to the store,Transportation
Monthly car wash membership,Transportation
Flight ticket for family holiday,Transportation
Weekly bus pass for daily commute,Transportation
Ride-sharing app for errands,Transportation
Daily parking ticket for downtown,Transportation
Train fare for city travel,Transportation
Electric scooter rental for city ride,Transportation
Car hire for business trip,Transportation
Annual bike rental membership,Transportation
Uber ride to the hotel,Transportation
Taxi fare to the airport terminal,Transportation
Monthly parking permit for work,Transportation
Gas refill at freeway stop,Transportation
Train fare for daily commute,Transportation
Daily bike rental for commuting,Transportation
VIP car service for special guests,Transportation
Airport shuttle booking for travelers,Transportation
Weekly pass for public transit,Transportation
Ferry fare to coastal area,Transportation
Train ticket for weekend holiday,Transportation
Monthly car rental subscription,Transportation
Parking fee at local event,Transportation
Taxi fare to the restaurant,Transportation
Monthly car wash service,Transportation
Flight ticket for holiday travel,Transportation
Weekly bus pass for commuters,Transportation
Ride-sharing app for quick errands,Transportation
Daily parking fee for business district,Transportation
Train fare for city travel,Transportation
Electric scooter rental for exploring,Transportation
Car rental for weekend adventure,Transportation
Nike running shoes,Apparel
Designer handbag from Gucci,Apparel
Winter coat from North Face,Apparel
Custom-tailored suit,Apparel
Vintage dress from a thrift store,Apparel
Leather boots from Timberland,Apparel
Casual jeans from Levi's,Apparel
Silk tie from Ralph Lauren,Apparel
Yoga pants from Lululemon,Apparel
Summer hat from a beach shop,Apparel
Formal evening gown from a boutique,Apparel
Cashmere sweater from J.Crew,Apparel
Athletic gear from Under Armour,Apparel
Luxury watch from Rolex,Apparel
Swimwear from Speedo,Apparel
Graphic T-shirt from a local artist,Apparel
Sports jersey from Fanatics,Apparel
Leather jacket from Harley-Davidson,Apparel
Designer sunglasses from Ray-Ban,Apparel
Business casual shoes from Allen Edmonds,Apparel
Fitness tracker from Fitbit,Apparel
Silk scarf from Hermes,Apparel
Wedding dress from a bridal shop,Apparel
Hiking boots from Merrell,Apparel
Kids' school uniforms,Apparel
Evening clutch from Kate Spade,Apparel
Golf attire from Nike,Apparel
Snowboarding jacket from Burton,Apparel
Designer belt from Louis Vuitton,Apparel
Maternity wear from Motherhood,Apparel
Tennis outfit from Adidas,Apparel
Formal shoes from Johnston & Murphy,Apparel
Eco-friendly clothing from Patagonia,Apparel
Halloween costume from Spirit Halloween,Apparel
Cycling gear from Rapha,Apparel
Custom baseball cap from New Era,Apparel
Warm gloves from Columbia,Apparel
Business suit from Hugo Boss,Apparel
Evening sandals from Jimmy Choo,Apparel
Kids' pajamas from Carter's,Apparel
Leather wallet from Coach,Apparel
Raincoat from Hunter,Apparel
Running gear from Asics,Apparel
Formal hat from Stetson,Apparel
Gym shorts from Reebok,Apparel
Designer heels from Manolo Blahnik,Apparel
Winter hat from Patagonia,Apparel
Casual shirt from Banana Republic,Apparel
Swim trunks from Quiksilver,Apparel
Handmade jewelry from Etsy,Apparel
Festival outfit from Free People,Apparel
Lightweight jacket from Arc'teryx,Apparel
Summer sandals from Birkenstock,Apparel
Tailored blazer from Brooks Brothers,Apparel
Children's outerwear from Gap,Apparel
Leather briefcase from Samsonite,Apparel
Running tights from Nike,Apparel
Designer watch from TAG Heuer,Apparel
Travel clothes from Uniqlo,Apparel
Beach cover-up from Tommy Bahama,Apparel
Yoga top from Athleta,Apparel
Luxury handbag from Michael Kors,Apparel
Hiking pants from Columbia,Apparel
Work boots from Red Wing,Apparel
Casual dress from Zara,Apparel
Ski jacket from Spyder,Apparel
Cycling jersey from Castelli,Apparel
Formal gloves from Dents,Apparel
Spring jacket from L.L. Bean,Apparel
Denim jacket from Wrangler,Apparel
Formal trousers from Dockers,Apparel
Kids' sportswear from Nike,Apparel
Maternity dress from Seraphine,Apparel
Evening purse from Tory Burch,Apparel
Camping gear from REI,Apparel
Designer earrings from Tiffany & Co.,Apparel
Wedding shoes from Badgley Mischka,Apparel
Rain boots from Joules,Apparel
Casual sneakers from Converse,Apparel
Thermal underwear from Smartwool,Apparel
Business bag from Tumi,Apparel
Kids' summer clothes from Old Navy,Apparel
Sports bra from Victoria's Secret,Apparel
Formal shirt from Thomas Pink,Apparel
Holiday sweater from UglyChristmasSweater.com,Apparel
Yoga mat from Manduka,Apparel
Tailored pants from Bonobos,Apparel
Outdoor vest from Patagonia,Apparel
Kids' raincoat from Lands' End,Apparel
Vintage accessories from a flea market,Apparel
Evening shawl from Pashmina,Apparel
Sunglasses from Oakley,Apparel
Performance socks from Stance,Apparel
Casual loafers from Sperry,Apparel
Compression leggings from 2XU,Apparel
Formal coat from Burberry,Apparel
Kids' athletic shoes from Skechers,Apparel
Travel jacket from The North Face,Apparel
Designer backpack from Fjällräven,Apparel
Running watch from Garmin,Apparel
Custom jewelry from a local artisan,Apparel
Dance wear from Capezio,Apparel
Fishing gear from Columbia,Apparel
Lightweight hiking shoes from Salomon,Apparel
Business tie from Brioni,Apparel
Summer dress from Anthropologie,Apparel
Casual hoodie from H&M,Apparel
Golf shoes from FootJoy,Apparel
Winter gloves from North Face,Apparel
Ski pants from Obermeyer,Apparel
Kids' beachwear from Roxy,Apparel
Leather shoes from Clarks,Apparel
Formal clutch from Bottega Veneta,Apparel
Travel pants from Prana,Apparel
Cycling shorts from Pearl Izumi,Apparel
Designer blouse from Diane von Furstenberg,Apparel
Beach sandals from Reef,Apparel
Fashionable hat from Goorin Bros.,Apparel
Luxury lingerie from Agent Provocateur,Apparel
Business attire from Calvin Klein,Apparel
Warm socks from Smartwool,Apparel
Casual flip-flops from Havaianas,Apparel
Silk blouse from Equipment,Apparel
Tailored suit from SuitSupply,Apparel
Travel vest from SCOTTeVEST,Apparel
Rain jacket from Marmot,Apparel
Casual shorts from American Eagle,Apparel
Designer gown from Oscar de la Renta,Apparel
Running cap from Salomon,Apparel
Formal evening shoes from Louboutin,Apparel
Kids' winter boots from Sorel,Apparel
Designer tote from Longchamp,Apparel
Fashionable skirt from Topshop,Apparel
Sport watch from Suunto,Apparel
Luxury pajamas from Eberjey,Apparel
Leather backpack from Herschel,Apparel
Waterproof hiking jacket from Mountain Hardwear,Apparel
Casual pullover from Gap,Apparel
Swim cap from Speedo,Apparel
Eco-friendly shoes from Allbirds,Apparel
Golf polo from Peter Millar,Apparel
Ski gloves from Dakine,Apparel
Kids' fleece from Patagonia,Apparel
Designer necklace from Swarovski,Apparel
Business socks from Gold Toe,Apparel
Athletic headband from Buff,Apparel
Custom embroidery from Zazzle,Apparel
Travel hat from Tilley,Apparel
Winter scarf from Burberry,Apparel
Spring dress from J.Crew,Apparel
Kids' swimwear from Speedo,Apparel
Leather sandals from Teva,Apparel
Evening earrings from David Yurman,Apparel
Sport-specific shoes from Adidas,Apparel
Formal dress from Vera Wang,Apparel
Casual vest from Eddie Bauer,Apparel
Kids' hiking boots from Keen,Apparel
Winter coat from Canada Goose,Apparel
Designer ring from Cartier,Apparel
Travel sneakers from Ecco,Apparel
Rain hat from Columbia,Apparel
Running gear from New Balance,Apparel
Business blazer from Theory,Apparel
Casual tank top from Old Navy,Apparel
Cycling gloves from Giro,Apparel
Luxury bathrobe from Parachute,Apparel
Kids' snow pants from Spyder,Apparel
Designer handbag from Chanel,Apparel
Fashionable jumpsuit from Zara,Apparel
Fitness shoes from Reebok,Apparel
Formal evening gown from Marchesa,Apparel
Casual jeans from American Eagle,Apparel
Ski helmet from Smith,Apparel
Kids' pajamas from Hanna Andersson,Apparel
Silk tie from Brooks Brothers,Apparel
Workout leggings from Fabletics,Apparel
Designer coat from Prada,Apparel
Summer hat from Madewell,Apparel
Formal shoes from Salvatore Ferragamo,Apparel
Business shirt from Charles Tyrwhitt,Apparel
Running jacket from Saucony,Apparel
Kids' athletic wear from Adidas,Apparel
Wedding ring from Blue Nile,Apparel
Yoga outfit from Sweaty Betty,Apparel
Vintage watch from a local jeweler,Apparel
Warm beanie from Carhartt,Apparel
Custom-made suit from a local tailor,Apparel
Leather gloves from Dents,Apparel
Winter boots from UGG,Apparel
Kids' summer hat from Janie and Jack,Apparel
Sunglasses from Warby Parker,Apparel
Formal trousers from Zara,Apparel
Hiking shorts from Mountain Hardwear,Apparel
Swim goggles from TYR,Apparel
Leather sandals from Birkenstock,Apparel
Fashionable belt from Fossil,Apparel
Business trousers from Dockers,Apparel
Winter coat from Marmot,Apparel
Casual dress from Forever 21,Apparel
Running socks from Balega,Apparel
Designer scarf from Alexander McQueen,Apparel
Sport sunglasses from Oakley,Apparel
Formal clutch from Givenchy,Apparel
Workout top from Gymshark,Apparel
Leather loafers from Cole Haan,Apparel
Evening heels from Stuart Weitzman,Apparel
Summer shorts from Abercrombie & Fitch,Apparel
Waterproof boots from Hunter,Apparel
Formal vest from Jos. A. Bank,Apparel
Swim fins from Cressi,Apparel
Kids' hoodie from Nike,Apparel
Casual shirt from Uniqlo,Apparel
Winter gloves from Black Diamond,Apparel
Yoga leggings from Beyond Yoga,Apparel
Designer watch from Breitling,Apparel
Business dress from Ann Taylor,Apparel
Cycling jersey from Assos,Apparel
Travel pants from Lululemon,Apparel
Wedding veil from David's Bridal,Apparel
Kids' soccer shoes from Adidas,Apparel
Formal bow tie from Brioni,Apparel
Running shoes from Brooks,Apparel
Leather belt from Gucci,Apparel
Winter hat from The North Face,Apparel
Casual sneakers from Vans,Apparel
Swim shorts from Billabong,Apparel
Business coat from Armani,Apparel
Sports bra from Nike,Apparel
Formal gown from Elie Saab,Apparel
Yoga mat from Liforme,Apparel
Casual hoodie from Champion,Apparel
Kids' sandals from Crocs,Apparel
Leather jacket from Belstaff,Apparel
Designer necklace from Bvlgari,Apparel
Business suit from Paul Smith,Apparel
Fitness tracker from Garmin,Apparel
Running headband from Nike,Apparel
Kids' rain boots from Hunter,Apparel
Formal shirt from Eton,Apparel
Spring jacket from Barbour,Apparel
Swim cap from TYR,Apparel
Designer bag from Fendi,Apparel
Yoga top from Alo Yoga,Apparel
Casual loafers from Johnston & Murphy,Apparel
Winter socks from Smartwool,Apparel
Leather wallet from Montblanc,Apparel
Running leggings from Under Armour,Apparel
Evening dress from Carolina Herrera,Apparel
Kids' swimsuit from Speedo,Apparel
Tailored trousers from J.Crew,Apparel
Casual dress from Free People,Apparel
Winter jacket from Patagonia,Apparel
Cycling shorts from Rapha,Apparel
Leather shoes from Tod's,Apparel
Summer sandals from Jack Rogers,Apparel
Formal tie from Zegna,Apparel
Workout shorts from Nike,Apparel
Designer earrings from Chopard,Apparel
Kids' winter coat from Gap,Apparel
Running top from Adidas,Apparel
Casual pants from Dockers,Apparel
Luxury handbag from Saint Laurent,Apparel
Business blazer from Hugo Boss,Apparel
Winter hat from Canada Goose,Apparel
Fashionable watch from Michael Kors,Apparel
Yoga pants from Beyond Yoga,Apparel
Swimwear from Seafolly,Apparel
Running shoes from Mizuno,Apparel
Designer dress from Versace,Apparel
Leather boots from Frye,Apparel
Business attire from Tommy Hilfiger,Apparel
Silk scarf from Valentino,Apparel
Summer dress from Reformation,Apparel
Winter gloves from Hestra,Apparel
Formal shoes from Magnanni,Apparel
Casual T-shirt from Hanes,Apparel
Yoga outfit from Prana,Apparel
Leather bag from Tumi,Apparel
Kids' hiking shoes from Columbia,Apparel
Running watch from Suunto,Apparel
Evening clutch from Alexander McQueen,Apparel
Designer jeans from True Religion,Apparel
Business socks from Pantherella,Apparel
Sports shorts from Under Armour,Apparel
Fashionable coat from Max Mara,Apparel
Workout tank from Lululemon,Apparel
Casual sneakers from Sketchers,Apparel
Formal gown from Jovani,Apparel
Cycling bib shorts from Giordana,Apparel
Kids' sun hat from Baby Gap,Apparel
Silk blouse from Theory,Apparel
Leather belt from Hermès,Apparel
Spring dress from Boden,Apparel
Business shoes from Allen Edmonds,Apparel
Winter coat from Eddie Bauer,Apparel
Casual jeans from Guess,Apparel
Designer wallet from Louis Vuitton,Apparel
Formal tuxedo from Canali,Apparel
Running gloves from Salomon,Apparel
Kids' snow boots from Bogs,Apparel
Evening heels from Jimmy Choo,Apparel
Leather jacket from Schott NYC,Apparel
Sport sunglasses from Rudy Project,Apparel
Yoga mat from Gaiam,Apparel
Casual shirt from J.Crew,Apparel
Winter hat from Patagonia,Apparel
Swimwear from Roxy,Apparel
Business suit from Burberry,Apparel
Designer ring from David Yurman,Apparel
Athletic shoes from Puma,Apparel
Formal dress from Adrianna Papell,Apparel
Running shorts from Hoka One One,Apparel
Leather sandals from Chaco,Apparel
Fashionable blouse from Ann Taylor,Apparel
Fitness watch from Apple,Apparel
Casual dress from Mango,Apparel
Winter gloves from Carhartt,Apparel
Cycling shoes from Shimano,Apparel
Business trousers from Banana Republic,Apparel
Luxury pajamas from La Perla,Apparel
Kids' sports shoes from New Balance,Apparel
Designer backpack from Prada,Apparel
Running jacket from Craft,Apparel
Evening gown from Zac Posen,Apparel
Casual pants from Uniqlo,Apparel
Swim trunks from Hurley,Apparel
Yoga leggings from Manduka,Apparel
Formal suit from Tom Ford,Apparel
Leather boots from Dr. Martens,Apparel
Kids' casual wear from OshKosh,Apparel
Summer hat from Tilley,Apparel
Designer sunglasses from Dior,Apparel
Business dress from Hugo Boss,Apparel
Winter coat from The North Face,Apparel
Casual shirt from Abercrombie & Fitch,Apparel
Yoga outfit from Outdoor Voices,Apparel
Leather wallet from Fossil,Apparel
Designer blouse from Chanel,Apparel
Sport sandals from Keen,Apparel
Formal evening shoes from Gucci,Apparel
Athletic wear from Adidas,Apparel
Running watch from Polar,Apparel
Kids' winter hat from Columbia,Apparel
Fashionable coat from Burberry,Apparel
Workout gear from Fabletics,Apparel
Casual jeans from Levi's,Apparel
Swimwear from Billabong,Apparel
Business suit from Armani,Apparel
Leather belt from Tommy Hilfiger,Apparel
Spring jacket from The North Face,Apparel
Designer earrings from Van Cleef & Arpels,Apparel
Yoga pants from Beyond Yoga,Apparel
Running shoes from Saucony,Apparel
Winter gloves from Hestra,Apparel
Formal tuxedo from Ralph Lauren,Apparel
Casual sneakers from Adidas,Apparel
Silk scarf from Gucci,Apparel
Designer handbag from Coach,Apparel
Running socks from Smartwool,Apparel
Kids' sportswear from Puma,Apparel
Business tie from Calvin Klein,Apparel
Winter hat from Arc'teryx,Apparel
Leather shoes from Johnston & Murphy,Apparel
Summer dress from Zara,Apparel
Yoga top from Lululemon,Apparel
Fashionable watch from Fossil,Apparel
Designer jeans from Diesel,Apparel
Casual T-shirt from Uniqlo,Apparel
Formal evening gown from Badgley Mischka,Apparel
Running tights from Nike,Apparel
Winter coat from Canada Goose,Apparel
Leather boots from Timberland,Apparel
Business dress from Ann Taylor,Apparel
Silk blouse from Banana Republic,Apparel
Spring coat from Ted Baker,Apparel
Designer ring from Bvlgari,Apparel
Workout leggings from Gymshark,Apparel
Fashionable belt from Michael Kors,Apparel
Formal shoes from Allen Edmonds,Apparel
Running headband from Under Armour,Apparel
Casual hoodie from H&M,Apparel
Designer sunglasses from Maui Jim,Apparel
Kids' pajamas from Gap,Apparel
Silk tie from Brooks Brothers,Apparel
Business coat from Ralph Lauren,Apparel
Athletic socks from Balega,Apparel
Yoga outfit from Prana,Apparel
Leather gloves from UGG,Apparel
Designer scarf from Burberry,Apparel
Fashionable skirt from J.Crew,Apparel
Winter hat from Patagonia,Apparel
Swim trunks from Quiksilver,Apparel
Running watch from Suunto,Apparel
Designer blouse from Diane von Furstenberg,Apparel
Kids' raincoat from The North Face,Apparel
Formal gown from Elie Saab,Apparel
Workout tank top from Lululemon,Apparel
Designer wallet from Prada,Apparel
Silk scarf from Alexander McQueen,Apparel
Business trousers from Dockers,Apparel
Casual dress from Anthropologie,Apparel
Leather sandals from Birkenstock,Apparel
Winter gloves from Black Diamond,Apparel
Designer belt from Versace,Apparel
Formal shirt from Charles Tyrwhitt,Apparel
Athletic shoes from New Balance,Apparel
Running jacket from Salomon,Apparel
Casual jeans from Gap,Apparel
Designer earrings from Tiffany & Co.,Apparel
Yoga leggings from Alo Yoga,Apparel
Leather boots from Frye,Apparel
Swimwear from Victoria's Secret,Apparel
Business suit from Hugo Boss,Apparel
Kids' winter boots from Sorel,Apparel
Formal clutch from Bottega Veneta,Apparel
Casual sneakers from Converse,Apparel
Spring dress from Free People,Apparel
Designer necklace from Swarovski,Apparel
Running shoes from Hoka One One,Apparel
Fashionable blouse from Theory,Apparel
Leather jacket from Belstaff,Apparel
Kids' athletic wear from Adidas,Apparel
Silk tie from Hermes,Apparel
Designer sunglasses from Ray-Ban,Apparel
Winter coat from North Face,Apparel
Casual shirt from Banana Republic,Apparel
Yoga pants from Lululemon,Apparel
Designer handbag from Gucci,Apparel
Business casual shoes from Allen Edmonds,Apparel
Formal evening gown from a boutique,Apparel
Sports jersey from Fanatics,Apparel
Leather jacket from Harley-Davidson,Apparel
Designer belt from Louis Vuitton,Apparel
Luxury watch from Rolex,Apparel
Custom-tailored suit,Apparel
Vintage dress from a thrift store,Apparel
Formal shoes from Johnston & Murphy,Apparel
Luxury handbag from Michael Kors,Apparel
Swimwear from Speedo,Apparel
Graphic T-shirt from a local artist,Apparel
Leather wallet from Coach,Apparel
Leather boots from Timberland,Apparel
Casual jeans from Levi's,Apparel
Winter coat from The North Face,Apparel
Silk tie from Ralph Lauren,Apparel
Summer hat from a beach shop,Apparel
Evening clutch from Kate Spade,Apparel
Gourmet chocolate from Godiva,Food
BBQ feast at Texas Roadhouse,Food
Afternoon tea at The Ritz-Carlton,Food
Vegan meal kit from Purple Carrot,Food
Late-night tacos from Taco Bell,Food
Dinner at Ruth's Chris Steak House,Food
Lunch at Shake Shack,Food
Dessert from Sprinkles Cupcakes,Food
Seafood boil from The Boiling Crab,Food
Wine and cheese tasting event,Food
Homemade pasta ingredients from Eataly,Food
Gourmet meal delivery from Plated,Food
Organic smoothie from Jamba Juice,Food
Dinner cruise with gourmet menu,Food
Gourmet donuts from Voodoo Doughnut,Food
Fresh seafood from Pike Place Market,Food
Dinner at The Melting Pot,Food
Artisanal bread from a local bakery,Food
Craft beer tasting at a local brewery,Food
Healthy meal kit from Green Chef,Food
Steak dinner at Morton's,Food
Indian buffet at a local restaurant,Food
Afternoon snack from Starbucks,Food
Farm-to-table dinner experience,Food
Brunch at a rooftop restaurant,Food
Gourmet picnic basket from Dean & DeLuca,Food
Authentic ramen from a Japanese restaurant,Food
Dinner at a food truck festival,Food
Fresh fruit delivery from Farmbox Direct,Food
Breakfast pastries from a French bakery,Food
Dinner at a farm-to-table restaurant,Food
Gourmet pizza from a wood-fired oven,Food
Street tacos from a local food truck,Food
Wine subscription from Winc,Food
Seafood platter from a seaside restaurant,Food
Dinner at a Brazilian steakhouse,Food
Fresh juice from a local juice bar,Food
Sushi-making class,Food
Gourmet burger from a specialty restaurant,Food
Lunch at a vegan café,Food
Dinner at a family-owned Italian restaurant,Food
High tea at a historic hotel,Food
Organic salad from Sweetgreen,Food
Dinner at a rooftop restaurant,Food
Fresh oysters from a seafood bar,Food
Chocolate tasting event,Food
Gourmet popcorn from a specialty shop,Food
Brunch buffet at a luxury hotel,Food
Dinner at a Spanish tapas bar,Food
Craft cocktail tasting at a speakeasy,Food
Gourmet dessert from a patisserie,Food
Dinner at a farm-to-fork restaurant,Food
Fresh pasta from an Italian deli,Food
Lunch from a Mediterranean bistro,Food
Food and wine pairing event,Food
Dinner at a seafood restaurant,Food
Afternoon tea at a garden café,Food
Gourmet meal kit from Sun Basket,Food
Dinner at a steakhouse,Food
Street food from an Asian night market,Food
Lunch at a local sandwich shop,Food
Gourmet hot chocolate from a café,Food
Dinner at a celebrity chef's restaurant,Food
Fresh sushi from a fish market,Food
Dessert from a gourmet bakery,Food
Craft beer and pizza night,Food
Gourmet food truck experience,Food
Lunch at a farm café,Food
Dinner at a gastropub,Food
Freshly baked cookies from a bakery,Food
Wine and dine experience at a vineyard,Food
Gourmet meal subscription from Gobble,Food
Fresh produce from a local farm,Food
Dinner at a Thai restaurant,Food
Brunch at a waterfront café,Food
Dinner at an upscale bistro,Food
Artisan cheese from a cheese shop,Food
Dinner at a revolving restaurant,Food
Organic meal delivery from Green Chef,Food
Gourmet pasta from a trattoria,Food
Lunch at a food court,Food
Craft ice cream from a local shop,Food
Dinner at a fusion restaurant,Food
Healthy meal kit from Daily Harvest,Food
Street food from a weekend market,Food
Dinner at a historic inn,Food
Freshly squeezed juice from a café,Food
Gourmet sandwich from a deli,Food
Brunch at a countryside inn,Food
Gourmet dinner from a delivery service,Food
Lunch at a beachside café,Food
Dinner at an organic restaurant,Food
Fresh seafood from a fishmonger,Food
Dinner at a French brasserie,Food
Gourmet soup from a local restaurant,Food
Freshly made salad from a salad bar,Food
Dinner at a trendy eatery,Food
Craft coffee from a local roastery,Food
Dinner at a Persian restaurant,Food
Gourmet breakfast from a bistro,Food
Lunch at a riverside café,Food
Gourmet dinner from a pop-up restaurant,Food
Healthy snacks from a health food store,Food
Lunch at a garden café,Food
Dinner at a Lebanese restaurant,Food
Artisan chocolate from a chocolatier,Food
Dinner at a teppanyaki restaurant,Food
Gourmet meal kit from Blue Apron,Food
Fresh produce from a farmers market,Food
Dinner at a local pub,Food
Craft cider tasting at a cidery,Food
Dinner at a Cuban restaurant,Food
Gourmet meal delivery from Freshly,Food
Lunch at a city park café,Food
Dinner at a Moroccan restaurant,Food
Organic grocery delivery from Farm Fresh,Food
Dinner at a casual diner,Food
Freshly baked bread from a bakery,Food
Gourmet tacos from a taco truck,Food
Dinner at a fine dining restaurant,Food
Fresh herbs from a local market,Food
Gourmet breakfast from a café,Food
Dinner at a barbecue restaurant,Food
Fresh seafood from a local fish market,Food
Dinner at a noodle bar,Food
Gourmet meal subscription from Home Chef,Food
Fresh salad from a salad shop,Food
Dinner at a contemporary restaurant,Food
Artisan coffee from a coffeehouse,Food
Dinner at a Korean BBQ restaurant,Food
Gourmet cheese from a cheese shop,Food
Lunch at a botanical garden café,Food
Dinner at a rustic eatery,Food
Healthy meal delivery from Trifecta,Food
Dinner at a local bistro,Food
Gourmet donuts from a donut shop,Food
Freshly caught seafood from a harbor,Food
Dinner at a tiki bar,Food
Craft chocolate from a chocolatier,Food
Lunch at an eco-friendly café,Food
Dinner at a Basque restaurant,Food
Fresh juice from a smoothie bar,Food
Gourmet steak from a steakhouse,Food
Dinner at a tapas restaurant,Food
Gourmet ramen from a noodle shop,Food
Dinner at a Belgian restaurant,Food
Fresh fruit from an organic farm,Food
Dinner at a waterfront restaurant,Food
Gourmet flatbread from a bakery,Food
Dinner at a sushi bar,Food
Gourmet pasta from an Italian market,Food
Dinner at a bistro,Food
Fresh salad from a local café,Food
Dinner at an Ethiopian restaurant,Food
Gourmet ice cream from a parlor,Food
Lunch at a seaside café,Food
Dinner at a rooftop bar,Food
Gourmet meal delivery from Factor,Food
Freshly baked muffins from a bakery,Food
Lunch at a downtown café,Food
Dinner at a ramen shop,Food
Craft beer and tapas,Food
Dinner at a Southern restaurant,Food
Gourmet chocolate gift box,Food
Dinner at a teahouse,Food
Fresh bread from a local bakery,Food
Gourmet burger from a food truck,Food
Dinner at a steakhouse,Food
Fresh juice from a juice shop,Food
Gourmet brunch from a hotel,Food
Dinner at a rustic café,Food
Gourmet sandwich from a deli,Food
Lunch at a winery,Food
Dinner at a Spanish restaurant,Food
Freshly picked vegetables from a farm,Food
Dinner at a beachside restaurant,Food
Craft beer flight at a brewery,Food
Gourmet meal kit from HelloFresh,Food
Dinner at an Italian eatery,Food
Gourmet pizza from a pizzeria,Food
Lunch at a rooftop café,Food
Dinner at a farm-to-table bistro,Food
Gourmet salad from a salad bar,Food
Dinner at a French restaurant,Food
Fresh fruit from a fruit stand,Food
Gourmet breakfast from a bakery,Food
Dinner at a sushi restaurant,Food
Freshly made pasta from an Italian restaurant,Food
Organic cleaning supplies from Seventh Generation,Household
New sofa from IKEA,Household
Bamboo sheets from Cariloha,Household
Eco-friendly laundry detergent from Method,Household
Coffee maker from Keurig,Household
Dining table set from Wayfair,Household
Vacuum cleaner from Dyson,Household
Essential oil diffuser from Young Living,Household
Solar garden lights from Home Depot,Household
Set of non-stick pans from T-fal,Household
Air purifier from Blueair,Household
Cotton bath towels from Target,Household
Energy-efficient light bulbs from Philips,Household
Memory foam mattress from Casper,Household
Wall art from Etsy,Household
Cast iron skillet from Lodge,Household
Robotic vacuum from Roomba,Household
Smart thermostat from Nest,Household
Recycling bins from Rubbermaid,Household
Stainless steel refrigerator from LG,Household
Indoor plants from a local nursery,Household
French press coffee maker from Bodum,Household
Wool area rug from West Elm,Household
Water filter pitcher from Brita,Household
Bamboo cutting boards from OXO,Household
Ceramic dinnerware set from Crate & Barrel,Household
Handheld steamer from Rowenta,Household
Recliner chair from Ashley Furniture,Household
Smart speaker from Amazon Echo,Household
Natural air freshener from Mrs. Meyer's,Household
Energy-efficient washer and dryer from Samsung,Household
Electric kettle from Breville,Household
Velvet curtains from Pottery Barn,Household
Wooden bookshelf from IKEA,Household
Blender from Vitamix,Household
Organic cotton bedspread from Coyuchi,Household
Stainless steel cookware set from Cuisinart,Household
Robot lawn mower from Husqvarna,Household
LED desk lamp from TaoTronics,Household
Ergonomic office chair from Herman Miller,Household
Portable air conditioner from Honeywell,Household
Smart home security camera from Ring,Household
Wicker laundry basket from Bed Bath & Beyond,Household
Dishwasher from Bosch,Household
Glass storage containers from Pyrex,Household
Electric pressure cooker from Instant Pot,Household
Set of mixing bowls from KitchenAid,Household
Scented candles from Yankee Candle,Household
Cordless drill from DeWalt,Household
Upholstered headboard from Wayfair,Household
Rechargeable batteries from Eneloop,Household
Ceramic floor tiles from Lowe's,Household
Cast iron Dutch oven from Le Creuset,Household
Indoor herb garden kit from AeroGarden,Household
Smart light switches from Lutron,Household
Memory foam pillows from Tempur-Pedic,Household
Automatic soap dispenser from Simplehuman,Household
Silk pillowcases from Slip,Household
Carbon monoxide detector from First Alert,Household
Outdoor grill from Weber,Household
Fleece blankets from Costco,Household
Cordless stick vacuum from Shark,Household
Insulated water bottles from Hydro Flask,Household
Electric blanket from Sunbeam,Household
Ceramic flower pots from a local garden store,Household
Stainless steel trash can from Simplehuman,Household
Patio furniture set from Walmart,Household
Espresso machine from Nespresso,Household
Fabric softener from Downy,Household
Window blinds from Hunter Douglas,Household
Bamboo bath mat from Crate & Barrel,Household
Refrigerator water filter from GE,Household
Ceramic space heater from Lasko,Household
Electric toothbrush from Oral-B,Household
Dish drying rack from OXO,Household
Solar panel kit from Renogy,Household
Portable generator from Honda,Household
Ceramic vase from Anthropologie,Household
LED string lights from Amazon,Household
Wool dryer balls from Woolzies,Household
Bread maker from Zojirushi,Household
Glass water carafe from IKEA,Household
Humidifier from Vicks,Household
Bamboo utensil holder from Joseph Joseph,Household
Mesh laundry bags from Whitmor,Household
Handheld carpet cleaner from Bissell,Household
Electric skillet from Presto,Household
Wooden picture frames from Michaels,Household
Room darkening curtains from Eclipse,Household
Indoor water fountain from Sunnydaze,Household
Adjustable bed base from Leggett & Platt,Household
Silicone baking mats from Silpat,Household
Air fryer from Ninja,Household
Decorative wall mirror from Kirkland's,Household
Eco-friendly dish soap from Ecover,Household
Electric fireplace from Duraflame,Household
Outdoor fire pit from Landmann,Household
Smart door lock from August,Household
Upholstered dining chairs from Article,Household
Floor cleaning robot from iRobot,Household
Non-toxic cleaning wipes from Seventh Generation,Household
Bamboo toilet paper from Who Gives a Crap,Household
Compact refrigerator from Danby,Household
Rechargeable hand vacuum from Black+Decker,Household
Silk plants from Nearly Natural,Household
Stainless steel mixing bowls from All-Clad,Household
Motion sensor lights from Mr. Beams,Household
Ultrasonic pest repeller from Neatmaster,Household
Solar garden stakes from Brightech,Household
Electric hand mixer from Hamilton Beach,Household
Ceramic knife set from Kyocera,Household
Set of reusable straws from Klean Kanteen,Household
Handwoven baskets from The Citizenry,Household
Indoor air quality monitor from Awair,Household
Compact washing machine from Midea,Household
Electric lawn mower from Greenworks,Household
Heated mattress pad from Sunbeam,Household
Indoor fairy lights from Urban Outfitters,Household
Bamboo bath towels from Brooklinen,Household
Electric wine opener from Oster,Household
Foldable drying rack from Honey-Can-Do,Household
Aromatherapy essential oils from Plant Therapy,Household
Stainless steel cookware from All-Clad,Household
Ultrasonic cool mist humidifier from Pure Enrichment,Household
Waterproof mattress protector from SafeRest,Household
Electric griddle from Blackstone,Household
LED flood lights from Cree,Household
Adjustable dumbbells from Bowflex,Household
Ceramic teapot from Teavana,Household
Portable steam cleaner from Bissell,Household
Memory foam bath rug from Gorilla Grip,Household
Rechargeable lantern from Coleman,Household
Ceramic plant pots from West Elm,Household
Silicone kitchen utensils from GIR,Household
Cordless leaf blower from EGO,Household
Magnetic knife strip from Kuhn Rikon,Household
Wooden coat rack from IKEA,Household
Cast iron grill pan from Staub,Household
Electric pressure washer from Sun Joe,Household
Handheld massager from HoMedics,Household
Refrigerator organizer bins from InterDesign,Household
Pet hair remover from ChomChom,Household
Waterproof shower speaker from JBL,Household
Ceramic serving platters from Crate & Barrel,Household
Rechargeable LED flashlight from Fenix,Household
Smart plug from TP-Link,Household
Cedar shoe rack from The Container Store,Household
Battery-powered motion sensor light from Mr. Beams,Household
Wireless doorbell from Ring,Household
Ceramic heater from De'Longhi,Household
Adjustable shelving unit from Seville Classics,Household
Water filter system from Berkey,Household
Programmable slow cooker from Crock-Pot,Household
Silicone food storage bags from Stasher,Household
Glass electric tea kettle from Miroco,Household
Stainless steel bento box from PlanetBox,Household
Rechargeable toothbrush from Philips Sonicare,Household
Memory foam seat cushion from Everlasting Comfort,Household
Smart garage door opener from Chamberlain,Household
Wool dryer balls from Friendsheep,Household
Bamboo drawer organizers from Royal Craft Wood,Household
Wireless security system from SimpliSafe,Household
Ceramic coffee mugs from Le Creuset,Household
Adjustable laptop stand from Rain Design,Household
Rechargeable vacuum from Dyson,Household
Portable dehumidifier from Frigidaire,Household
Cast iron pot from Staub,Household
Electric space heater from Vornado,Household
Silicone baking tools from OXO,Household
Cordless iron from Panasonic,Household
Magnetic spice rack from Gneiss Spice,Household
Adjustable window screens from Frost King,Household
Smart smoke detector from Nest,Household
Glass storage jars from Anchor Hocking,Household
Electric bread slicer from Chef's Choice,Household
Ultrasonic jewelry cleaner from Magnasonic,Household
Indoor air purifier from Dyson,Household
Memory foam pillow from Coop Home Goods,Household
Rechargeable hand warmer from Zippo,Household
Stainless steel water bottles from S'well,Household
Silk duvet cover from LilySilk,Household
Electric pressure cooker from Fagor,Household
Adjustable dumbbell set from NordicTrack,Household
Ceramic mixing bowls from Mason Cash,Household
Smart video doorbell from Nest,Household
Rechargeable night light from Vont,Household
Indoor/outdoor thermometer from La Crosse Technology,Household
Portable induction cooktop from Duxtop,Household
Bamboo bed sheets from Ettitude,Household
Cordless handheld vacuum from Hoover,Household
Stainless steel colander from Cuisinart,Household
Electric heated blanket from Pure Warmth,Household
Programmable coffee maker from Cuisinart,Household
Ceramic nonstick cookware from GreenPan,Household
Battery-powered lantern from Goal Zero,Household
Waterproof mattress pad from Linenspa,Household
Silk pillow from Fishers Finery,Household
Electric hot water dispenser from Zojirushi,Household
Adjustable height desk from FlexiSpot,Household
Rechargeable LED lamp from TaoTronics,Household
Indoor herb garden from Click and Grow,Household
Ceramic roasting pan from Emile Henry,Household
Smart WiFi plug from Wemo,Household
Stainless steel mixing spoons from OXO,Household
Ultrasonic cool mist humidifier from Crane,Household
Portable washing machine from KUPPET,Household
Battery-operated string lights from Koopower,Household
Waterproof outdoor rug from Fab Habitat,Household
Electric blanket from Bedsure,Household
Handheld garment steamer from PurSteam,Household
Rechargeable desk fan from Opolar,Household
Ceramic teapot from ForLife,Household
Wireless thermostat from Honeywell,Household
Cast iron skillet from Victoria,Household
Solar-powered path lights from Signature Garden,Household
Adjustable window shades from Redi Shade,Household
Smart water sensor from Govee,Household
Bamboo bath mat from GOBAM,Household
Rechargeable garden tools from Black+Decker,Household
Indoor plant stand from Costa Farms,Household
Stainless steel flatware set from Zwilling J.A. Henckels,Household
Ceramic wall art from Umbra,Household
Cordless drill from Bosch,Household
Electric blender from KitchenAid,Household
Rechargeable bike lights from Cygolite,Household
Smart LED light bulbs from Sengled,Household
Handwoven storage baskets from The Little Market,Household
Stainless steel compost bin from Epica,Household
Ceramic butter dish from Mud Pie,Household
Adjustable closet organizer from ClosetMaid,Household
Rechargeable hand vacuum from Holife,Household
Portable air pump from Kensun,Household
Electric skillet from Bella,Household
Cordless string trimmer from Ryobi,Household
Memory foam mattress topper from Lucid,Household
Silicone kitchen tools from Oannao,Household
Solar-powered security camera from Reolink,Household
Stainless steel slow cooker from Hamilton Beach,Household
Adjustable floor lamp from Brightech,Household
Indoor/outdoor projector from Vankyo,Household
Handheld steam mop from Shark,Household
Rechargeable electric shaver from Panasonic,Household
Portable camping stove from Jetboil,Household
Ceramic cookware from Caraway,Household
Stainless steel shower caddy from OXO,Household
Adjustable window blinds from Achim Home Furnishings,Household
Smart home hub from Samsung SmartThings,Household
Rechargeable LED lantern from Coleman,Household
Solar-powered garden fountains from Smart Solar,Household
Bamboo laundry hamper from Songmics,Household
Electric skillet from De'Longhi,Household
Portable power bank from Anker,Household
Ceramic baking dish from Emile Henry,Household
Stainless steel kitchen scissors from Wüsthof,Household
Adjustable shelving from Honey-Can-Do,Household
Rechargeable headlamp from Black Diamond,Household
Portable Bluetooth speaker from Bose,Household
Solar-powered battery charger from Goal Zero,Household
Ceramic egg cooker from Dash,Household
Stainless steel wine glasses from BrüMate,Household
Cordless leaf blower from Ryobi,Household
Smart refrigerator from Samsung,Household
Handheld carpet cleaner from Rug Doctor,Household
Rechargeable work light from DEWALT,Household
Portable air compressor from Bostitch,Household
Ceramic plant pot from Anthropologie,Household
Stainless steel tea kettle from Le Creuset,Household
Adjustable monitor stand from VIVO,Household
Rechargeable electric toothbrush from Fairywill,Household
Indoor/outdoor smart plug from Kasa,Household
Bamboo charcoal air purifying bags from Moso Natural,Household
Electric bread maker from Cuisinart,Household
Ceramic vase from Jonathan Adler,Household
Stainless steel sink caddy from Simplehuman,Household
Adjustable standing desk from Varidesk,Household
Rechargeable lantern from Goal Zero,Household
Portable solar panel from Renogy,Household
Ceramic measuring cups from Anthropologie,Household
Stainless steel food dehydrator from Excalibur,Household
Cordless chainsaw from Greenworks,Household
Smart WiFi thermostat from Ecobee,Household
Rechargeable garden trimmer from EGO,Household
Indoor smart security camera from Wyze,Household
Bamboo cutting board from Totally Bamboo,Household
Electric knife sharpener from Chef's Choice,Household
Ceramic cookie jar from Rae Dunn,Household
Stainless steel french press from Frieling,Household
Adjustable dumbbells from PowerBlock,Household
Rechargeable air pump from Airhead,Household
Portable ice maker from Igloo,Household
Ceramic lamp from West Elm,Household
Stainless steel kitchen tongs from Rösle,Household
Adjustable window treatments from Achim,Household
Smart air purifier from Molekule,Household
Rechargeable hand mixer from KitchenAid,Household
Bamboo fiber dishware from Ekobo,Household
Electric pressure cooker from Instant Pot,Household
Stainless steel straws from Klean Kanteen,Household
Adjustable bed frame from Zinus,Household
Rechargeable electric bike from Ancheer,Household
Indoor smart garden from Click and Grow,Household
Ceramic baking stone from Emile Henry,Household
Stainless steel kitchen scale from OXO,Household
Adjustable workout bench from Marcy,Household
Rechargeable drill from Makita,Household
Portable power station from Jackery,Household
Ceramic dinnerware from Fiesta,Household
Stainless steel trash can from Simplehuman,Household
Adjustable laptop desk from LapGear,Household
Rechargeable flashlight from Fenix,Household
Bamboo kitchen utensils from Bambu,Household
Electric wine chiller from Ivation,Household
Ceramic dog bowl from Waggo,Household
Stainless steel thermos from Thermos,Household
Adjustable shelving units from Whitmor,Household
Rechargeable fan from O2COOL,Household
Smart light bulbs from Philips Hue,Household
Handmade wool rug from Rugs USA,Household
Stainless steel cocktail shaker from OXO,Household
Adjustable curtain rod from Kenney,Household
Portable generator from Westinghouse,Household
Ceramic cookware from Le Creuset,Household
Stainless steel ice cream scoop from Zeroll,Household
Adjustable dumbbell set from Yes4All,Household
Rechargeable pool vacuum from Water Tech,Household
Bamboo cutting boards from Totally Bamboo,Household
Electric coffee grinder from Baratza,Household
Ceramic travel mug from Ello,Household
Stainless steel cheese grater from Microplane,Household
Adjustable weight bench from Fitness Reality,Household
Rechargeable headlamp from Petzl,Household
Portable grill from Weber,Household
Ceramic planter from CB2,Household
Stainless steel frying pan from All-Clad,Household
Adjustable height workbench from Seville Classics,Household
Rechargeable leaf blower from Greenworks,Household
Smart security camera from Arlo,Household
Bamboo bed tray from Greenco,Household
Electric egg cooker from Dash,Household
Ceramic knife set from Cuisinart,Household
Stainless steel mixing bowls from Cuisinart,Household
Adjustable kitchen island from Winsome,Household
Rechargeable hand warmer from Ocoopa,Household
Portable steam cleaner from BISSELL,Household
Ceramic bakeware from Le Creuset,Household
Stainless steel compost bin from Utopia Kitchen,Household
Adjustable shelving from ClosetMaid,Household
Rechargeable work light from NEBO,Household
Bamboo clothing hangers from Zober,Household
Electric air fryer from COSORI,Household
Ceramic travel tea mug from David's Tea,Household
Stainless steel lunch box from LunchBots,Household
Adjustable shower head from Moen,Household
Rechargeable vacuum from Black+Decker,Household
Bamboo bath caddy from Royal Craft Wood,Household
Indoor LED plant light from GE,Household
Stainless steel cooking utensils from OXO,Household
Adjustable curtain rod from Umbra,Household
Portable air purifier from LEVOIT,Household
Ceramic coffee dripper from Hario,Household
Stainless steel measuring cups from Bellemain,Household
Adjustable bed risers from iPrimio,Household
Rechargeable floor sweeper from Swiffer,Household
Bamboo plant stand from Livity,Household
Electric rice cooker from Zojirushi,Household
Ceramic storage jars from Mason Cash,Household
Nike running shoes for marathon training,Apparel
Gucci handbag for special occasions,Apparel
North Face winter coat for extreme cold,Apparel
Custom-tailored suit for business meetings,Apparel
Vintage dress from a local thrift store,Apparel
Timberland leather boots for hiking,Apparel
Levi's casual jeans for everyday wear,Apparel
Silk tie from Ralph Lauren for formal events,Apparel
Lululemon yoga pants for studio sessions,Apparel
Beach hat from a coastal boutique,Apparel
Evening gown from a designer boutique,Apparel
Cashmere sweater from J.Crew for winter warmth,Apparel
Under Armour athletic gear for gym workouts,Apparel
Luxury Rolex watch for timeless style,Apparel
Speedo swimwear for competitive swimming,Apparel
Graphic T-shirt from an indie artist,Apparel
Sports jersey from an online fan shop,Apparel
Harley-Davidson leather jacket for bikers,Apparel
Ray-Ban designer sunglasses for sunny days,Apparel
Allen Edmonds shoes for business casual,Apparel
Fitbit fitness tracker for daily activity,Apparel
Hermes silk scarf for elegant style,Apparel
Wedding dress from a bridal boutique,Apparel
Merrell hiking boots for outdoor adventures,Apparel
Kids' school uniforms from a local retailer,Apparel
Evening clutch from Kate Spade for formal events,Apparel
Nike golf attire for the golf course,Apparel
Burton snowboarding jacket for winter sports,Apparel
Louis Vuitton designer belt for a polished look,Apparel
Motherhood maternity wear for expecting mothers,Apparel
Adidas tennis outfit for matches,Apparel
Johnston & Murphy formal shoes for dressy occasions,Apparel
Patagonia eco-friendly clothing for sustainable living,Apparel
Halloween costume from a specialty store,Apparel
Rapha cycling gear for long rides,Apparel
New Era custom baseball cap for team pride,Apparel
Columbia warm gloves for winter,Apparel
Hugo Boss business suit for executive meetings,Apparel
Jimmy Choo evening sandals for a night out,Apparel
Carter's kids' pajamas for bedtime,Apparel
Coach leather wallet for everyday use,Apparel
Hunter raincoat for wet weather,Apparel
Asics running gear for marathon training,Apparel
Stetson formal hat for special events,Apparel
Reebok gym shorts for workouts,Apparel
Manolo Blahnik designer heels for evening wear,Apparel
Patagonia winter hat for outdoor activities,Apparel
Banana Republic casual shirt for weekends,Apparel
Quiksilver swim trunks for the beach,Apparel
Handmade jewelry from a local artisan,Apparel
Free People festival outfit for summer events,Apparel
Arc'teryx lightweight jacket for hiking,Apparel
Birkenstock summer sandals for casual wear,Apparel
Brooks Brothers tailored blazer for professional attire,Apparel
Gap children's outerwear for winter,Apparel
Samsonite leather briefcase for business travel,Apparel
Nike running tights for cold weather,Apparel
TAG Heuer designer watch for collectors,Apparel
Uniqlo travel clothes for comfort,Apparel
Tommy Bahama beach cover-up for vacation,Apparel
Athleta yoga top for classes,Apparel
Michael Kors luxury handbag for daily use,Apparel
Columbia hiking pants for outdoor adventures,Apparel
Red Wing work boots for durability,Apparel
Zara casual dress for everyday wear,Apparel
Spyder ski jacket for winter sports,Apparel
Castelli cycling jersey for training,Apparel
Dents formal gloves for elegant occasions,Apparel
L.L. Bean spring jacket for outdoor activities,Apparel
Wrangler denim jacket for casual style,Apparel
Dockers formal trousers for office wear,Apparel
Nike kids' sportswear for active children,Apparel
Seraphine maternity dress for stylish moms-to-be,Apparel
Tory Burch evening purse for parties,Apparel
REI camping gear for outdoor enthusiasts,Apparel
Tiffany & Co. designer earrings for a touch of luxury,Apparel
Badgley Mischka wedding shoes for brides,Apparel
Joules rain boots for rainy days,Apparel
Converse casual sneakers for everyday wear,Apparel
Smartwool thermal underwear for winter warmth,Apparel
Tumi business bag for professionals,Apparel
Old Navy kids' summer clothes for playtime,Apparel
Victoria's Secret sports bra for workouts,Apparel
Thomas Pink formal shirt for office wear,Apparel
UglyChristmasSweater.com holiday sweater for festive parties,Apparel
Manduka yoga mat for home practice,Apparel
Bonobos tailored pants for a custom fit,Apparel
Patagonia outdoor vest for layering,Apparel
Lands' End kids' raincoat for wet weather,Apparel
Flea market vintage accessories for unique finds,Apparel
Pashmina evening shawl for formal wear,Apparel
Oakley sunglasses for outdoor sports,Apparel
Stance performance socks for running,Apparel
Sperry casual loafers for summer,Apparel
2XU compression leggings for recovery,Apparel
Burberry formal coat for winter,Apparel
Skechers kids' athletic shoes for school,Apparel
North Face travel jacket for adventure,Apparel
Fjällräven designer backpack for hiking,Apparel
Garmin running watch for fitness tracking,Apparel
Local artisan custom jewelry for a unique look,Apparel
Capezio dance wear for ballet,Apparel
Columbia fishing gear for outdoor sports,Apparel
Salomon lightweight hiking shoes for trails,Apparel
Brioni business tie for executives,Apparel
Anthropologie summer dress for casual outings,Apparel
H&M casual hoodie for lounging,Apparel
FootJoy golf shoes for the course,Apparel
North Face winter gloves for skiing,Apparel
Obermeyer ski pants for snowboarding,Apparel
Roxy kids' beachwear for vacation,Apparel
Clarks leather shoes for comfort,Apparel
Bottega Veneta formal clutch for evening events,Apparel
Prana travel pants for comfort,Apparel
Pearl Izumi cycling shorts for long rides,Apparel
Diane von Furstenberg designer blouse for work,Apparel
Reef beach sandals for summer,Apparel
Goorin Bros. fashionable hat for style,Apparel
Agent Provocateur luxury lingerie for special occasions,Apparel
Calvin Klein business attire for meetings,Apparel
Smartwool warm socks for hiking,Apparel
Havaianas casual flip-flops for the beach,Apparel
Equipment silk blouse for work,Apparel
SuitSupply tailored suit for a perfect fit,Apparel
SCOTTeVEST travel vest for organization,Apparel
Marmot rain jacket for hiking,Apparel
American Eagle casual shorts for summer,Apparel
Oscar de la Renta designer gown for galas,Apparel
Salomon running cap for sun protection,Apparel
Louboutin formal evening shoes for events,Apparel
Sorel kids' winter boots for snow,Apparel
Longchamp designer tote for everyday use,Apparel
Topshop fashionable skirt for trendy looks,Apparel
Suunto sport watch for adventurers,Apparel
Eberjey luxury pajamas for bedtime,Apparel
Herschel leather backpack for travel,Apparel
Mountain Hardwear waterproof hiking jacket,Apparel
Gap casual pullover for layering,Apparel
Speedo swim cap for pool workouts,Apparel
Allbirds eco-friendly shoes for daily wear,Apparel
Peter Millar golf polo for the course,Apparel
Dakine ski gloves for winter sports,Apparel
Patagonia kids' fleece for warmth,Apparel
Swarovski designer necklace for a touch of glamour,Apparel
Gold Toe business socks for work,Apparel
Buff athletic headband for running,Apparel
Zazzle custom embroidery for personalized style,Apparel
Tilley travel hat for sun protection,Apparel
Burberry winter scarf for cold weather,Apparel
J.Crew spring dress for casual wear,Apparel
Speedo kids' swimwear for lessons,Apparel
Teva leather sandals for summer,Apparel
David Yurman evening earrings for special events,Apparel
Adidas sport-specific shoes for performance,Apparel
Vera Wang formal dress for weddings,Apparel
Eddie Bauer casual vest for layering,Apparel
Keen kids' hiking boots for adventures,Apparel
Canada Goose winter coat for extreme conditions,Apparel
Cartier designer ring for luxury,Apparel
Ecco travel sneakers for comfort,Apparel
Columbia rain hat for wet weather,Apparel
New Balance running gear for fitness,Apparel
Theory business blazer for meetings,Apparel
Old Navy casual tank top for summer,Apparel
Giro cycling gloves for protection,Apparel
Parachute luxury bathrobe for relaxation,Apparel
Spyder kids' snow pants for skiing,Apparel
Chanel designer handbag for luxury,Apparel
Zara fashionable jumpsuit for events,Apparel
Reebok fitness shoes for training,Apparel
Marchesa formal evening gown for galas,Apparel
American Eagle casual jeans for weekends,Apparel
Smith ski helmet for safety,Apparel
Hanna Andersson kids' pajamas for sleepovers,Apparel
Brooks Brothers silk tie for office,Apparel
Fabletics workout leggings for gym,Apparel
Prada designer coat for winter,Apparel
All-natural laundry detergent from Mrs. Meyer's,Household
Luxurious Egyptian cotton bed sheets from Brooklinen,Household
Energy-efficient LED light bulbs from Philips Hue,Household
Smart home assistant from Google Nest,Household
Compact espresso machine from DeLonghi,Household
Ergonomic office chair from Herman Miller,Household
Robotic vacuum cleaner from iRobot Roomba,Household
Rustic wooden dining table from West Elm,Household
Eco-friendly bamboo flooring from Cali Bamboo,Household
Premium stainless steel cookware set from All-Clad,Household
Automatic pet feeder from PetSafe,Household
Smart thermostat from Ecobee,Household
Durable non-stick frying pan from T-fal,Household
Aromatic essential oil diffuser from URPOWER,Household
Handwoven area rug from Jaipur Living,Household
High-efficiency washer and dryer from Samsung,Household
Cordless stick vacuum from Dyson,Household
Adjustable standing desk from Uplift Desk,Household
Ceramic cookware set from GreenPan,Household
Rechargeable hand vacuum from Black+Decker,Household
Outdoor patio furniture set from IKEA,Household
Stainless steel French press from Bodum,Household
Memory foam mattress from Tempur-Pedic,Household
Solar-powered garden lights from Brightech,Household
Eco-friendly cleaning products from Method,Household
Noise-canceling white noise machine from Marpac,Household
Energy-saving space heater from Lasko,Household
Customizable closet organizer from The Container Store,Household
Non-toxic dish soap from Seventh Generation,Household
Bamboo bath towels from Cariloha,Household
Modern ceiling fan with remote from Hunter,Household
Portable air conditioner from LG,Household
Electric wine opener from Oster,Household
Waterproof mattress protector from SafeRest,Household
Compact air purifier from Levoit,Household
Silk pillowcases from Slip,Household
Digital slow cooker from Crock-Pot,Household
Adjustable window shades from Bali Blinds,Household
Eco-friendly trash bags from BioBag,Household
Handheld steam cleaner from Bissell,Household
Stainless steel compost bin from Utopia Kitchen,Household
Motion-sensor outdoor lights from Mr. Beams,Household
Cordless drill set from DeWalt,Household
Bamboo cutting boards from Totally Bamboo,Household
Ceramic space heater from De'Longhi,Household
Wireless security camera from Arlo,Household
Rechargeable electric toothbrush from Philips Sonicare,Household
Adjustable showerhead from Moen,Household
Smart plug from TP-Link Kasa,Household
Heavy-duty garden hose from Flexzilla,Household
Non-slip area rug pad from Mohawk Home,Household
Ceramic baking dishes from Emile Henry,Household
High-quality kitchen knives from Wüsthof,Household
Electric pressure cooker from Instant Pot,Household
Wool dryer balls from Friendsheep,Household
Glass food storage containers from Pyrex,Household
Luxury bathrobe from Parachute,Household
Portable generator from Honda,Household
Stainless steel dish rack from Simplehuman,Household
Compact microwave oven from Panasonic,Household
Adjustable height bar stools from AmazonBasics,Household
Rechargeable LED lantern from Coleman,Household
Insulated stainless steel water bottle from Hydro Flask,Household
Ceramic nonstick frying pans from GreenLife,Household
Bamboo kitchen utensils from OXO,Household
Heated mattress pad from Sunbeam,Household
Programmable coffee maker from Cuisinart,Household
Smart light switches from Lutron Caseta,Household
Handwoven storage baskets from The Citizenry,Household
Electric griddle from Blackstone,Household
Compact dehumidifier from Frigidaire,Household
Decorative wall mirror from Umbra,Household
Organic cotton duvet cover from Coyuchi,Household
Battery-operated wall clock from Seiko,Household
Ceramic table lamp from West Elm,Household
Reclining massage chair from Homedics,Household
Water-saving showerhead from High Sierra,Household
Stainless steel pressure cooker from Fissler,Household
Set of wine glasses from Riedel,Household
Automatic espresso machine from Jura,Household
Handcrafted wooden serving tray from Etsy,Household
Electric blanket from Bedsure,Household
Indoor potted plants from Bloomscape,Household
Compact refrigerator from Danby,Household
Wireless home security system from SimpliSafe,Household
Durable ironing board from Brabantia,Household
Heavy-duty electric pressure washer from Sun Joe,Household
Silicone baking mats from Silpat,Household
Energy-efficient chest freezer from GE,Household
Handwoven wool rug from Rugs USA,Household
Eco-friendly dish towels from Coyuchi,Household
Battery-powered string lights from Koopower,Household
Adjustable shelving unit from Seville Classics,Household
Indoor air quality monitor from Awair,Household
Rechargeable headlamp from Petzl,Household
Ceramic flower pots from Lechuza,Household
Rechargeable flashlight from Fenix,Household
Ergonomic kneeling chair from Dragonn,Household
Smart video doorbell from Ring,Household
Stainless steel pressure cooker from Presto,Household
Indoor herb garden kit from AeroGarden,Household
Bamboo bath mat from Bambüsi,Household
Motion-sensor light bulbs from Sengled,Household
Adjustable floor lamp from Brightech,Household
Electric rice cooker from Zojirushi,Household
Cordless electric kettle from Cuisinart,Household
Eco-friendly laundry hamper from The Laundress,Household
Water-saving faucet aerators from Neoperl,Household
High-quality vacuum sealer from FoodSaver,Household
Adjustable window blinds from Achim,Household
Indoor/outdoor thermometer from La Crosse Technology,Household
Rechargeable hand mixer from KitchenAid,Household
Ceramic coffee mugs from Le Creuset,Household
Solar-powered outdoor lanterns from MPOWERD,Household
Heavy-duty garden gloves from Fir Tree,Household
Ergonomic memory foam pillow from Coop Home Goods,Household
Battery-operated LED candles from Enido,Household
Electric hot water heater from Rheem,Household
Compact deep fryer from T-fal,Household
Stainless steel kitchen scale from OXO,Household
Adjustable bed frame from Zinus,Household
Bamboo fiber dishware from Ekobo,Household
Energy-efficient window air conditioner from LG,Household
Cordless electric broom from Bissell,Household
Ceramic serving platters from Crate & Barrel,Household
Battery-powered leaf blower from Black+Decker,Household
Indoor/outdoor wireless speakers from Sonos,Household
High-capacity water filter from Berkey,Household
Eco-friendly reusable shopping bags from Baggu,Household
Memory foam mattress topper from Lucid,Household
Electric hand mixer from Hamilton Beach,Household
Decorative throw pillows from West Elm,Household
Wireless digital meat thermometer from ThermoPro,Household
Heavy-duty aluminum foil from Reynolds Wrap,Household
Smart outlet extender from Kasa Smart,Household
Refrigerator organization bins from InterDesign,Household
Eco-friendly cleaning wipes from Seventh Generation,Household
Ceramic pet bowl from Waggo,Household
Rechargeable electric shaver from Braun,Household
Handwoven cotton throw blanket from The Citizenry,Household
Stainless steel mixing bowls from Cuisinart,Household
Solar-powered path lights from Signature Garden,Household
Adjustable closet system from ClosetMaid,Household
Cordless drill from Makita,Household
High-quality immersion blender from Breville,Household
Eco-friendly paper towels from Who Gives a Crap,Household
Rechargeable LED headlamp from Black Diamond,Household
Compact toaster oven from Breville,Household
Stainless steel compost bin from Epica,Household
Battery-powered smoke detector from First Alert,Household
Bamboo mattress topper from ExceptionalSheets,Household
Portable solar charger from Anker,Household
Ceramic Dutch oven from Le Creuset,Household
Adjustable workout bench from Marcy,Household
Rechargeable desk lamp from TaoTronics,Household
Heavy-duty garden tools from Fiskars,Household
Smart home hub from Samsung SmartThings,Household
Cordless leaf blower from Greenworks,Household
Stainless steel dish drainer from Simplehuman,Household
Eco-friendly laundry detergent from Method,Household
Wireless Bluetooth speaker from Bose,Household
Compact portable grill from Weber,Household
Rechargeable toothbrush from Fairywill,Household
Handwoven jute rug from West Elm,Household
Battery-powered LED flashlight from Maglite,Household
Adjustable height desk from FlexiSpot,Household
Heavy-duty shelving units from Gladiator,Household
Bamboo charcoal air purifying bags from Moso Natural,Household
Electric wine chiller from Ivation,Household
Stainless steel electric kettle from Fellow,Household
Rechargeable electric lawn mower from EGO,Household
Ceramic bakeware set from Emile Henry,Household
Motion-sensor night light from Mr. Beams,Household
Cordless steam mop from Shark,Household
Energy-efficient dehumidifier from Frigidaire,Household
Handwoven storage baskets from The Little Market,Household
Wireless security camera from Wyze,Household
High-quality bread maker from Zojirushi,Household
Adjustable window curtains from NICETOWN,Household
Smart WiFi light bulbs from Philips Hue,Household
Rechargeable lantern from Black Diamond,Household
Portable induction cooktop from Duxtop,Household
Eco-friendly dish soap from Ecover,Household
Stainless steel compost pail from OXO,Household
Handheld fabric steamer from PurSteam,Household
Rechargeable electric screwdriver from DEWALT,Household
Battery-powered weather station from AcuRite,Household
Heavy-duty garden cart from Gorilla Carts,Household
Ceramic plant pots from West Elm,Household
Adjustable height stool from AmazonBasics,Household
Eco-friendly bamboo bath towels from Cariloha,Household
Cordless power drill from Ryobi,Household
Motion-sensor trash can from iTouchless,Household
Rechargeable hand warmer from Ocoopa,Household
Stainless steel spice rack from Kamenstein,Household
Battery-operated lantern from Vont,Household
High-quality floor lamp from Brightech,Household
Smart water leak sensor from Govee,Household
Eco-friendly bamboo toothbrushes from Brush with Bamboo,Household
Rechargeable air compressor from Kensun,Household
Wireless smart plug from Amazon Smart Plug,Household
Stainless steel French press from Frieling,Household
Handwoven wool throw blanket from The Citizenry,Household
Cordless handheld vacuum from Hoover,Household
Smart home lighting system from Lutron Caseta,Household
Adjustable closet rods from ClosetMaid,Household
Battery-powered garden lights from Ring,Household
Portable Bluetooth speaker from JBL,Household
Stainless steel pressure cooker from Kuhn Rikon,Household
Eco-friendly cleaning spray from Method,Household
Rechargeable fan from OPOLAR,Household
High-quality ceramic dinnerware from Crate & Barrel,Household
Energy-efficient space heater from Dyson,Household
Battery-operated string lights from Koopower,Household
Smart home security system from SimpliSafe,Household
Adjustable shelving from Seville Classics,Household
Stainless steel wine glasses from BrüMate,Household
Handcrafted wooden furniture from Etsy,Household
Rechargeable lawn trimmer from EGO,Household
Cordless electric broom from Bissell,Household
Ceramic travel mug from Contigo,Household
Motion-sensor outdoor lights from Ring,Household
High-quality kitchen knives from Shun,Household
Rechargeable flashlight from Olight,Household
Smart WiFi thermostat from Honeywell,Household
Bamboo bed sheets from Ettitude,Household
Cordless leaf blower from WORX,Household
Adjustable height workbench from Husky,Household
Eco-friendly cleaning sponges from Skoy,Household
Wireless security camera system from Blink,Household
Rechargeable hand vacuum from BLACK+DECKER,Household
High-quality wool rug from Safavieh,Household
Ceramic plant pots from CB2,Household
Adjustable desk chair from Steelcase,Household
Battery-powered smoke alarm from Kidde,Household
Energy-efficient window shades from Hunter Douglas,Household
Stainless steel coffee maker from Breville,Household
Portable air conditioner from Honeywell,Household
Rechargeable hand mixer from Hamilton Beach,Household
Wireless doorbell camera from Ring,Household
Adjustable window blinds from Levolor,Household
Eco-friendly dish soap from Seventh Generation,Household
Stainless steel kitchen faucet from Kohler,Household
Handcrafted ceramic vase from Anthropologie,Household
Battery-operated digital clock from Casio,Household
Motion-sensor security lights from Sunforce,Household
Rechargeable LED lantern from Energizer,Household
High-quality Dutch oven from Le Creuset,Household
Eco-friendly wool dryer balls from Friendsheep,Household
Stainless steel mixing bowls from Cuisinart,Household
Handwoven storage bins from The Little Market,Household
Adjustable bed base from Leggett & Platt,Household
Battery-powered lantern from Coleman,Household
Energy-efficient window air conditioner from Frigidaire,Household
Ceramic travel tea mug from David's Tea,Household
Motion-sensor cabinet lights from OxyLED,Household
Stainless steel electric skillet from Zojirushi,Household
Rechargeable headlamp from Black Diamond,Household
Eco-friendly laundry detergent from BioKleen,Household
Adjustable workout bench from Bowflex,Household
Wireless indoor security camera from Wyze,Household
Handcrafted wooden picture frames from Etsy,Household
Energy-efficient space heater from Vornado,Household
Battery-operated fairy lights from Minetom,Household
Smart WiFi plug from Wemo,Household
Stainless steel kitchen scissors from KitchenAid,Household
Rechargeable floor sweeper from Swiffer,Household
High-quality ceramic dinner set from Villeroy & Boch,Household
Adjustable height desk from Jarvis,Household
Battery-operated garden lights from LITOM,Household
Ceramic coffee dripper from Hario,Household
Eco-friendly reusable food wraps from Bee's Wrap,Household
Stainless steel electric kettle from Hamilton Beach,Household
Rechargeable air purifier from PureZone,Household
Handcrafted wooden jewelry box from Etsy,Household
Motion-sensor trash can from Ninestars,Household
Adjustable curtain rod from Umbra,Household
Battery-operated motion sensor light from Mr. Beams,Household
High-quality wool area rug from Ruggable,Household
Ceramic baking dishes from Le Creuset,Household
Stainless steel water filter from Brita,Household
Handwoven wool throw blanket from West Elm,Household
Adjustable closet shelves from Elfa,Household
Battery-operated string lights from Brightown,Household
Rechargeable handheld steamer from Rowenta,Household
Energy-efficient chest freezer from Midea,Household
High-quality electric pressure cooker from Instant Pot,Household
Ceramic mixing bowls from Mason Cash,Household
Stainless steel kitchen utensils from OXO,Household
Eco-friendly bamboo bath mat from GOBAM,Household
Rechargeable night light from Vont,Household
Wireless video doorbell from Arlo,Household
Handwoven cotton area rug from Jaipur Living,Household
Motion-sensor night lights from AMIR,Household
Adjustable window treatments from Redi Shade,Household
Battery-powered weather station from Ambient Weather,Household
Rechargeable electric screwdriver from BLACK+DECKER,Household
Eco-friendly dishcloths from Swedish Wholesale,Household
High-quality ceramic teapot from Teavana,Household
Stainless steel mixing bowls from Finedine,Household
Handcrafted wooden coasters from Etsy,Household
Rechargeable LED headlamp from Foxelli,Household
Energy-efficient smart light bulbs from Sengled,Household
High-quality wool rug from Wayfair,Household
Adjustable shelving units from AmazonBasics,Household
Battery-operated smoke detector from Nest,Household
Ceramic plant pots from Wayfair,Household
Rechargeable hand warmer from Ocoopa,Household
Eco-friendly reusable produce bags from Simple Ecology,Household
Stainless steel French press from Frieling,Household
Handwoven jute storage baskets from The Citizenry,Household
Battery-operated wall clock from Seiko,Household
Energy-efficient window shades from Bali Blinds,Household
High-quality bread machine from Zojirushi,Household
Ceramic travel mug from Contigo,Household
Rechargeable desk lamp from TaoTronics,Household
Smart home thermostat from Ecobee,Household
Stainless steel compost bin from Epica,Household
Battery-powered garden lights from TomCare,Household
Handcrafted wooden wall art from Etsy,Household
Motion-sensor cabinet lights from BLS,Household
Adjustable bed risers from iPrimio,Household
Rechargeable LED lantern from Goal Zero,Household
Eco-friendly laundry hamper from Household Essentials,Household
Stainless steel kitchen knife set from Cuisinart,Household
Battery-operated string lights from Lemontec,Household
Handcrafted ceramic flower pots from Etsy,Household
Rechargeable fan from OPOLAR,Household
High-quality ceramic dinner plates from Crate & Barrel,Household
Motion-sensor trash can from iTouchless,Household
Stainless steel cookware set from T-fal,Household
Adjustable height bar stools from Flash Furniture,Household
Battery-operated LED candles from Enido,Household
Handcrafted wooden cutting board from Etsy,Household
Rechargeable electric lawn mower from Greenworks,Household
Eco-friendly dishwashing liquid from Ecover,Household
Stainless steel water filter from Berkey,Household
Ceramic Dutch oven from Emile Henry,Household
High-quality electric blanket from Sunbeam,Household
Motion-sensor outdoor lights from Litom,Household
Rechargeable electric toothbrush from Oral-B,Household
Battery-powered motion sensor light from Mr. Beams,Household
Stainless steel dish rack from Simplehuman,Household
Eco-friendly bamboo toothbrushes from The Humble Co.,Household
Handcrafted wooden furniture from The Joinery,Household
Rechargeable air pump from Intex,Household
High-quality vacuum cleaner from Dyson,Household
Motion-sensor LED night light from AMIR,Household
Battery-operated wall clock from Howard Miller,Household
Stainless steel kitchen scale from OXO,Household
Eco-friendly wool dryer balls from Friendsheep,Household
Handwoven cotton rug from Dash & Albert,Household
Rechargeable electric shaver from Philips Norelco,Household
Ceramic travel mug from Ello,Household
Adjustable height workbench from Seville Classics,Household
Battery-operated garden lights from Brightech,Household
High-quality ceramic cookware from GreenPan,Household
Stainless steel compost pail from OXO,Household
Motion-sensor light bulbs from Philips,Household
Rechargeable headlamp from Coast,Household
Handcrafted wooden picture frames from Artifact Uprising,Household
Eco-friendly reusable straws from Klean Kanteen,Household
Ceramic nonstick frying pan from GreenLife,Household
Battery-operated string lights from Koopower,Household
Stainless steel wine glasses from BrüMate,Household
Adjustable bed frame from Zinus,Household
Rechargeable electric screwdriver from WORX,Household
Eco-friendly bamboo kitchen utensils from Bambu,Household
High-quality wool area rug from Ruggable,Household
Stainless steel pressure cooker from Instant Pot,Household
Motion-sensor cabinet lights from URPOWER,Household
Rechargeable LED lantern from Vont,Household
Handwoven jute rug from Rugs USA,Household
Adjustable closet organizer from Elfa,Household
Battery-powered weather station from AcuRite,Household
Stainless steel coffee maker from Cuisinart,Household
Eco-friendly dish soap from Seventh Generation,Household
Handcrafted ceramic mugs from East Fork,Household
Rechargeable air purifier from Molekule,Household
High-quality ceramic bakeware from Le Creuset,Household
Battery-operated LED candles from Comenzar,Household
Motion-sensor outdoor lights from Heath Zenith,Household
Rechargeable fan from Honeywell,Household
Stainless steel water bottle from S'well,Household
Handwoven wool rug from Jaipur Living,Household
Eco-friendly cleaning spray from Method,Household
Adjustable height desk from Jarvis,Household
Battery-powered fairy lights from Minetom,Household
Stainless steel compost bin from Epica,Household
Handcrafted wooden wall shelf from Etsy,Household
Rechargeable electric bike from Ancheer,Household
High-quality ceramic dinnerware from Villeroy & Boch,Household
Battery-operated garden lights from LITOM,Household
Motion-sensor trash can from Ninestars,Household
Stainless steel electric kettle from Fellow,Household
Handwoven cotton throw blanket from The Citizenry,Household
Rechargeable LED flashlight from Fenix,Household
Adjustable shelving units from ClosetMaid,Household
Battery-powered motion sensor light from Mr. Beams,Household
Stainless steel kitchen knives from Global,Household
Eco-friendly bamboo toothbrush from Brush with Bamboo,Household
Handcrafted wooden cutting board from John Boos,Household
Rechargeable electric screwdriver from Bosch,Household
High-quality ceramic teapot from ForLife,Household
Battery-operated string lights from Brightech,Household
Stainless steel wine opener from OXO,Household
Eco-friendly wool dryer balls from Woolzies,Household
Handwoven storage baskets from The Little Market,Household
Rechargeable electric shaver from Braun,Household
High-quality ceramic flower pots from CB2,Household
Stainless steel cookware set from All-Clad,Household
Battery-powered LED flashlight from Streamlight,Household
Motion-sensor night lights from eufy,Household
Rechargeable air compressor from Makita,Household
Handcrafted wooden picture frames from Framebridge,Household
Eco-friendly dishwashing liquid from BioKleen,Household
High-quality ceramic mixing bowls from Mason Cash,Household
Stainless steel compost bin from Simplehuman,Household
Rechargeable headlamp from Petzl,Household
Adjustable window blinds from Achim,Household
Battery-operated garden lights from GardenBliss,Household
Handwoven wool area rug from Safavieh,Household
Stainless steel water bottle from Hydro Flask,Household
Eco-friendly reusable shopping bags from Baggu,Household
Rechargeable electric toothbrush from Philips Sonicare,Household
High-quality ceramic bakeware from Emile Henry,Household
Battery-operated LED candles from Enido,Household
Motion-sensor security lights from Sunforce,Household
Rechargeable fan from OPOLAR,Household
Handcrafted wooden furniture from The Joinery,Household
Stainless steel pressure cooker from Kuhn Rikon,Household
Eco-friendly cleaning spray from Method,Household
Adjustable height desk from FlexiSpot,Household
Battery-powered fairy lights from Koopower,Household
Handwoven cotton area rug from Jaipur Living,Household
Rechargeable desk lamp from TaoTronics,Household
High-quality ceramic dinner set from Crate & Barrel,Household
Stainless steel wine glasses from BrüMate,Household
Eco-friendly bamboo bath mat from GOBAM,Household
Rechargeable electric bike from Ancheer,Household
Battery-operated string lights from Brightech,Household
Handcrafted ceramic mugs from East Fork,Household
Stainless steel compost pail from OXO,Household
High-quality wool area rug from Ruggable,Household
Motion-sensor cabinet lights from BLS,Household
Rechargeable LED lantern from Goal Zero,Household
Eco-friendly laundry detergent from BioKleen,Household
Handwoven storage baskets from The Little Market,Household
Stainless steel kitchen knives from Shun,Household
Battery-operated motion sensor light from Mr. Beams,Household
High-quality ceramic dinner plates from Crate & Barrel,Household
Rechargeable flashlight from Olight,Household
Adjustable shelving units from ClosetMaid,Household
Handcrafted wooden picture frames from Artifact Uprising,Household
Eco-friendly reusable straws from Klean Kanteen,Household
Stainless steel electric kettle from Hamilton Beach,Household
Motion-sensor trash can from Ninestars,Household
Battery-powered garden lights from LITOM,Household
Handwoven cotton throw blanket from The Citizenry,Household
Rechargeable air purifier from PureZone,Household
High-quality ceramic mixing bowls from Mason Cash,Household
Stainless steel compost bin from Epica,Household
Adjustable closet rods from ClosetMaid,Household
Battery-operated string lights from Koopower,Household
Handcrafted wooden furniture from The Joinery,Household
Eco-friendly bamboo toothbrushes from The Humble Co.,Household
Rechargeable electric shaver from Philips Norelco,Household
Stainless steel water bottle from S'well,Household
High-quality ceramic bakeware from Emile Henry,Household
Motion-sensor security lights from Heath Zenith,Household
Rechargeable fan from Honeywell,Household
Handwoven wool rug from Jaipur Living,Household
Battery-operated LED candles from Comenzar,Household
Eco-friendly cleaning spray from Method,Household
Adjustable height desk from Jarvis,Household
Handcrafted wooden wall art from Etsy,Household
Rechargeable electric screwdriver from DEWALT,Household
Stainless steel compost bin from Epica,Household
High-quality ceramic dinner set from Villeroy & Boch,Household
Battery-powered garden lights from GardenBliss,Household
Motion-sensor night lights from AMIR,Household
Rechargeable headlamp from Foxelli,Household
Handwoven cotton area rug from Jaipur Living,Household
Stainless steel wine glasses from BrüMate,Household
Adjustable bed frame from Zinus,Household
Eco-friendly bamboo kitchen utensils from Bambu,Household
Rechargeable electric toothbrush from Oral-B,Household
Battery-operated motion sensor light from Mr. Beams,Household
Stainless steel kitchen scissors from Global,Household
High-quality ceramic teapot from ForLife,Household
Handcrafted wooden picture frames from Framebridge,Household
Rechargeable LED flashlight from Fenix,Household
Adjustable shelving units from AmazonBasics,Household
Eco-friendly wool dryer balls from Woolzies,Household
Battery-operated fairy lights from Minetom,Household
Motion-sensor cabinet lights from URPOWER,Household
Handwoven storage bins from The Little Market,Household
Stainless steel cookware set from All-Clad,Household
Rechargeable electric screwdriver from WORX,Household
High-quality ceramic flower pots from CB2,Household
Battery-powered string lights from Lemontec,Household
Handcrafted wooden cutting board from John Boos,Household
Rechargeable electric bike from Ancheer,Household
Eco-friendly reusable produce bags from Simple Ecology,Household
Stainless steel French press from Frieling,Household
Adjustable window blinds from Achim,Household
Battery-operated smoke detector from Nest,Household
High-quality bread machine from Zojirushi,Household
Ceramic travel mug from Ello,Household
Rechargeable desk lamp from TaoTronics,Household
Eco-friendly cleaning sponges from Skoy,Household
Stainless steel kitchen scale from OXO,Household
Handcrafted ceramic vases from Etsy,Household
Rechargeable hand vacuum from BLACK+DECKER,Household
Battery-operated weather station from Ambient Weather,Household
Stainless steel wine glasses from BrüMate,Household
Eco-friendly dish soap from Seventh Generation,Household
Handwoven wool throw blanket from The Citizenry,Household
Rechargeable air compressor from Kensun,Household
Adjustable bed risers from iPrimio,Household
Battery-powered garden lights from TomCare,Household
Nike running shoes for marathon training,Apparel
Elegant Gucci handbag for formal events,Apparel
North Face winter coat for snowy days,Apparel
Custom-tailored suit for business meetings,Apparel
Vintage dress from a local boutique,Apparel
Timberland leather boots for hiking adventures,Apparel
Levi's casual jeans for everyday wear,Apparel
Silk tie from Ralph Lauren for professional attire,Apparel
Lululemon yoga pants for gym sessions,Apparel
Stylish beach hat from a coastal shop,Apparel
Evening gown from a designer collection,Apparel
Cashmere sweater from J.Crew for winter warmth,Apparel
Under Armour athletic gear for workouts,Apparel
Rolex watch for luxury style,Apparel
Speedo swimwear for competitive swimming,Apparel
Graphic T-shirt from an indie artist,Apparel
Sports jersey from a fan shop,Apparel
Harley-Davidson leather jacket for bikers,Apparel
Ray-Ban designer sunglasses for sunny days,Apparel
Allen Edmonds shoes for business casual attire,Apparel
Fitbit fitness tracker for activity monitoring,Apparel
Hermes silk scarf for elegant fashion,Apparel
Wedding dress from a bridal shop,Apparel
Merrell hiking boots for outdoor trails,Apparel
Kids' school uniforms from a local retailer,Apparel
Evening clutch from Kate Spade for parties,Apparel
Nike golf attire for the course,Apparel
Burton snowboarding jacket for winter sports,Apparel
Louis Vuitton designer belt for a polished look,Apparel
Motherhood maternity wear for expecting mothers,Apparel
Adidas tennis outfit for matches,Apparel
Johnston & Murphy formal shoes for dressy events,Apparel
Patagonia eco-friendly clothing for sustainable living,Apparel
Halloween costume from a specialty store,Apparel
Rapha cycling gear for long rides,Apparel
New Era custom baseball cap for team pride,Apparel
Columbia warm gloves for winter,Apparel
Hugo Boss business suit for executive meetings,Apparel
Jimmy Choo evening sandals for a night out,Apparel
Carter's kids' pajamas for cozy nights,Apparel
Coach leather wallet for daily use,Apparel
Hunter raincoat for wet weather,Apparel
Asics running gear for marathons,Apparel
Stetson formal hat for special occasions,Apparel
Reebok gym shorts for training,Apparel
Manolo Blahnik designer heels for evening wear,Apparel
Patagonia winter hat for outdoor activities,Apparel
Banana Republic casual shirt for weekends,Apparel
Quiksilver swim trunks for the beach,Apparel
Handmade jewelry from a local artisan,Apparel
Free People festival outfit for concerts,Apparel
Arc'teryx lightweight jacket for hiking,Apparel
Birkenstock summer sandals for casual wear,Apparel
Brooks Brothers tailored blazer for business,Apparel
Gap children's outerwear for winter,Apparel
Samsonite leather briefcase for professionals,Apparel
Nike running tights for cold weather,Apparel
TAG Heuer designer watch for luxury,Apparel
Uniqlo travel clothes for comfort,Apparel
Tommy Bahama beach cover-up for vacations,Apparel
Athleta yoga top for workouts,Apparel
Michael Kors luxury handbag for everyday,Apparel
Columbia hiking pants for outdoor adventures,Apparel
Red Wing work boots for durability,Apparel
Zara casual dress for everyday style,Apparel
Spyder ski jacket for winter sports,Apparel
Castelli cycling jersey for training,Apparel
Dents formal gloves for elegant occasions,Apparel
L.L. Bean spring jacket for outdoors,Apparel
Wrangler denim jacket for casual wear,Apparel
Dockers formal trousers for office wear,Apparel
Nike kids' sportswear for activities,Apparel
Seraphine maternity dress for stylish moms,Apparel
Tory Burch evening purse for parties,Apparel
REI camping gear for outdoor enthusiasts,Apparel
Tiffany & Co. designer earrings for luxury,Apparel
Badgley Mischka wedding shoes for brides,Apparel
Joules rain boots for rainy days,Apparel
Converse casual sneakers for daily wear,Apparel
Smartwool thermal underwear for warmth,Apparel
Tumi business bag for professionals,Apparel
Old Navy kids' summer clothes for play,Apparel
Victoria's Secret sports bra for workouts,Apparel
Thomas Pink formal shirt for office,Apparel
Holiday sweater from a festive shop,Apparel
Manduka yoga mat for practice,Apparel
Bonobos tailored pants for a perfect fit,Apparel
Patagonia outdoor vest for layering,Apparel
Lands' End kids' raincoat for wet weather,Apparel
Flea market vintage accessories for unique style,Apparel
Pashmina evening shawl for formal wear,Apparel
Oakley sunglasses for sports,Apparel
Stance performance socks for running,Apparel
Sperry casual loafers for summer,Apparel
2XU compression leggings for recovery,Apparel
Burberry formal coat for winter,Apparel
Skechers kids' athletic shoes for school,Apparel
North Face travel jacket for adventures,Apparel
Fjällräven designer backpack for hiking,Apparel
Garmin running watch for tracking,Apparel
Local artisan custom jewelry for unique style,Apparel
Capezio dance wear for ballet,Apparel
Columbia fishing gear for sports,Apparel
Salomon lightweight hiking shoes for trails,Apparel
Brioni business tie for executives,Apparel
Anthropologie summer dress for casual outings,Apparel
H&M casual hoodie for lounging,Apparel
FootJoy golf shoes for the course,Apparel
North Face winter gloves for skiing,Apparel
Obermeyer ski pants for snowboarding,Apparel
Roxy kids' beachwear for vacations,Apparel
Clarks leather shoes for comfort,Apparel
Bottega Veneta formal clutch for evening events,Apparel
Prana travel pants for comfort,Apparel
Pearl Izumi cycling shorts for long rides,Apparel
Diane von Furstenberg designer blouse for work,Apparel
Reef beach sandals for summer,Apparel
Goorin Bros. fashionable hat for style,Apparel
Agent Provocateur luxury lingerie for special occasions,Apparel
Calvin Klein business attire for meetings,Apparel
Smartwool warm socks for hiking,Apparel
Havaianas casual flip-flops for the beach,Apparel
Equipment silk blouse for work,Apparel
SuitSupply tailored suit for a custom fit,Apparel
SCOTTeVEST travel vest for organization,Apparel
Marmot rain jacket for hiking,Apparel
American Eagle casual shorts for summer,Apparel
Oscar de la Renta designer gown for galas,Apparel
Salomon running cap for sun protection,Apparel
Louboutin formal evening shoes for events,Apparel
Sorel kids' winter boots for snow,Apparel
Longchamp designer tote for daily use,Apparel
Topshop fashionable skirt for trendy looks,Apparel
Suunto sport watch for adventurers,Apparel
Eberjey luxury pajamas for bedtime,Apparel
Herschel leather backpack for travel,Apparel
Mountain Hardwear waterproof hiking jacket,Apparel
Gap casual pullover for layering,Apparel
Speedo swim cap for pool workouts,Apparel
Allbirds eco-friendly shoes for daily wear,Apparel
Peter Millar golf polo for the course,Apparel
Dakine ski gloves for winter sports,Apparel
Patagonia kids' fleece for warmth,Apparel
Swarovski designer necklace for glamour,Apparel
Gold Toe business socks for work,Apparel
Buff athletic headband for running,Apparel
Zazzle custom embroidery for personalized style,Apparel
Tilley travel hat for sun protection,Apparel
Burberry winter scarf for cold weather,Apparel
J.Crew spring dress for casual wear,Apparel
Speedo kids' swimwear for lessons,Apparel
Teva leather sandals for summer,Apparel
David Yurman evening earrings for special events,Apparel
Adidas sport-specific shoes for performance,Apparel
Vera Wang formal dress for weddings,Apparel
Eddie Bauer casual vest for layering,Apparel
Keen kids' hiking boots for adventures,Apparel
Canada Goose winter coat for extreme conditions,Apparel
Cartier designer ring for luxury,Apparel
Ecco travel sneakers for comfort,Apparel
Columbia rain hat for wet weather,Apparel
New Balance running gear for fitness,Apparel
Theory business blazer for meetings,Apparel
Old Navy casual tank top for summer,Apparel
Giro cycling gloves for protection,Apparel
Parachute luxury bathrobe for relaxation,Apparel
Spyder kids' snow pants for skiing,Apparel
Chanel designer handbag for luxury,Apparel
Zara fashionable jumpsuit for events,Apparel
Reebok fitness shoes for training,Apparel
Marchesa formal evening gown for galas,Apparel
American Eagle casual jeans for weekends,Apparel
Smith ski helmet for safety,Apparel
Hanna Andersson kids' pajamas for sleepovers,Apparel
Brooks Brothers silk tie for office,Apparel
Fabletics workout leggings for gym,Apparel
Prada designer coat for winter,Apparel
Madewell summer hat for sunny days,Apparel
Salvatore Ferragamo formal shoes for business,Apparel
Dinner with friends at a new restaurant,Social Life
Weekend getaway with college buddies,Social Life
Birthday party at a local bar,Social Life
Coffee date with a long-lost friend,Social Life
Picnic in the park with family,Social Life
Game night with neighbors,Social Life
Wine tasting tour with coworkers,Social Life
Movie night at a friend's house,Social Life
BBQ party in the backyard,Social Life
Concert outing with classmates,Social Life
Hiking trip with the adventure club,Social Life
Volunteering at a community event,Social Life
Yoga session with a group,Social Life
Beach day with childhood friends,Social Life
Crafting workshop with local artists,Social Life
Festival visit with loved ones,Social Life
Spa day with best friends,Social Life
Museum tour with a cultural group,Social Life
Dance class with colleagues,Social Life
Holiday dinner with extended family,Social Life
Potluck dinner with the neighborhood,Social Life
Camping trip with friends from work,Social Life
Karaoke night at a local bar,Social Life
Book club meeting at a café,Social Life
Weekend brunch with the family,Social Life
Road trip with high school friends,Social Life
Art exhibit visit with a friend,Social Life
Baking session with grandma,Social Life
Board game marathon with cousins,Social Life
Gardening day with community members,Social Life
Running club meet-up at the park,Social Life
Language exchange meet-up at a café,Social Life
Pool party with summer friends,Social Life
Fishing trip with old pals,Social Life
Dinner cruise with the team,Social Life
Football match with local fans,Social Life
Photography walk with enthusiasts,Social Life
Charity run with a group,Social Life
Theater night with close friends,Social Life
Pottery class with a friend,Social Life
Biking adventure with colleagues,Social Life
BBQ cook-off with neighbors,Social Life
Wine and cheese night at a friend's place,Social Life
Escape room challenge with the squad,Social Life
Jazz night at a downtown club,Social Life
Cultural festival outing with friends,Social Life
Farmers market visit with family,Social Life
Trivia night at a local pub,Social Life
Day trip to a nearby town with friends,Social Life
Live sports event with buddies,Social Life
Charity event participation with coworkers,Social Life
Photography workshop with peers,Social Life
Gourmet cooking class with a friend,Social Life
Live theater performance with classmates,Social Life
Neighborhood watch meeting,Social Life
Surfing lessons with friends,Social Life
Wine and painting night with colleagues,Social Life
Weekend retreat with close friends,Social Life
Live comedy show with the gang,Social Life
Food truck festival with neighbors,Social Life
Holiday lights tour with family,Social Life
Mini-golf outing with buddies,Social Life
Botanical garden tour with friends,Social Life
Star-gazing night with the astronomy club,Social Life
Potluck picnic at the beach,Social Life
Haunted house visit with the group,Social Life
Live music festival with friends,Social Life
Zip-lining adventure with coworkers,Social Life
Charity auction with community members,Social Life
Nature walk with the hiking club,Social Life
Fashion show with a friend,Social Life
Pet adoption event with animal lovers,Social Life
Scavenger hunt with friends,Social Life
Holiday baking party with family,Social Life
Beach volleyball game with neighbors,Social Life
Day at the amusement park with buddies,Social Life
Cultural dance night with friends,Social Life
Charity car wash with the team,Social Life
Book fair visit with colleagues,Social Life
Craft fair outing with a friend,Social Life
Parade participation with community,Social Life
Historic tour with the local group,Social Life
Annual festival celebration with family,Social Life
Bowling night with friends,Social Life
Ice skating with the kids,Social Life
Coffee tasting with colleagues,Social Life
Silent disco with the gang,Social Life
Dinner theater experience with friends,Social Life
Historical society meeting,Social Life
Flower arranging class with a friend,Social Life
Culinary tour with colleagues,Social Life
Fishing derby with buddies,Social Life
Garden tour with neighbors,Social Life
Fitness bootcamp with friends,Social Life
Holiday market visit with family,Social Life
Indoor rock climbing with coworkers,Social Life
Seasonal craft workshop with a friend,Social Life
Petting zoo trip with kids,Social Life
Volunteer day at the food bank,Social Life
Networking event with professionals,Social Life
Wine club tasting session,Social Life
Interactive art show with friends,Social Life
Cooking competition with family,Social Life
Historic site exploration with a group,Social Life
Sunset boat ride with buddies,Social Life
Snowboarding trip with friends,Social Life
Outdoor yoga class with neighbors,Social Life
Weekly farmers market meet-up,Social Life
Tea tasting event with colleagues,Social Life
Weekend hiking getaway with buddies,Social Life
Flea market adventure with friends,Social Life
Holiday gift exchange with family,Social Life
Wine cellar tour with the team,Social Life
Virtual game night with friends,Social Life
Brewery tour with colleagues,Social Life
Annual reunion with old friends,Social Life
Flower market visit with a friend,Social Life
Potluck brunch with neighbors,Social Life
Antique fair trip with family,Social Life
Beach bonfire with buddies,Social Life
Music jam session with the gang,Social Life
Pottery painting with friends,Social Life
Outdoor movie night with neighbors,Social Life
Fireworks display with family,Social Life
Car show visit with a friend,Social Life
Local playhouse performance,Social Life
Guided city tour with colleagues,Social Life
New Year's Eve celebration with friends,Social Life
Craft beer festival with neighbors,Social Life
Paintball game with the group,Social Life
Winter carnival with family,Social Life
Farm tour with friends,Social Life
Canoeing adventure with buddies,Social Life
Kite flying day with the kids,Social Life
Culinary class with coworkers,Social Life
Dance workshop with a friend,Social Life
Seasonal food tasting event,Social Life
Wine and cheese party with family,Social Life
Jazz festival outing with friends,Social Life
Golf tournament with colleagues,Social Life
Barbecue cookout with the group,Social Life
Kite festival with family,Social Life
Pottery wheel class with friends,Social Life
Stargazing night with the club,Social Life
Gourmet picnic with neighbors,Social Life
Holiday parade with the community,Social Life
Snowshoeing trek with buddies,Social Life
Fishing trip with family,Social Life
Poetry reading at a local café,Social Life
Day at the zoo with kids,Social Life
Christmas market visit with friends,Social Life
Sledding day with neighbors,Social Life
Baking class with a friend,Social Life
Group run with the running club,Social Life
Local theater performance with colleagues,Social Life
Antique shopping trip with family,Social Life
Potluck supper with friends,Social Life
DIY workshop with neighbors,Social Life
Seasonal fair visit with a group,Social Life
Bike ride along the coast with buddies,Social Life
Photography club outing,Social Life
Bingo night with the community,Social Life
Scenic train ride with friends,Social Life
Potluck breakfast with colleagues,Social Life
Outdoor music concert with family,Social Life
Pet parade with neighbors,Social Life
Historical tour with a local group,Social Life
Sunset hike with friends,Social Life
Snowball fight with buddies,Social Life
Art market visit with the community,Social Life
Cooking class with neighbors,Social Life
Halloween party with friends,Social Life
Outdoor fitness class with a group,Social Life
Charity bake sale with family,Social Life
Guided kayak tour with colleagues,Social Life
Neighborhood picnic with friends,Social Life
Pumpkin patch visit with kids,Social Life
Seasonal concert with the community,Social Life
Petting farm trip with family,Social Life
Neighborhood block party,Social Life
Summer campfire with friends,Social Life
Car rally with buddies,Social Life
Seasonal market visit with family,Social Life
Outdoor brunch with neighbors,Social Life
Local fair adventure with the community,Social Life
Ski trip with friends,Social Life
Book reading with a local author,Social Life
Ice cream social with neighbors,Social Life
Guided museum tour with colleagues,Social Life
Farmers market visit with family,Social Life
Outdoor movie screening with friends,Social Life
Parade day with the community,Social Life
Flower show with a group,Social Life
Scenic hike with friends,Social Life
Neighborhood cookout with neighbors,Social Life
Seasonal food festival with family,Social Life
Art gallery opening with friends,Social Life
Game day at a friend's house,Social Life
Historical reenactment with a local group,Social Life
Sunrise yoga with neighbors,Social Life
Group volunteering at an animal shelter,Social Life
Community garden project,Social Life
Holiday cookie exchange with family,Social Life
Walking tour with friends,Social Life
Craft beer tasting with neighbors,Social Life
Seasonal celebration with the community,Social Life
Fishing trip with colleagues,Social Life
Potluck lunch with the team,Social Life
Weekend road trip with friends,Social Life
Charity fundraiser with family,Social Life
Sports league with colleagues,Social Life
Farm festival with the community,Social Life
BBQ night with friends,Social Life
Halloween haunted house tour,Social Life
Wine tasting with family,Social Life
Neighborhood garage sale,Social Life
Ice fishing day with buddies,Social Life
Art workshop with friends,Social Life
Picnic in the park with neighbors,Social Life
Food truck meet-up with the community,Social Life
Kayaking day with friends,Social Life
Game night with family,Social Life
Seasonal market with neighbors,Social Life
Tree planting event with the community,Social Life
Guided hike with friends,Social Life
Outdoor festival with family,Social Life
Sunset picnic with neighbors,Social Life
Bike ride with friends,Social Life
Karaoke night with the group,Social Life
Seasonal craft fair with family,Social Life
Potluck dessert party with neighbors,Social Life
Day at the lake with friends,Social Life
Volunteer clean-up with the community,Social Life
Outdoor movie night with family,Social Life
Sledding trip with buddies,Social Life
Craft market adventure with neighbors,Social Life
Beach day with the group,Social Life
Neighborhood potluck with family,Social Life
Farm-to-table dinner with friends,Social Life
Sunrise run with colleagues,Social Life
Holiday dinner with the community,Social Life
Photography club meet-up with friends,Social Life
Outdoor BBQ with neighbors,Social Life
Gourmet cooking event with family,Social Life
Art festival with the group,Social Life
Weekend brunch with friends,Social Life
Parade participation with the community,Social Life
Hiking trail adventure with buddies,Social Life
Holiday market with family,Social Life
Community picnic with neighbors,Social Life
Concert in the park with friends,Social Life
Potluck supper with the group,Social Life
Sunrise beach yoga with neighbors,Social Life
Guided city tour with colleagues,Social Life
Pottery class with family,Social Life
Craft night with friends,Social Life
Farmers market trip with the group,Social Life
Bike trail ride with buddies,Social Life
Live music night with neighbors,Social Life
Outdoor brunch with family,Social Life
Seasonal market with the community,Social Life
Neighborhood cleanup with friends,Social Life
Art exhibit visit with family,Social Life
Potluck brunch with the group,Social Life
BBQ cook-off with neighbors,Social Life
Cultural festival with friends,Social Life
Weekend hiking trip with buddies,Social Life
Wine tasting with family,Social Life
Scavenger hunt with neighbors,Social Life
Outdoor yoga class with friends,Social Life
Community dinner with the group,Social Life
Live theater show with neighbors,Social Life
Concert outing with family,Social Life
Potluck lunch with friends,Social Life
Holiday market adventure with the community,Social Life
Neighborhood game night with buddies,Social Life
Art gallery tour with friends,Social Life
Craft beer festival with family,Social Life
Potluck dessert night with neighbors,Social Life
Day at the zoo with friends,Social Life
Outdoor brunch with the group,Social Life
Cultural exhibit with family,Social Life
Wine club meet-up with neighbors,Social Life
Potluck dinner with friends,Social Life
Seasonal fair visit with the community,Social Life
Guided city tour with family,Social Life
Live music event with neighbors,Social Life
Art workshop with friends,Social Life
BBQ night with the group,Social Life
Community garden project with neighbors,Social Life
Outdoor movie screening with family,Social Life
Potluck breakfast with friends,Social Life
Holiday cookie swap with neighbors,Social Life
Farmers market meet-up with family,Social Life
Bike ride with the group,Social Life
Live theater performance with friends,Social Life
Holiday parade with neighbors,Social Life
Outdoor festival with family,Social Life
Potluck lunch with the group,Social Life
Karaoke night with neighbors,Social Life
Seasonal market adventure with friends,Social Life
Sunrise hike with the community,Social Life
Outdoor BBQ with family,Social Life
Art festival with neighbors,Social Life
Potluck supper with friends,Social Life
Guided hike with the group,Social Life
Holiday dinner with family,Social Life
Pottery painting with neighbors,Social Life
Photography walk with friends,Social Life
Outdoor concert with the community,Social Life
Seasonal craft fair with family,Social Life
Neighborhood potluck with the group,Social Life
Weekend road trip with friends,Social Life
BBQ cook-off with neighbors,Social Life
Farm-to-table dinner with family,Social Life
Bike trail ride with the group,Social Life
Live music night with friends,Social Life
Seasonal market with neighbors,Social Life
Holiday parade with the community,Social Life
Neighborhood cleanup with family,Social Life
Outdoor brunch with friends,Social Life
Cultural festival with the group,Social Life
Weekend hiking trip with family,Social Life
Wine tasting with neighbors,Social Life
Outdoor yoga class with the community,Social Life
Community dinner with family,Social Life
Live theater show with the group,Social Life
Concert outing with neighbors,Social Life
Potluck lunch with the community,Social Life
Holiday market adventure with friends,Social Life
Neighborhood game night with family,Social Life
Art gallery tour with the group,Social Life
Craft beer festival with neighbors,Social Life
Potluck dessert night with friends,Social Life
Day at the zoo with the community,Social Life
Outdoor brunch with neighbors,Social Life
Cultural exhibit with the group,Social Life
Wine club meet-up with family,Social Life
Potluck dinner with the community,Social Life
Seasonal fair visit with friends,Social Life
Guided city tour with neighbors,Social Life
Live music event with the group,Social Life
Art workshop with family,Social Life
BBQ night with neighbors,Social Life
Community garden project with the group,Social Life
Outdoor movie screening with friends,Social Life
Potluck breakfast with neighbors,Social Life
Holiday cookie swap with friends,Social Life
Farmers market meet-up with neighbors,Social Life
Bike ride with family,Social Life
Live theater performance with the community,Social Life
Holiday parade with the group,Social Life
Outdoor festival with neighbors,Social Life
Potluck lunch with family,Social Life
Karaoke night with the community,Social Life
Seasonal market adventure with neighbors,Social Life
Sunrise hike with the group,Social Life
Outdoor BBQ with friends,Social Life
Art festival with the community,Social Life
Potluck supper with neighbors,Social Life
Guided hike with friends,Social Life
Holiday dinner with the group,Social Life
Pottery painting with family,Social Life
Photography walk with neighbors,Social Life
Outdoor concert with friends,Social Life
Seasonal craft fair with neighbors,Social Life
Neighborhood potluck with friends,Social Life
Weekend road trip with neighbors,Social Life
BBQ cook-off with the community,Social Life
Farm-to-table dinner with friends,Social Life
Bike trail ride with neighbors,Social Life
Live music night with the community,Social Life
Seasonal market with friends,Social Life
Holiday parade with family,Social Life
Neighborhood cleanup with friends,Social Life
Outdoor brunch with the community,Social Life
Cultural festival with neighbors,Social Life
Weekend hiking trip with the group,Social Life
Wine tasting with friends,Social Life
Outdoor yoga class with neighbors,Social Life
Community dinner with the group,Social Life
Live theater show with family,Social Life
Concert outing with friends,Social Life
Potluck lunch with neighbors,Social Life
Holiday market adventure with the group,Social Life
Neighborhood game night with friends,Social Life
Art gallery tour with neighbors,Social Life
Craft beer festival with the community,Social Life
Potluck dessert night with neighbors,Social Life
Day at the zoo with friends,Social Life
Outdoor brunch with family,Social Life
Cultural exhibit with neighbors,Social Life
Wine club meet-up with the community,Social Life
Potluck dinner with friends,Social Life
Seasonal fair visit with neighbors,Social Life
Guided city tour with the community,Social Life
Live music event with friends,Social Life
Art workshop with neighbors,Social Life
BBQ night with the group,Social Life
Community garden project with family,Social Life
Outdoor movie screening with neighbors,Social Life
Potluck breakfast with the community,Social Life
Holiday cookie swap with neighbors,Social Life
Farmers market meet-up with the group,Social Life
Bike ride with neighbors,Social Life
Live theater performance with friends,Social Life
Holiday parade with the community,Social Life
Outdoor festival with neighbors,Social Life
Potluck lunch with friends,Social Life
Karaoke night with the group,Social Life
Seasonal market adventure with family,Social Life
Sunrise hike with neighbors,Social Life
Outdoor BBQ with friends,Social Life
Art festival with the community,Social Life
Potluck supper with neighbors,Social Life
Guided hike with family,Social Life
Holiday dinner with the group,Social Life
Pottery painting with neighbors,Social Life
Photography walk with friends,Social Life
Outdoor concert with neighbors,Social Life
Seasonal craft fair with the community,Social Life
Neighborhood potluck with friends,Social Life
Weekend road trip with neighbors,Social Life
BBQ cook-off with the group,Social Life
Farm-to-table dinner with neighbors,Social Life
Bike trail ride with the community,Social Life
Live music night with friends,Social Life
Seasonal market with neighbors,Social Life
Holiday parade with the group,Social Life
Neighborhood cleanup with friends,Social Life
Outdoor brunch with the community,Social Life
Cultural festival with neighbors,Social Life
Weekend hiking trip with friends,Social Life
Wine tasting with the group,Social Life
Outdoor yoga class with neighbors,Social Life
Community dinner with friends,Social Life
Live theater show with the community,Social Life
Concert outing with neighbors,Social Life
Potluck lunch with friends,Social Life
Holiday market adventure with the group,Social Life
Neighborhood game night with neighbors,Social Life
Art gallery tour with friends,Social Life
Craft beer festival with neighbors,Social Life
Potluck dessert night with friends,Social Life
Day at the zoo with the community,Social Life
Outdoor brunch with neighbors,Social Life
Cultural exhibit with friends,Social Life
Wine club meet-up with the group,Social Life
Potluck dinner with neighbors,Social Life
Seasonal fair visit with friends,Social Life
Guided city tour with neighbors,Social Life
Live music event with the community,Social Life
Art workshop with friends,Social Life
BBQ night with neighbors,Social Life
Community garden project with the group,Social Life
Outdoor movie screening with friends,Social Life
Potluck breakfast with neighbors,Social Life
Holiday cookie swap with the group,Social Life
Farmers market meet-up with friends,Social Life
Bike ride with the community,Social Life
Live theater performance with neighbors,Social Life
Holiday parade with friends,Social Life
Outdoor festival with neighbors,Social Life
Potluck lunch with the community,Social Life
Karaoke night with friends,Social Life
Seasonal market adventure with neighbors,Social Life
Sunrise hike with the group,Social Life
Outdoor BBQ with friends,Social Life
Art festival with neighbors,Social Life
Potluck supper with the group,Social Life
Guided hike with friends,Social Life
Holiday dinner with neighbors,Social Life
Pottery painting with the group,Social Life
Photography walk with friends,Social Life
Outdoor concert with the community,Social Life
Seasonal craft fair with friends,Social Life
Neighborhood potluck with neighbors,Social Life
Weekend road trip with the group,Social Life
BBQ cook-off with friends,Social Life
Farm-to-table dinner with the community,Social Life
Bike trail ride with friends,Social Life
Live music night with the group,Social Life
Seasonal market with friends,Social Life
Holiday parade with the community,Social Life
Neighborhood cleanup with neighbors,Social Life
Outdoor brunch with the group,Social Life
Cultural festival with friends,Social Life
Weekend hiking trip with neighbors,Social Life
Wine tasting with the group,Social Life
Outdoor yoga class with friends,Social Life
Community dinner with the group,Social Life
Live theater show with neighbors,Social Life
Concert outing with the community,Social Life
Potluck lunch with neighbors,Social Life
Holiday market adventure with friends,Social Life
Neighborhood game night with the group,Social Life
Art gallery tour with neighbors,Social Life
Craft beer festival with friends,Social Life
Potluck dessert night with the group,Social Life
Day at the zoo with friends,Social Life
Outdoor brunch with the community,Social Life
Cultural exhibit with neighbors,Social Life
Wine club meet-up with the group,Social Life
Potluck dinner with friends,Social Life
Seasonal fair visit with the community,Social Life
Guided city tour with neighbors,Social Life
Live music event with friends,Social Life
Art workshop with neighbors,Social Life
BBQ night with the community,Social Life
Community garden project with friends,Social Life
Outdoor movie screening with the group,Social Life
Potluck breakfast with friends,Social Life
Holiday cookie swap with neighbors,Social Life
Farmers market meet-up with the community,Social Life
Bike ride with the group,Social Life
Live theater performance with friends,Social Life
Holiday parade with neighbors,Social Life
Outdoor festival with friends,Social Life
Potluck lunch with the group,Social Life
Karaoke night with the community,Social Life
Seasonal market adventure with friends,Social Life
Sunrise hike with the group,Social Life
Outdoor BBQ with the community,Social Life
Art festival with friends,Social Life
Potluck supper with neighbors,Social Life
Guided hike with the group,Social Life
Holiday dinner with friends,Social Life
Pottery painting with the community,Social Life
Photography walk with neighbors,Social Life
Outdoor concert with friends,Social Life
Seasonal craft fair with the group,Social Life
Neighborhood potluck with friends,Social Life
Weekend road trip with the community,Social Life
BBQ cook-off with neighbors,Social Life
Farm-to-table dinner with friends,Social Life
Bike trail ride with the group,Social Life
Live music night with neighbors,Social Life
Seasonal market with the community,Social Life
Holiday parade with friends,Social Life
Neighborhood cleanup with the group,Social Life
Outdoor brunch with neighbors,Social Life
Cultural festival with the community,Social Life
Weekend hiking trip with friends,Social Life
Wine tasting with neighbors,Social Life
Outdoor yoga class with the group,Social Life
Community dinner with friends,Social Life
Live theater show with the community,Social Life
Concert outing with friends,Social Life
Potluck lunch with the group,Social Life
Holiday market adventure with neighbors,Social Life
Neighborhood game night with friends,Social Life
Art gallery tour with the group,Social Life
Craft beer festival with neighbors,Social Life
Potluck dessert night with friends,Social Life
Day at the zoo with the community,Social Life
Outdoor brunch with neighbors,Social Life
Cultural exhibit with the group,Social Life
Wine club meet-up with friends,Social Life
Potluck dinner with the community,Social Life
Seasonal fair visit with neighbors,Social Life
Guided city tour with the group,Social Life
Live music event with friends,Social Life
Art workshop with neighbors,Social Life
BBQ night with the group,Social Life
Community garden project with friends,Social Life
Outdoor movie screening with neighbors,Social Life
Potluck breakfast with the group,Social Life
Holiday cookie swap with friends,Social Life
Farmers market meet-up with neighbors,Social Life
Bike ride with the group,Social Life
Live theater performance with neighbors,Social Life
Holiday parade with friends,Social Life
Outdoor festival with the community,Social Life
Potluck lunch with friends,Social Life
Karaoke night with the group,Social Life
Seasonal market adventure with neighbors,Social Life
Sunrise hike with friends,Social Life
Outdoor BBQ with the group,Social Life
Art festival with neighbors,Social Life
Potluck supper with friends,Social Life
Guided hike with the community,Social Life
Holiday dinner with the group,Social Life
Pottery painting with neighbors,Social Life
Photography walk with friends,Social Life
Outdoor concert with neighbors,Social Life
Seasonal craft fair with the group,Social Life
Neighborhood potluck with friends,Social Life
Weekend road trip with neighbors,Social Life
BBQ cook-off with the group,Social Life
Farm-to-table dinner with the community,Social Life
Bike trail ride with friends,Social Life
Live music night with the group,Social Life
Seasonal market with neighbors,Social Life
Holiday parade with the community,Social Life
Neighborhood cleanup with friends,Social Life
Outdoor brunch with the group,Social Life
Cultural festival with neighbors,Social Life
Weekend hiking trip with the community,Social Life
Wine tasting with friends,Social Life
Outdoor yoga class with neighbors,Social Life
Community dinner with the group,Social Life
Live theater show with friends,Social Life
Concert outing with neighbors,Social Life
Potluck lunch with the community,Social Life
Holiday market adventure with friends,Social Life
Neighborhood game night with the group,Social Life
Art gallery tour with neighbors,Social Life
Craft beer festival with friends,Social Life
Potluck dessert night with the group,Social Life
Day at the zoo with neighbors,Social Life
Outdoor brunch with friends,Social Life
Cultural exhibit with the group,Social Life
Wine club meet-up with neighbors,Social Life
Potluck dinner with friends,Social Life
Seasonal fair visit with the group,Social Life
Guided city tour with neighbors,Social Life
Live music event with the community,Social Life
Art workshop with friends,Social Life
BBQ night with neighbors,Social Life
Community garden project with the group,Social Life
Outdoor movie screening with friends,Social Life
Potluck breakfast with neighbors,Social Life
Holiday cookie swap with the community,Social Life
Farmers market meet-up with friends,Social Life
Bike ride with the group,Social Life
Live theater performance with the community,Social Life
Holiday parade with friends,Social Life
Outdoor festival with neighbors,Social Life
Potluck lunch with the group,Social Life
Karaoke night with friends,Social Life
Seasonal market adventure with the community,Social Life
Sunrise hike with friends,Social Life
Outdoor BBQ with neighbors,Social Life
Art festival with the group,Social Life
Potluck supper with friends,Social Life
Guided hike with neighbors,Social Life
Holiday dinner with friends,Social Life
Pottery painting with the community,Social Life
Photography walk with friends,Social Life
Outdoor concert with neighbors,Social Life
Seasonal craft fair with the group,Social Life
Neighborhood potluck with friends,Social Life
Weekend road trip with neighbors,Social Life
BBQ cook-off with the community,Social Life
Farm-to-table dinner with friends,Social Life
Bike trail ride with neighbors,Social Life
Live music night with the community,Social Life
Seasonal market with friends,Social Life
Holiday parade with the group,Social Life
Neighborhood cleanup with neighbors,Social Life
Outdoor brunch with friends,Social Life
Cultural festival with the community,Social Life
Weekend hiking trip with neighbors,Social Life
Wine tasting with the group,Social Life
Outdoor yoga class with friends,Social Life
Community dinner with neighbors,Social Life
Live theater show with friends,Social Life
Concert outing with the community,Social Life
Potluck lunch with neighbors,Social Life
Holiday market adventure with friends,Social Life
Neighborhood game night with neighbors,Social Life
Art gallery tour with the group,Social Life
Craft beer festival with friends,Social Life
Potluck dessert night with neighbors,Social Life
Day at the zoo with friends,Social Life
Outdoor brunch with the community,Social Life
Cultural exhibit with neighbors,Social Life
Wine club meet-up with friends,Social Life
Potluck dinner with the group,Social Life
Seasonal fair visit with neighbors,Social Life
Guided city tour with friends,Social Life
Live music event with the group,Social Life
Art workshop with neighbors,Social Life
BBQ night with friends,Social Life
Community garden project with the group,Social Life
Outdoor movie screening with friends,Social Life
Potluck breakfast with neighbors,Social Life
Holiday cookie swap with the group,Social Life
Farmers market meet-up with friends,Social Life
Bike ride with neighbors,Social Life
Live theater performance with friends,Social Life
Holiday parade with the group,Social Life
Outdoor festival with neighbors,Social Life
Potluck lunch with friends,Social Life
Karaoke night with the group,Social Life
Seasonal market adventure with neighbors,Social Life
Sunrise hike with friends,Social Life
Outdoor BBQ with the group,Social Life
Art festival with neighbors,Social Life
Potluck supper with the community,Social Life
Guided hike with friends,Social Life
Holiday dinner with neighbors,Social Life
Pottery painting with friends,Social Life
Photography walk with the group,Social Life
Outdoor concert with neighbors,Social Life
Seasonal craft fair with friends,Social Life
Neighborhood potluck with the group,Social Life
Weekend road trip with friends,Social Life
BBQ cook-off with neighbors,Social Life
Farm-to-table dinner with the community,Social Life
Bike trail ride with friends,Social Life
Live music night with the group,Social Life
Seasonal market with neighbors,Social Life
Holiday parade with the community,Social Life
Neighborhood cleanup with friends,Social Life
Outdoor brunch with the group,Social Life
Cultural festival with neighbors,Social Life
Weekend hiking trip with friends,Social Life
Wine tasting with neighbors,Social Life
Outdoor yoga class with the group,Social Life
Community dinner with friends,Social Life
Live theater show with neighbors,Social Life
Concert outing with the community,Social Life
Potluck lunch with friends,Social Life
Holiday market adventure with the group,Social Life
Neighborhood game night with neighbors,Social Life
Art gallery tour with friends,Social Life
Craft beer festival with the group,Social Life
Potluck dessert night with neighbors,Social Life
Day at the zoo with the community,Social Life
Outdoor brunch with friends,Social Life
Cultural exhibit with neighbors,Social Life
Wine club meet-up with the group,Social Life
Potluck dinner with friends,Social Life
Seasonal fair visit with neighbors,Social Life
Guided city tour with friends,Social Life
Live music event with the group,Social Life
Art workshop with neighbors,Social Life
BBQ night with friends,Social Life
Community garden project with neighbors,Social Life
Outdoor movie screening with the group,Social Life
Potluck breakfast with friends,Social Life
Holiday cookie swap with neighbors,Social Life
Farmers market meet-up with the community,Social Life
Bike ride with the group,Social Life
Live theater performance with friends,Social Life
Holiday parade with neighbors,Social Life
Outdoor festival with friends,Social Life
Potluck lunch with the community,Social Life
Karaoke night with friends,Social Life
Seasonal market adventure with the group,Social Life
Sunrise hike with neighbors,Social Life
Outdoor BBQ with friends,Social Life
Art festival with the community,Social Life
Potluck supper with neighbors,Social Life
Guided hike with friends,Social Life
Holiday dinner with the community,Social Life
Pottery painting with neighbors,Social Life
Photography walk with friends,Social Life
Outdoor concert with the group,Social Life
Seasonal craft fair with neighbors,Social Life
Neighborhood potluck with friends,Social Life
Weekend road trip with neighbors,Social Life
BBQ cook-off with the group,Social Life
Farm-to-table dinner with friends,Social Life
Bike trail ride with the community,Social Life
Live music night with friends,Social Life
Seasonal market with neighbors,Social Life
Holiday parade with the group,Social Life
Neighborhood cleanup with friends,Social Life
Outdoor brunch with neighbors,Social Life
Cultural festival with the community,Social Life
Weekend hiking trip with friends,Social Life
Wine tasting with the group,Social Life
Outdoor yoga class with neighbors,Social Life
Community dinner with friends,Social Life
Live theater show with neighbors,Social Life
Concert outing with friends,Social Life
Potluck lunch with the community,Social Life
Holiday market adventure with friends,Social Life
Neighborhood game night with the group,Social Life
Art gallery tour with friends,Social Life
Craft beer festival with neighbors,Social Life
Potluck dessert night with friends,Social Life
Day at the zoo with neighbors,Social Life
Outdoor brunch with the group,Social Life
Cultural exhibit with friends,Social Life
Wine club meet-up with the community,Social Life
Potluck dinner with neighbors,Social Life
Seasonal fair visit with the group,Social Life
Guided city tour with neighbors,Social Life
Live music event with friends,Social Life
Art workshop with the group,Social Life
BBQ night with neighbors,Social Life
Community garden project with friends,Social Life
Outdoor movie screening with the community,Social Life
Potluck breakfast with neighbors,Social Life
Holiday cookie swap with the group,Social Life
Farmers market meet-up with friends,Social Life
Bike ride with the group,Social Life
Live theater performance with neighbors,Social Life
Holiday parade with friends,Social Life
Outdoor festival with the community,Social Life
Potluck lunch with neighbors,Social Life
Karaoke night with friends,Social Life
Seasonal market adventure with the group,Social Life
Sunrise hike with neighbors,Social Life
Outdoor BBQ with friends,Social Life
Art festival with neighbors,Social Life
Potluck supper with the group,Social Life
Guided hike with neighbors,Social Life
Holiday dinner with friends,Social Life
Pottery painting with the community,Social Life
Photography walk with neighbors,Social Life
Outdoor concert with the group,Social Life
Seasonal craft fair with friends,Social Life
Neighborhood potluck with neighbors,Social Life
Weekend road trip with the group,Social Life
BBQ cook-off with friends,Social Life
Farm-to-table dinner with neighbors,Social Life
Bike trail ride with the community,Social Life
Live music night with friends,Social Life
Seasonal market with the group,Social Life
Holiday parade with neighbors,Social Life
Neighborhood cleanup with friends,Social Life
Outdoor brunch with neighbors,Social Life
Cultural festival with the group,Social Life
Weekend hiking trip with friends,Social Life
Wine tasting with neighbors,Social Life
Outdoor yoga class with the community,Social Life
Community dinner with friends,Social Life
Live theater show with neighbors,Social Life
Concert outing with friends,Social Life
Potluck lunch with neighbors,Social Life
Holiday market adventure with friends,Social Life
Neighborhood game night with the group,Social Life
Art gallery tour with friends,Social Life
Craft beer festival with the community,Social Life
Potluck dessert night with neighbors,Social Life
Day at the zoo with friends,Social Life
Outdoor brunch with the group,Social Life
Cultural exhibit with friends,Social Life
Wine club meet-up with neighbors,Social Life
Potluck dinner with the community,Social Life
Seasonal fair visit with friends,Social Life
Guided city tour with neighbors,Social Life
Live music event with the group,Social Life
Art workshop with friends,Social Life
BBQ night with the community,Social Life
Community garden project with neighbors,Social Life
Outdoor movie screening with friends,Social Life
Potluck breakfast with neighbors,Social Life
Holiday cookie swap with the group,Social Life
Farmers market meet-up with neighbors,Social Life
Bike ride with the group,Social Life
Live theater performance with friends,Social Life
Holiday parade with neighbors,Social Life
Outdoor festival with friends,Social Life
Potluck lunch with the group,Social Life
Karaoke night with neighbors,Social Life
Seasonal market adventure with friends,Social Life
Sunrise hike with the community,Social Life
Outdoor BBQ with friends,Social Life
Art festival with neighbors,Social Life
Potluck supper with the group,Social Life
Guided hike with neighbors,Social Life
Holiday dinner with friends,Social Life
Pottery painting with the group,Social Life
Photography walk with neighbors,Social Life
Outdoor concert with friends,Social Life
Seasonal craft fair with the community,Social Life
Neighborhood potluck with friends,Social Life
Weekend road trip with the group,Social Life
BBQ cook-off with neighbors,Social Life
Farm-to-table dinner with friends,Social Life
Bike trail ride with the group,Social Life
Live music night with neighbors,Social Life
Seasonal market with friends,Social Life
Holiday parade with the group,Social Life
Neighborhood cleanup with neighbors,Social Life
Outdoor brunch with the community,Social Life
Cultural festival with friends,Social Life
Weekend hiking trip with the group,Social Life
Wine tasting with neighbors,Social Life
Outdoor yoga class with the community,Social Life
Community dinner with friends,Social Life
Attending a coding bootcamp,Education
Participating in an online course for digital marketing,Education
Studying for the SATs,Education
Taking a pottery class at the community center,Education
Enrolling in a university degree program,Education
Joining a local book club for literature discussions,Education
Learning French with a private tutor,Education
Completing a certification in project management,Education
Attending a workshop on creative writing,Education
Signing up for a photography course,Education
Attending a webinar on financial literacy,Education
Participating in a summer science camp,Education
Taking music lessons for the guitar,Education
Joining a seminar on mental health awareness,Education
Studying for the GRE,Education
Enrolling in a masterclass for cooking,Education
Learning graphic design through online tutorials,Education
Participating in a public speaking workshop,Education
Taking a class on sustainable living,Education
Attending a lecture series on world history,Education
Joining a community garden club for hands-on learning,Education
Completing a first aid certification,Education
Enrolling in an online MBA program,Education
Attending a language immersion program,Education
Joining a study group for calculus,Education
Participating in a leadership training seminar,Education
Taking a course on computer programming,Education
Learning to play the piano at a music school,Education
Studying for the LSAT,Education
Attending a film-making workshop,Education
Enrolling in a creative writing MFA program,Education
Joining a knitting class at a local store,Education
Completing a health and nutrition course,Education
Participating in a robotics club,Education
Taking a class on entrepreneurship,Education
Attending a conference on climate change,Education
Studying for the bar exam,Education
Joining an art history lecture series,Education
Learning to cook through a culinary school,Education
Attending a mindfulness meditation retreat,Education
Enrolling in a vocational training program,Education
Completing a workshop on website development,Education
Taking a class on renewable energy,Education
Joining a chess club for strategy lessons,Education
Studying for the GMAT,Education
Participating in a volunteer teaching program,Education
Attending a seminar on cybersecurity,Education
Learning to sew through online courses,Education
Joining a debate team for critical thinking,Education
Taking a watercolor painting class,Education
Attending a biology lab workshop,Education
Enrolling in an architecture degree program,Education
Participating in a wildlife conservation course,Education
Studying for the MCAT,Education
Joining a historical reenactment group,Education
Completing a course on digital photography,Education
Learning sign language at a local community college,Education
Taking a CPR certification class,Education
Attending an economics lecture series,Education
Enrolling in a dance class,Education
Participating in a software engineering bootcamp,Education
Joining a poetry writing workshop,Education
Studying for a nursing certification,Education
Attending a geology field trip,Education
Completing a course on personal finance,Education
Learning to code with a mentor,Education
Taking a ceramics class at a local studio,Education
Attending a political science conference,Education
Enrolling in a public health program,Education
Joining a sustainability study group,Education
Participating in a journalism workshop,Education
Studying for a teaching credential,Education
Attending a seminar on artificial intelligence,Education
Taking a class on conflict resolution,Education
Joining a math club for problem-solving,Education
Learning to dance salsa at a community center,Education
Attending a physics lab session,Education
Enrolling in a creative arts program,Education
Completing a leadership development course,Education
Participating in an astronomy club,Education
Taking a computer graphics class,Education
Attending a chemistry lecture series,Education
Joining a language exchange group,Education
Studying for a real estate license,Education
Learning pottery through hands-on workshops,Education
Participating in a social media marketing course,Education
Taking a creative nonfiction writing class,Education
Attending a philosophy seminar,Education
Enrolling in a technical certification program,Education
Completing a course on ancient civilizations,Education
Joining a robotics team for competitions,Education
Studying for an actuarial exam,Education
Attending a genetics lab workshop,Education
Learning to knit through community classes,Education
Taking a floral arrangement course,Education
Participating in a first aid training program,Education
Completing a course on human anatomy,Education
Joining a film analysis club,Education
Studying for a psychology degree,Education
Attending a series of art lectures,Education
Learning carpentry through vocational training,Education
Taking a course on international relations,Education
Participating in a theatre production workshop,Education
Completing a digital marketing certification,Education
Joining a hiking club for environmental education,Education
Studying for a PhD in literature,Education
Attending a business strategy seminar,Education
Learning photography at a local community college,Education
Taking a class on urban planning,Education
Participating in a public policy workshop,Education
Joining a gardening course for practical skills,Education
Completing a course on ethical hacking,Education
Studying for a certification in nutrition,Education
Attending a sociology lecture series,Education
Learning to cook through online classes,Education
Taking a course on film production,Education
Joining a creative writing group,Education
Participating in a health sciences program,Education
Completing a web development bootcamp,Education
Studying for a pilot's license,Education
Attending a creative thinking workshop,Education
Learning to play the violin,Education
Taking a class on financial management,Education
Participating in a psychology research seminar,Education
Joining a history club for discussions,Education
Completing a course on marine biology,Education
Studying for a music theory exam,Education
Attending an engineering seminar,Education
Learning to draw through online tutorials,Education
Taking a creative writing masterclass,Education
Participating in a film directing workshop,Education
Completing a certification in data analysis,Education
Studying for an architecture licensing exam,Education
Attending a lecture on global economics,Education
Joining a coding club for collaboration,Education
Taking a pottery workshop at an art studio,Education
Learning to speak Italian,Education
Participating in a documentary film course,Education
Completing a cybersecurity training program,Education
Studying for a veterinary technician certification,Education
Attending a seminar on quantum mechanics,Education
Taking a class on fashion design,Education
Joining a yoga teacher training program,Education
Participating in a creative arts workshop,Education
Completing a nutrition and dietetics degree,Education
Studying for an environmental science exam,Education
Attending a seminar on digital transformation,Education
Learning to sculpt with clay,Education
Taking a course on strategic marketing,Education
Participating in a study abroad program,Education
Joining a literary analysis group,Education
Completing a course on renewable energy technology,Education
Studying for a social work degree,Education
Attending a lecture on political theory,Education
Learning to code with Python,Education
Taking a class on landscape photography,Education
Participating in a leadership skills workshop,Education
Completing a degree in computer science,Education
Studying for a law degree,Education
Attending a seminar on machine learning,Education
Learning graphic design basics,Education
Taking a creative dance class,Education
Joining a research study group,Education
Completing a course on biotechnology,Education
Studying for a medical degree,Education
Attending a lecture series on ancient history,Education
Learning to bake with a professional chef,Education
Taking a class on digital illustration,Education
Participating in a critical thinking seminar,Education
Completing a degree in mechanical engineering,Education
Studying for an accounting certification,Education
Attending a seminar on environmental policy,Education
Learning to paint with watercolors,Education
Taking a class on public relations,Education
Joining a debate club for practice,Education
Completing a certification in health informatics,Education
Studying for a degree in anthropology,Education
Attending a series of psychology workshops,Education
Learning to code websites,Education
Taking a pottery class for beginners,Education
Participating in a study group for physics,Education
Completing a degree in education,Education
Studying for a certification in cybersecurity,Education
Attending a lecture series on modern art,Education
Learning to play the saxophone,Education
Taking a class on business analytics,Education
Participating in a science fair,Education
Completing a degree in fine arts,Education
Studying for an IT certification,Education
Attending a seminar on blockchain technology,Education
Learning to sew with a local instructor,Education
Taking a class on wildlife photography,Education
Joining a writing workshop for poets,Education
Completing a course on artificial intelligence,Education
Studying for a degree in linguistics,Education
Attending a seminar on cultural anthropology,Education
Learning to play chess strategically,Education
Taking a class on public health,Education
Participating in a volunteer teaching program abroad,Education
Joining a study group for organic chemistry,Education
Completing a course on digital marketing strategies,Education
Studying for a degree in biomedical engineering,Education
Attending a lecture on European history,Education
Learning to dance contemporary,Education
Taking a class on creative entrepreneurship,Education
Participating in a philosophy reading group,Education
Completing a certification in project management,Education
Studying for a degree in sociology,Education
Attending a seminar on cognitive science,Education
Learning to play the flute,Education
Taking a class on social media management,Education
Joining a language immersion program,Education
Completing a degree in information systems,Education
Studying for a teacher certification,Education
Attending a series of seminars on public administration,Education
Learning to code apps,Education
Taking a photography class for advanced skills,Education
Participating in a creative writing seminar,Education
Completing a certification in financial planning,Education
Studying for a degree in political science,Education
Attending a seminar on leadership development,Education
Learning to knit with a local club,Education
Taking a class on nutrition and wellness,Education
Joining a research project on environmental studies,Education
Completing a course on machine learning algorithms,Education
Studying for a medical licensing exam,Education
Attending a lecture on global health issues,Education
Learning to play the drums,Education
Taking a class on data visualization,Education
Participating in a theater production,Education
Completing a certification in human resources,Education
Studying for a degree in philosophy,Education
Attending a seminar on artificial intelligence ethics,Education
Learning to cook international cuisines,Education
Taking a class on digital storytelling,Education
Joining a hiking club for nature education,Education
Completing a degree in environmental science,Education
Studying for a finance certification,Education
Attending a series of history lectures,Education
Learning to play the clarinet,Education
Taking a class on entrepreneurship and innovation,Education
Participating in a public speaking workshop,Education
Completing a course on advanced mathematics,Education
Studying for a degree in communications,Education
Attending a seminar on global economics,Education
Learning to code in JavaScript,Education
Taking a watercolor painting class,Education
Joining a study group for statistics,Education
Completing a degree in chemical engineering,Education
Studying for a certification in IT security,Education
Attending a seminar on digital transformation,Education
Learning to play the trumpet,Education
Taking a class on financial accounting,Education
Participating in a cultural exchange program,Education
Joining a science club for experiments,Education
Completing a certification in database management,Education
Studying for a degree in psychology,Education
Attending a lecture series on modern literature,Education
Learning to bake pastries with a professional,Education
Taking a class on data analysis techniques,Education
Joining a creative writing group for fiction,Education
Completing a course on sustainable development,Education
Studying for a certification in cloud computing,Education
Attending a seminar on environmental sustainability,Education
Learning to paint portraits,Education
Taking a class on public policy,Education
Participating in a critical thinking workshop,Education
Joining a math club for competitions,Education
Completing a degree in digital media,Education
Studying for a certification in business analysis,Education
Attending a series of lectures on cognitive psychology,Education
Learning to play the bass guitar,Education
Taking a class on public relations strategies,Education
Joining a volunteer tutoring program,Education
Completing a course on web development,Education
Studying for a degree in mechanical engineering,Education
Attending a seminar on corporate finance,Education
Learning to code in C++,Education
Taking a creative writing class for poetry,Education
Joining a study group for biology,Education
Completing a certification in network security,Education
Studying for a degree in anthropology,Education
Attending a lecture series on world religions,Education
Learning to cook vegetarian dishes,Education
Taking a class on video production,Education
Participating in a public health internship,Education
Completing a degree in chemical engineering,Education
Studying for a certification in graphic design,Education
Attending a seminar on social entrepreneurship,Education
Learning to play the cello,Education
Taking a class on strategic management,Education
Joining a debate club for practice,Education
Completing a course on quantum computing,Education
Studying for a degree in social work,Education
Attending a series of art history lectures,Education
Learning to sew with a community group,Education
Taking a class on wildlife conservation,Education
Participating in a volunteer teaching program,Education
Joining a research project on genetics,Education
Completing a certification in business administration,Education
Studying for a degree in education,Education
Attending a seminar on international law,Education
Learning to play the ukulele,Education
Taking a class on marketing strategies,Education
Joining a language immersion course,Education
Completing a degree in software engineering,Education
Studying for a professional certification in HR,Education
Attending a series of lectures on public policy,Education
Learning to code in Ruby,Education
Taking a class on environmental ethics,Education
Joining a study group for organic chemistry,Education
Completing a course on cloud computing technologies,Education
Studying for a degree in civil engineering,Education
Attending a seminar on strategic communication,Education
Learning to bake bread with a master baker,Education
Taking a creative writing workshop for nonfiction,Education
Participating in a theater production class,Education
Completing a certification in data science,Education
Studying for a degree in linguistics,Education
Attending a seminar on cultural studies,Education
Learning to play the harmonica,Education
Taking a class on business development,Education
Joining a study group for economics,Education
Completing a course on artificial intelligence development,Education
Studying for a certification in project management,Education
Attending a series of psychology lectures,Education
Learning to draw with a local artist,Education
Taking a class on public health policies,Education
Participating in a creative arts program,Education
Completing a degree in information technology,Education
Studying for a professional certification in finance,Education
Attending a seminar on leadership strategies,Education
Learning to cook with a celebrity chef,Education
Taking a class on UX design,Education
Joining a research study group for biology,Education
Completing a course on big data analytics,Education
Studying for a degree in sociology,Education
Attending a seminar on behavioral economics,Education
Learning to play the banjo,Education
Taking a class on strategic marketing,Education
Joining a debate club for critical thinking,Education
Completing a certification in health informatics,Education
Studying for a degree in philosophy,Education
Attending a series of history workshops,Education
Learning to code in Swift,Education
Taking a class on wildlife photography,Education
Participating in a language exchange program,Education
Completing a course on blockchain technology,Education
Studying for a certification in data management,Education
Attending a seminar on international trade,Education
Learning to play the harp,Education
Taking a class on digital illustration,Education
Joining a study group for chemistry,Education
Completing a certification in database administration,Education
Studying for a degree in public administration,Education
Attending a lecture series on social psychology,Education
Learning to knit with a community group,Education
Taking a class on fashion merchandising,Education
Participating in a volunteer program for teaching,Education
Joining a research project on climate science,Education
Completing a certification in cloud computing,Education
Studying for a degree in environmental science,Education
Attending a seminar on digital transformation,Education
Learning to play the accordion,Education
Taking a class on personal finance management,Education
Joining a book club for literature discussions,Education
Completing a course on sustainable architecture,Education
Studying for a certification in ethical hacking,Education
Attending a lecture on comparative politics,Education
Learning to sew with a local tailor,Education
Taking a class on marine biology,Education
Participating in a leadership development program,Education
Joining a language immersion trip,Education
Completing a degree in civil engineering,Education
Studying for a professional certification in cybersecurity,Education
Attending a seminar on strategic management,Education
Learning to bake with a professional pastry chef,Education
Taking a creative writing course for fiction,Education
Participating in a community theater production,Education
Completing a certification in business analytics,Education
Studying for a degree in anthropology,Education
Attending a seminar on public health issues,Education
Learning to code in Java,Education
Taking a class on environmental law,Education
Joining a study group for calculus,Education
Completing a course on machine learning,Education
Studying for a degree in political science,Education
Attending a seminar on social media marketing,Education
Learning to play the bassoon,Education
Taking a class on strategic planning,Education
Joining a research study group for genetics,Education
Completing a certification in financial analysis,Education
Studying for a degree in journalism,Education
Attending a series of art workshops,Education
Learning to play the trombone,Education
Taking a class on data-driven decision making,Education
Joining a study group for physics,Education
Completing a certification in digital marketing,Education
Studying for a degree in chemistry,Education
Attending a lecture series on modern philosophy,Education
Learning to knit with a local knitting club,Education
Taking a class on film studies,Education
Participating in a volunteer teaching program,Education
Joining a research project on marine biology,Education
Completing a certification in cybersecurity,Education
Studying for a degree in mechanical engineering,Education
Attending a seminar on environmental sustainability,Education
Learning to play the oboe,Education
Taking a class on strategic leadership,Education
Joining a debate team for practice,Education
Completing a course on software development,Education
Studying for a degree in education,Education
Attending a series of seminars on public administration,Education
Learning to bake with a professional chef,Education
Taking a creative writing workshop for memoirs,Education
Participating in a theater production course,Education
Completing a certification in health informatics,Education
Studying for a degree in social work,Education
Attending a seminar on leadership skills,Education
Learning to code in HTML and CSS,Education
Taking a class on digital marketing,Education
Joining a study group for organic chemistry,Education
Completing a course on ethical leadership,Education
Studying for a degree in information technology,Education
Attending a seminar on behavioral science,Education
Learning to play the saxophone,Education
Taking a class on financial planning,Education
Joining a language exchange club,Education
Completing a degree in software engineering,Education
Studying for a professional certification in HR,Education
Attending a series of lectures on cultural studies,Education
Learning to code in SQL,Education
Taking a class on marine conservation,Education
Joining a study group for history,Education
Completing a course on cloud infrastructure,Education
Studying for a degree in civil engineering,Education
Attending a seminar on corporate finance,Education
Learning to bake bread with a master baker,Education
Taking a class on UX design,Education
Joining a research project on artificial intelligence,Education
Completing a certification in data science,Education
Studying for a degree in linguistics,Education
Attending a seminar on cultural anthropology,Education
Learning to play the flute,Education
Taking a class on strategic management,Education
Joining a volunteer tutoring program,Education
Completing a course on blockchain development,Education
Studying for a degree in sociology,Education
Attending a seminar on behavioral economics,Education
Learning to play the drums,Education
Taking a class on public relations strategies,Education
Joining a language immersion program,Education
Completing a degree in digital media,Education
Studying for a certification in project management,Education
Attending a series of lectures on cognitive science,Education
Learning to cook international cuisines,Education
Taking a class on social entrepreneurship,Education
Joining a study group for economics,Education
Completing a certification in business administration,Education
Studying for a degree in philosophy,Education
Attending a seminar on digital marketing,Education
Learning to draw with a professional artist,Education
Taking a class on wildlife conservation,Education
Participating in a volunteer teaching program,Education
Joining a research project on environmental studies,Education
Completing a course on machine learning algorithms,Education
Studying for a degree in anthropology,Education
Attending a lecture on global economics,Education
Learning to dance with a local instructor,Education
Taking a class on strategic communication,Education
Joining a study group for calculus,Education
Completing a course on cloud computing technologies,Education
Studying for a degree in psychology,Education
Attending a seminar on international law,Education
Learning to play the ukulele,Education
Taking a class on marketing strategies,Education
Joining a language immersion course,Education
Completing a degree in software engineering,Education
Studying for a professional certification in cybersecurity,Education
Attending a series of lectures on public policy,Education
Learning to code in Ruby,Education
Taking a class on environmental ethics,Education
Joining a study group for biology,Education
Completing a course on cloud computing,Education
Studying for a degree in civil engineering,Education
Attending a seminar on strategic management,Education
Learning to bake pastries with a professional chef,Education
Taking a creative writing course for poetry,Education
Participating in a community theater production,Education
Completing a certification in business analytics,Education
Studying for a degree in anthropology,Education
Attending a seminar on public health issues,Education
Learning to code in Java,Education
Taking a class on environmental law,Education
Joining a study group for chemistry,Education
Completing a course on machine learning,Education
Studying for a degree in political science,Education
Attending a seminar on social media marketing,Education
Learning to play the clarinet,Education
Taking a class on strategic planning,Education
Joining a research project on genetics,Education
Completing a certification in financial analysis,Education
Studying for a degree in journalism,Education
Attending a series of art workshops,Education
Learning to play the trombone,Education
Taking a class on data-driven decision making,Education
Joining a study group for physics,Education
Completing a certification in digital marketing,Education
Studying for a degree in chemistry,Education
Attending a lecture series on modern philosophy,Education
Learning to knit with a local knitting club,Education
Taking a class on film studies,Education
Participating in a volunteer teaching program,Education
Joining a research project on marine biology,Education
Completing a certification in cybersecurity,Education
Studying for a degree in mechanical engineering,Education
Attending a seminar on environmental sustainability,Education
Learning to play the oboe,Education
Taking a class on strategic leadership,Education
Joining a debate team for practice,Education
Completing a course on software development,Education
Studying for a degree in education,Education
Attending a series of seminars on public administration,Education
Learning to bake with a professional chef,Education
Taking a creative writing workshop for memoirs,Education
Participating in a theater production course,Education
Completing a certification in health informatics,Education
Studying for a degree in social work,Education
Attending a seminar on leadership skills,Education
Learning to code in HTML and CSS,Education
Taking a class on digital marketing,Education
Joining a study group for organic chemistry,Education
Completing a course on ethical leadership,Education
Studying for a degree in information technology,Education
Attending a seminar on behavioral science,Education
Learning to play the saxophone,Education
Taking a class on financial planning,Education
Joining a language exchange club,Education
Completing a degree in software engineering,Education
Studying for a professional certification in HR,Education
Attending a series of lectures on cultural studies,Education
Learning to code in SQL,Education
Taking a class on marine conservation,Education
Enrolling in a coding bootcamp for full-stack development,Education
Participating in an online digital marketing course,Education
Studying for the SATs with a private tutor,Education
Taking a pottery class at the local community center,Education
Joining a university degree program in environmental science,Education
Attending a literature discussion at a local book club,Education
Learning French with a language tutor,Education
Completing a project management certification,Education
Attending a creative writing workshop,Education
Signing up for a professional photography course,Education
Joining a financial literacy webinar,Education
Participating in a summer science camp for teens,Education
Taking guitar lessons at a music school,Education
Attending a mental health awareness seminar,Education
Studying for the GRE with a study group,Education
Enrolling in a masterclass on gourmet cooking,Education
Learning graphic design through online videos,Education
Joining a public speaking and communication workshop,Education
Taking a sustainability course on living eco-friendly,Education
Attending a world history lecture series,Education
Joining a community garden club to learn about horticulture,Education
Completing a first aid and CPR certification,Education
Enrolling in an online MBA program,Education
Attending a Spanish language immersion program,Education
Joining a calculus study group,Education
Participating in a leadership development seminar,Education
Taking a computer programming class,Education
Learning to play piano at a music conservatory,Education
Studying for the LSAT with a prep course,Education
Joining a film-making and directing workshop,Education
Enrolling in a creative writing MFA program,Education
Attending a knitting class at a craft store,Education
Completing a course in health and nutrition,Education
Participating in a robotics and engineering club,Education
Taking an entrepreneurship class,Education
Attending a climate change conference,Education
Studying for the bar exam with a review course,Education
Joining an art history lecture series,Education
Learning to cook at a culinary institute,Education
Attending a mindfulness meditation retreat,Education
Enrolling in a vocational training program for carpentry,Education
Completing a workshop on web development,Education
Taking a renewable energy and sustainability class,Education
Joining a chess club to improve strategy,Education
Studying for the GMAT with a study guide,Education
Participating in a volunteer teaching program abroad,Education
Attending a cybersecurity and information security seminar,Education
Learning to sew through online classes,Education
Joining a debate team to enhance critical thinking,Education
Taking a watercolor painting class,Education
Attending a hands-on biology lab workshop,Education
Enrolling in an architecture degree program,Education
Participating in a wildlife conservation course,Education
Studying for the MCAT with a prep class,Education
Joining a historical reenactment group,Education
Completing a digital photography and editing course,Education
Learning sign language at a local community college,Education
Taking a CPR and emergency response class,Education
Attending an economics lecture series,Education
Enrolling in a contemporary dance class,Education
Participating in a software engineering bootcamp,Education
Joining a poetry writing and critique workshop,Education
Studying for a nursing certification exam,Education
Attending a geology field study trip,Education
Completing a personal finance management course,Education
Learning to code with a mentor,Education
Taking a ceramics class at an art studio,Education
Attending a political science and public policy conference,Education
Enrolling in a public health and wellness program,Education
Joining a sustainability and green living study group,Education
Participating in a journalism and media workshop,Education
Studying for a teaching credential,Education
Attending a seminar on artificial intelligence and machine learning,Education
Taking a conflict resolution and mediation class,Education
Joining a math club for problem-solving competitions,Education
Learning to dance salsa at a local dance studio,Education
Attending a physics lab session for practical experiments,Education
Enrolling in a creative arts and design program,Education
Completing a leadership and management development course,Education
Participating in an astronomy club for stargazing,Education
Taking a computer graphics and animation class,Education
Attending a chemistry lecture series,Education
Joining a language exchange group for practice,Education
Studying for a real estate license exam,Education
Learning pottery through hands-on workshops,Education
Participating in a social media marketing strategy course,Education
Taking a creative nonfiction writing class,Education
Attending a philosophy and ethics seminar,Education
Enrolling in a technical certification program,Education
Completing a course on ancient civilizations and history,Education
Joining a robotics team for competitions,Education
Studying for an actuarial science exam,Education
Attending a genetics lab and research workshop,Education
Learning to knit through community classes,Education
Taking a floral arrangement and design course,Education
Participating in a first aid training program,Education
Completing a human anatomy and physiology course,Education
Joining a film analysis and critique club,Education
Studying for a psychology degree,Education
Attending a series of art and culture lectures,Education
Learning carpentry through vocational training,Education
Taking a course on international relations and diplomacy,Education
Participating in a theatre production and acting workshop,Education
Completing a digital marketing and strategy certification,Education
Joining a hiking club for environmental education,Education
Studying for a PhD in literature,Education
Attending a business strategy and management seminar,Education
Learning photography at a local community college,Education
Taking a class on urban planning and development,Education
Participating in a public policy and administration workshop,Education
Joining a gardening course for practical horticulture skills,Education
Completing a course on ethical hacking and cybersecurity,Education
Studying for a certification in nutrition and dietetics,Education
Attending a sociology lecture series,Education
Learning to cook through online culinary classes,Education
Taking a course on film production and directing,Education
Joining a creative writing group for fiction,Education
Participating in a health sciences and medical program,Education
Completing a web development and coding bootcamp,Education
Studying for a pilot's license,Education
Attending a creative thinking and innovation workshop,Education
Learning to play the violin at a music school,Education
Taking a class on financial management and planning,Education
Participating in a psychology research seminar,Education
Joining a history club for discussions and debates,Education
Completing a course on marine biology and oceanography,Education
Studying for a music theory and composition exam,Education
Attending an engineering and technology seminar,Education
Learning to draw through online tutorials and videos,Education
Taking a creative writing masterclass for storytelling,Education
Participating in a film directing and production workshop,Education
Completing a certification in data analysis and visualization,Education
Studying for an architecture licensing exam,Education
Attending a lecture on global economics and finance,Education
Joining a coding club for collaborative projects,Education
Taking a pottery workshop at an art studio,Education
Learning to speak Italian with a language partner,Education
Participating in a documentary film course,Education
Completing a cybersecurity and information assurance training program,Education
Studying for a veterinary technician certification,Education
Attending a seminar on quantum mechanics and physics,Education
Taking a class on fashion design and merchandising,Education
Joining a yoga teacher training program,Education
Participating in a creative arts and crafts workshop,Education
Completing a nutrition and dietetics degree,Education
Studying for an environmental science exam,Education
Attending a seminar on digital transformation and innovation,Education
Learning to sculpt with clay at an art studio,Education
Taking a course on strategic marketing and branding,Education
Participating in a study abroad program in Europe,Education
Joining a literary analysis group for book discussions,Education
Completing a course on renewable energy technology,Education
Studying for a social work degree,Education
Attending a lecture on political theory and governance,Education
Learning to code with Python programming language,Education
Taking a class on landscape photography techniques,Education
Participating in a leadership skills and development workshop,Education
Completing a degree in computer science and engineering,Education
Studying for a law degree with a focus on corporate law,Education
Attending a seminar on machine learning and AI,Education
Learning graphic design basics with Adobe Creative Suite,Education
Taking a creative dance class at a local studio,Education
Joining a research study group for academic projects,Education
Completing a course on biotechnology and genetic engineering,Education
Studying for a medical degree with a specialization in surgery,Education
Attending a lecture series on ancient history and archaeology,Education
Learning to bake with a professional pastry chef,Education
Taking a class on digital illustration and design,Education
Participating in a critical thinking and logic seminar,Education
Completing a degree in mechanical engineering,Education
Studying for an accounting certification,Education
Attending a seminar on environmental policy and sustainability,Education
Learning to paint with watercolors through online classes,Education
Taking a class on public relations and media strategy,Education
Joining a debate club for practice and competition,Education
Completing a certification in health informatics,Education
Studying for a degree in anthropology and cultural studies,Education
Attending a series of psychology workshops,Education
Learning to code websites with HTML and CSS,Education
Taking a pottery class for beginners at a local studio,Education
Participating in a study group for advanced physics,Education
Completing a degree in education and teaching,Education
Studying for a certification in cybersecurity,Education
Attending a lecture series on modern art and design,Education
Learning to play the saxophone at a music academy,Education
Diving into a new coding bootcamp,Education
Exploring an online digital marketing course,Education
Cracking the SATs with a private tutor,Education
Crafting skills in a community pottery class,Education
Starting a degree in environmental science,Education
Engaging in book club discussions on literature,Education
Mastering French with a language tutor,Education
Achieving a project management certification,Education
Honing creative writing in a workshop,Education
Developing photography skills in a professional course,Education
Gaining financial insights from a literacy webinar,Education
Exploring science in a summer camp for teens,Education
Strumming the guitar at music lessons,Education
Understanding mental health at a seminar,Education
Excelling in the GRE with study group support,Education
Cooking gourmet dishes in a masterclass,Education
Creating designs with online graphic design tutorials,Education
Sharpening public speaking skills in a workshop,Education
Adopting eco-friendly habits in a sustainability course,Education
Discovering world history in a lecture series,Education
Growing plants in a community garden club,Education
Learning lifesaving skills in a first aid course,Education
Advancing business skills in an online MBA,Education
Immersing in Spanish at a language program,Education
Solving complex problems in a calculus study group,Education
Developing leadership in a seminar,Education
Programming in a computer science class,Education
Playing piano at a conservatory,Education
Preparing for the LSAT with a prep course,Education
Directing films in a workshop,Education
Writing creatively in an MFA program,Education
Knitting crafts at a local store,Education
Improving health with a nutrition course,Education
Building robots in an engineering club,Education
Starting a business with an entrepreneurship class,Education
Combating climate change at a conference,Education
Passing the bar exam with review classes,Education
Understanding art history in a lecture series,Education
Cooking gourmet meals at a culinary institute,Education
Meditating at a mindfulness retreat,Education
Building skills in vocational carpentry training,Education
Creating websites in a web development workshop,Education
Learning about renewable energy in a class,Education
Strategizing in a chess club,Education
Acing the GMAT with a study guide,Education
Teaching abroad in a volunteer program,Education
Securing information in a cybersecurity seminar,Education
Sewing garments through online classes,Education
Debating in a critical thinking club,Education
Painting with watercolors in a class,Education
Experimenting in a biology lab workshop,Education
Designing buildings in an architecture program,Education
Protecting wildlife in a conservation course,Education
Preparing for the MCAT with a prep class,Education
Reenacting history in a local group,Education
Editing photos in a digital photography course,Education
Signing with a community college class,Education
Responding to emergencies in a CPR class,Education
Learning economics in a lecture series,Education
Dancing in a contemporary class,Education
Engineering software in a bootcamp,Education
Writing poetry in a critique workshop,Education
Caring for patients with a nursing certification,Education
Studying geology in a field trip,Education
Managing finances in a personal finance course,Education
Coding with a mentor,Education
Creating ceramics in an art studio class,Education
Debating policies at a political science conference,Education
Promoting wellness in a public health program,Education
Living green in a sustainability study group,Education
Reporting news in a journalism workshop,Education
Earning a teaching credential,Education
Programming AI in a seminar,Education
Resolving conflicts in a mediation class,Education
Solving math problems in a club,Education
Salsa dancing at a local studio,Education
Experimenting in a physics lab,Education
Designing art in a creative program,Education
Leading teams in a management course,Education
Stargazing in an astronomy club,Education
Animating graphics in a computer class,Education
Learning chemistry in a lecture series,Education
Practicing languages in an exchange group,Education
Selling homes with a real estate license,Education
Shaping clay in a pottery workshop,Education
Marketing on social media in a course,Education
Writing nonfiction in a creative class,Education
Philosophizing in a seminar,Education
Technically certifying in a program,Education
Exploring ancient civilizations in a course,Education
Competing in a robotics team,Education
Calculating risks for an actuarial exam,Education
Researching genetics in a lab workshop,Education
Knitting with a community class,Education
Arranging flowers in a design course,Education
Training in first aid,Education
Studying human anatomy,Education
Critiquing films in an analysis club,Education
Earning a psychology degree,Education
Appreciating art in a lecture series,Education
Carving wood in vocational training,Education
Diplomacy in international relations,Education
Acting in a theatre workshop,Education
Marketing digitally in a certification program,Education
Hiking with an environmental club,Education
Researching literature for a PhD,Education
Strategizing in a business seminar,Education
Capturing moments in a photography class,Education
Planning cities in an urban development course,Education
Administering policies in a public workshop,Education
Gardening in a practical course,Education
Hacking ethically in a cybersecurity class,Education
Nourishing bodies in a nutrition certification,Education
Understanding societies in sociology lectures,Education
Cooking online with culinary classes,Education
Directing films in a production course,Education
Fiction writing in a creative group,Education
Healing in a health sciences program,Education
Coding websites in a bootcamp,Education
Flying with a pilot's license,Education
Innovating in a creative thinking workshop,Education
Playing violin at a music school,Education
Planning finances in a management class,Education
Researching psychology in a seminar,Education
Discussing history in a club,Education
Exploring oceans in a marine biology course,Education
Composing music theory,Education
Engineering technology in a seminar,Education
Drawing online with tutorials,Education
Storytelling in a writing masterclass,Education
Directing films in a workshop,Education
Visualizing data in a certification course,Education
Designing buildings for an architecture exam,Education
Analyzing global economics in a lecture,Education
Collaborating in a coding club,Education
Shaping pottery in an art studio,Education
Speaking Italian with a partner,Education
Filming documentaries in a course,Education
Securing cyberspace in a training program,Education
Caring for animals with a vet tech certification,Education
Exploring quantum mechanics in a seminar,Education
Designing fashion in a class,Education
Teaching yoga in a training program,Education
Crafting in a creative arts workshop,Education
Nourishing diets with a degree,Education
Protecting the environment in a science exam,Education
Transforming digitally in a seminar,Education
Sculpting clay in an art studio,Education
Branding strategically in a marketing course,Education
Studying abroad in Europe,Education
Analyzing literature in a group,Education
Innovating with renewable energy technology,Education
Helping others with a social work degree,Education
Governing with political theory,Education
Coding in Python,Education
Photographing landscapes in a class,Education
Developing leadership in a skills workshop,Education
Engineering computer systems in a degree,Education
Practicing law in a corporate program,Education
Programming AI in a machine learning seminar,Education
Designing graphics with Adobe,Education
Dancing creatively in a local class,Education
Researching with a study group,Education
Engineering biotechnology in a course,Education
Performing surgeries in a medical degree,Education
Excavating history in archaeology lectures,Education
Baking professionally in a pastry course,Education
Illustrating digitally in a class,Education
Thinking critically in a logic seminar,Education
Building machines in a mechanical engineering degree,Education
Balancing books in an accounting certification,Education
Sustaining the environment in policy seminars,Education
Painting with watercolors online,Education
Strategizing public relations,Education
Debating in a competitive club,Education
Informing health in an informatics certification,Education
Exploring cultures in anthropology,Education
Psychology workshops,Education
Coding websites with HTML and CSS,Education
Creating pottery at a local studio,Education
Studying advanced physics,Education
Teaching with an education degree,Education
Securing networks in cybersecurity,Education
Appreciating modern art,Education
Playing the saxophone,Education
Analyzing business data,Education
Learning photography at community college,Education
Understanding urban planning,Education
Debating public policy,Education
Gardening sustainably,Education
Hacking ethically,Education
Nourishing with nutrition studies,Education
Sociology lectures,Education
Cooking online,Education
Directing films,Education
Writing fiction,Education
Healing with health sciences,Education
Coding websites,Education
Flying planes,Education
Innovating creatively,Education
Playing the violin,Education
Managing finances,Education
Researching psychology,Education
Discussing history,Education
Exploring marine biology,Education
Composing music,Education
Engineering tech,Education
Drawing online,Education
Storytelling in a masterclass,Education
Directing films,Education
Visualizing data,Education
Designing architecture,Education
Analyzing economics,Education
Collaborating in coding,Education
Shaping pottery,Education
Speaking Italian,Education
Filming documentaries,Education
Securing cyberspace,Education
Caring for animals,Education
Exploring quantum mechanics,Education
Designing fashion,Education
Teaching yoga,Education
Crafting creatively,Education
Nourishing diets,Education
Monthly allowance for school supplies,Allowance
Weekly pocket money for chores,Allowance
Quarterly allowance for extracurricular activities,Allowance
Allowance for weekend outings with friends,Allowance
Budget for monthly entertainment expenses,Allowance
Allowance for daily lunch at school,Allowance
Weekly budget for personal savings,Allowance
Monthly allowance for books and study materials,Allowance
Allowance for birthday gifts for friends,Allowance
Weekly pocket money for helping around the house,Allowance
Allowance for monthly phone bill,Allowance
Budget for school project materials,Allowance
Monthly allowance for clothing and accessories,Allowance
Allowance for participating in sports clubs,Allowance
Weekly allowance for healthy snacks,Allowance
Monthly budget for transportation costs,Allowance
Allowance for holiday shopping,Allowance
Weekly allowance for pet care responsibilities,Allowance
Allowance for weekend movie nights,Allowance
Monthly budget for music or dance lessons,Allowance
Allowance for family outing expenses,Allowance
Weekly pocket money for maintaining the garden,Allowance
Monthly allowance for art supplies,Allowance
Budget for personal hygiene products,Allowance
Allowance for tech gadget upgrades,Allowance
Weekly allowance for volunteering activities,Allowance
Monthly budget for gaming subscriptions,Allowance
Allowance for school field trips,Allowance
Weekly pocket money for community service,Allowance
Monthly allowance for online courses or workshops,Allowance
Allowance for birthday party expenses,Allowance
Weekly allowance for helping with younger siblings,Allowance
Monthly budget for fitness or gym memberships,Allowance
Allowance for attending cultural events,Allowance
Weekly pocket money for DIY projects,Allowance
Allowance for weekend travel with friends,Allowance
Monthly budget for craft supplies,Allowance
Allowance for dining out with family,Allowance
Weekly allowance for taking care of household pets,Allowance
Monthly budget for hobby materials,Allowance
Allowance for seasonal clothing purchases,Allowance
Weekly pocket money for extracurricular classes,Allowance
Allowance for attending concerts or shows,Allowance
Monthly budget for subscription boxes,Allowance
Allowance for family vacation savings,Allowance
Weekly allowance for assisting with household chores,Allowance
Monthly budget for personal growth activities,Allowance
Allowance for festive holiday expenses,Allowance
Weekly pocket money for school events,Allowance
Allowance for weekend brunches with friends,Allowance
Monthly budget for outdoor adventure activities,Allowance
Allowance for special occasion outfits,Allowance
Weekly allowance for saving towards a big purchase,Allowance
Monthly budget for digital content subscriptions,Allowance
Allowance for museum and zoo visits,Allowance
Weekly pocket money for organizing family events,Allowance
Allowance for fitness class fees,Allowance
Monthly budget for educational apps,Allowance
Allowance for DIY home improvement projects,Allowance
Weekly allowance for attending workshops,Allowance
Monthly budget for themed park visits,Allowance
Allowance for donating to charity,Allowance
Weekly pocket money for participating in community activities,Allowance
Allowance for upgrading personal tech,Allowance
Monthly budget for sports equipment,Allowance
Allowance for spa or self-care treatments,Allowance
Weekly allowance for organizing charity events,Allowance
Monthly budget for buying music albums,Allowance
Allowance for social club memberships,Allowance
Weekly pocket money for helping with meal prep,Allowance
Allowance for attending seminars and conferences,Allowance
Monthly budget for stationery supplies,Allowance
Allowance for participating in book clubs,Allowance
Weekly allowance for gardening supplies,Allowance
Monthly budget for theater or cinema visits,Allowance
Allowance for purchasing educational toys,Allowance
Weekly pocket money for pet grooming supplies,Allowance
Allowance for joining hobbyist clubs,Allowance
Monthly budget for new books,Allowance
Allowance for tech-related courses,Allowance
Weekly allowance for helping with laundry,Allowance
Monthly budget for fashion accessories,Allowance
Allowance for family game nights,Allowance
Weekly pocket money for personal care items,Allowance
Allowance for outdoor camping trips,Allowance
Monthly budget for streaming services,Allowance
Allowance for upgrading sports gear,Allowance
Weekly allowance for contributing to household bills,Allowance
Monthly budget for attending festivals,Allowance
Allowance for car maintenance (if applicable),Allowance
Weekly pocket money for supporting school fundraisers,Allowance
Allowance for monthly magazine subscriptions,Allowance
Monthly budget for saving towards a pet,Allowance
Allowance for organizing study groups,Allowance
Weekly allowance for home cleaning supplies,Allowance
Monthly budget for purchasing software tools,Allowance
Allowance for exploring local attractions,Allowance
Weekly pocket money for planning family activities,Allowance
Allowance for attending hobby workshops,Allowance
Monthly budget for fitness and wellness programs,Allowance
Allowance for buying seasonal decor,Allowance
Weekly allowance for helping with grocery shopping,Allowance
Monthly budget for digital learning tools,Allowance
Allowance for participating in online gaming tournaments,Allowance
Weekly pocket money for contributing to family savings,Allowance
Allowance for personal project funding,Allowance
Monthly budget for weekend getaways,Allowance
Allowance for attending art exhibitions,Allowance
Weekly allowance for supporting eco-friendly initiatives,Allowance
Monthly budget for upgrading wardrobe,Allowance
Allowance for hosting social gatherings,Allowance
Weekly pocket money for maintaining a personal journal,Allowance
Allowance for attending networking events,Allowance
Monthly budget for buying movie tickets,Allowance
Allowance for enhancing home entertainment systems,Allowance
Weekly allowance for pet sitting,Allowance
Monthly budget for creative writing supplies,Allowance
Allowance for participating in team sports,Allowance
Weekly pocket money for running small errands,Allowance
Allowance for attending educational camps,Allowance
Monthly budget for purchasing health supplements,Allowance
Allowance for exploring culinary experiences,Allowance
Weekly allowance for buying music equipment,Allowance
Monthly budget for seasonal activities,Allowance
Allowance for contributing to a family savings goal,Allowance
Weekly pocket money for practicing musical instruments,Allowance
Allowance for attending live performances,Allowance
Monthly budget for family dining experiences,Allowance
Allowance for supporting a personal hobby,Allowance
Weekly allowance for taking part in competitions,Allowance
Monthly budget for enhancing personal skills,Allowance
Allowance for engaging in wellness activities,Allowance
Weekly pocket money for supporting environmental causes,Allowance
Allowance for purchasing fitness gear,Allowance
Monthly budget for attending online webinars,Allowance
Allowance for personal development courses,Allowance
Weekly allowance for buying art and craft materials,Allowance
Monthly budget for visiting science centers,Allowance
Allowance for supporting school clubs,Allowance
Weekly pocket money for contributing to charitable causes,Allowance
Allowance for tech gadget accessories,Allowance
Monthly budget for upgrading personal library,Allowance
Allowance for attending motivational seminars,Allowance
Weekly allowance for maintaining a home garden,Allowance
Monthly budget for cultural experiences,Allowance
Allowance for joining a coding club,Allowance
Weekly pocket money for participating in family budgeting,Allowance
Allowance for attending fitness boot camps,Allowance
Monthly budget for purchasing study aids,Allowance
Allowance for hosting themed parties,Allowance
Weekly allowance for volunteering at local shelters,Allowance
Monthly budget for exploring new cuisines,Allowance
Allowance for supporting peer study groups,Allowance
Weekly pocket money for enhancing home decor,Allowance
Allowance for buying educational games,Allowance
Monthly budget for weekend excursions,Allowance
Allowance for attending craft fairs,Allowance
Weekly allowance for contributing to household repairs,Allowance
Monthly budget for buying seasonal produce,Allowance
Allowance for upgrading personal workspace,Allowance
Weekly pocket money for engaging in local tours,Allowance
Allowance for taking online fitness challenges,Allowance
Monthly budget for attending cultural festivals,Allowance
Allowance for supporting community events,Allowance
Weekly allowance for buying digital gadgets,Allowance
Monthly budget for enhancing personal wardrobe,Allowance
Allowance for attending tech expos,Allowance
Weekly pocket money for contributing to travel fund,Allowance
Allowance for supporting school projects,Allowance
Monthly budget for joining educational forums,Allowance
Allowance for exploring outdoor adventures,Allowance
Weekly allowance for participating in school activities,Allowance
Monthly budget for attending culinary classes,Allowance
Allowance for purchasing seasonal gifts,Allowance
Weekly pocket money for volunteering in community gardens,Allowance
Allowance for attending skill-building workshops,Allowance
Monthly budget for buying fitness trackers,Allowance
Allowance for participating in local art classes,Allowance
Weekly allowance for contributing to pet care expenses,Allowance
Monthly budget for visiting historical sites,Allowance
Allowance for supporting family traditions,Allowance
Weekly pocket money for engaging in eco-friendly practices,Allowance
Allowance for upgrading home office setup,Allowance
Monthly budget for attending tech meetups,Allowance
Allowance for supporting educational fundraisers,Allowance
Weekly allowance for contributing to household utilities,Allowance
Monthly budget for buying learning subscriptions,Allowance
Allowance for attending motivational talks,Allowance
Weekly pocket money for maintaining personal fitness,Allowance
Allowance for exploring scientific hobbies,Allowance
Monthly budget for purchasing digital content,Allowance
Allowance for joining a science club,Allowance
Weekly allowance for contributing to family outings,Allowance
Monthly budget for attending personal growth seminars,Allowance
Allowance for hosting educational webinars,Allowance
Weekly pocket money for supporting local businesses,Allowance
Allowance for buying outdoor gear,Allowance
Monthly budget for joining health workshops,Allowance
Allowance for exploring educational apps,Allowance
Weekly allowance for contributing to study materials,Allowance
Monthly budget for upgrading personal gadgets,Allowance
Allowance for attending community events,Allowance
Weekly pocket money for enhancing digital learning,Allowance
Allowance for participating in family planning activities,Allowance
Monthly budget for supporting creative projects,Allowance
Allowance for exploring new technologies,Allowance
Weekly allowance for contributing to pet adoption fees,Allowance
Monthly budget for joining local sports leagues,Allowance
Allowance for supporting educational initiatives,Allowance
Weekly pocket money for participating in local cleanups,Allowance
Allowance for purchasing craft kits,Allowance
Monthly budget for attending wellness retreats,Allowance
Allowance for exploring new hobbies,Allowance
Weekly allowance for maintaining a personal blog,Allowance
Monthly budget for visiting cultural landmarks,Allowance
Allowance for supporting peer learning sessions,Allowance
Weekly pocket money for contributing to family entertainment,Allowance
Allowance for buying personal fitness equipment,Allowance
Monthly budget for joining online communities,Allowance
Allowance for attending creative workshops,Allowance
Weekly allowance for engaging in personal development,Allowance
Monthly budget for supporting local libraries,Allowance
Allowance for exploring educational excursions,Allowance
Weekly pocket money for contributing to home improvements,Allowance
Allowance for purchasing outdoor furniture,Allowance
Monthly budget for attending tech webinars,Allowance
Allowance for supporting school field trips,Allowance
Weekly allowance for engaging in local cultural events,Allowance
Monthly budget for exploring culinary adventures,Allowance
Allowance for buying seasonal tickets,Allowance
Weekly pocket money for contributing to home maintenance,Allowance
Allowance for participating in environmental projects,Allowance
Monthly budget for upgrading sports equipment,Allowance
Allowance for attending professional networking events,Allowance
Weekly allowance for supporting artistic endeavors,Allowance
Monthly budget for exploring tech gadgets,Allowance
Allowance for engaging in mindfulness practices,Allowance
Weekly pocket money for contributing to family wellness,Allowance
Allowance for exploring new learning platforms,Allowance
Monthly budget for joining local clubs,Allowance
Allowance for supporting family recreational activities,Allowance
Weekly allowance for participating in creative arts,Allowance
Monthly budget for attending inspirational talks,Allowance
Allowance for exploring new cultures,Allowance
Weekly pocket money for contributing to household improvements,Allowance
Allowance for purchasing travel accessories,Allowance
Monthly budget for joining educational camps,Allowance
Allowance for supporting community initiatives,Allowance
Weekly allowance for engaging in peer tutoring,Allowance
Monthly budget for buying tech accessories,Allowance
Allowance for attending live theater,Allowance
Weekly pocket money for maintaining personal hobbies,Allowance
Allowance for exploring online courses,Allowance
Monthly budget for supporting educational trips,Allowance
Allowance for participating in local festivals,Allowance
Weekly allowance for contributing to school events,Allowance
Monthly budget for purchasing wellness products,Allowance
Allowance for exploring family bonding activities,Allowance
Weekly pocket money for maintaining home organization,Allowance
Allowance for buying seasonal decor,Allowance
Monthly budget for joining fitness classes,Allowance
Allowance for supporting peer mentorship programs,Allowance
Weekly allowance for engaging in local sports,Allowance
Monthly budget for attending educational fairs,Allowance
Allowance for exploring digital learning tools,Allowance
Weekly pocket money for contributing to family projects,Allowance
Allowance for purchasing study gadgets,Allowance
Monthly budget for joining art workshops,Allowance
Allowance for supporting community clean-up events,Allowance
Weekly allowance for engaging in family budgeting,Allowance
Monthly budget for attending cultural experiences,Allowance
Allowance for exploring hobbyist activities,Allowance
Weekly pocket money for contributing to home upkeep,Allowance
Allowance for buying educational tools,Allowance
Monthly budget for supporting school programs,Allowance
Allowance for participating in family challenges,Allowance
Weekly allowance for engaging in creative pursuits,Allowance
Monthly budget for attending social events,Allowance
Allowance for exploring personal growth opportunities,Allowance
Weekly pocket money for contributing to family traditions,Allowance
Allowance for purchasing tech upgrades,Allowance
Monthly budget for joining educational societies,Allowance
Allowance for supporting peer collaborations,Allowance
Weekly allowance for engaging in community services,Allowance
Monthly budget for attending local exhibitions,Allowance
Allowance for exploring wellness activities,Allowance
Weekly pocket money for contributing to personal savings,Allowance
Allowance for buying seasonal attire,Allowance
Monthly budget for joining cultural clubs,Allowance
Allowance for supporting educational webinars,Allowance
Weekly allowance for engaging in fitness routines,Allowance
Monthly budget for attending motivational conferences,Allowance
Allowance for exploring digital innovations,Allowance
Weekly pocket money for contributing to home care,Allowance
Allowance for purchasing learning tools,Allowance
Monthly budget for supporting family initiatives,Allowance
Allowance for participating in peer study sessions,Allowance
Weekly allowance for engaging in local workshops,Allowance
Monthly budget for attending tech conferences,Allowance
Allowance for exploring cultural activities,Allowance
Weekly pocket money for contributing to family wellness programs,Allowance
Allowance for buying educational subscriptions,Allowance
Monthly budget for joining creative groups,Allowance
Allowance for supporting community projects,Allowance
Weekly allowance for engaging in home improvement projects,Allowance
Monthly budget for attending fitness boot camps,Allowance
Allowance for exploring online learning opportunities,Allowance
Weekly pocket money for contributing to family fun activities,Allowance
Allowance for purchasing hobby materials,Allowance
Monthly budget for joining local events,Allowance
Allowance for supporting educational fundraisers,Allowance
Weekly allowance for engaging in personal hobbies,Allowance
Monthly budget for attending family-oriented events,Allowance
Allowance for exploring new experiences,Allowance
Weekly pocket money for contributing to household expenses,Allowance
Allowance for buying seasonal gifts,Allowance
Monthly budget for joining peer support groups,Allowance
Allowance for supporting family learning activities,Allowance
Weekly allowance for engaging in community initiatives,Allowance
Monthly budget for attending social gatherings,Allowance
Allowance for exploring educational experiences,Allowance
Weekly pocket money for contributing to family savings goals,Allowance
Allowance for purchasing tech devices,Allowance
Monthly budget for joining cultural events,Allowance
Allowance for supporting school activities,Allowance
Weekly allowance for engaging in personal growth,Allowance
Monthly budget for attending wellness workshops,Allowance
Allowance for exploring new hobbies and interests,Allowance
Weekly pocket money for contributing to home organization,Allowance
Allowance for buying learning materials,Allowance
Monthly budget for joining local sports events,Allowance
Allowance for supporting peer education programs,Allowance
Weekly allowance for engaging in creative projects,Allowance
Monthly budget for attending educational sessions,Allowance
Allowance for exploring tech advancements,Allowance
Weekly pocket money for contributing to family outings,Allowance
Allowance for purchasing seasonal supplies,Allowance
Monthly budget for joining local clubs and societies,Allowance
Allowance for supporting community engagements,Allowance
Weekly allowance for engaging in household responsibilities,Allowance
Monthly budget for attending family-friendly events,Allowance
Allowance for exploring educational tools,Allowance
Weekly pocket money for contributing to personal projects,Allowance
Allowance for buying hobby-related items,Allowance
Monthly budget for joining wellness programs,Allowance
Allowance for supporting school-based activities,Allowance
Weekly allowance for engaging in outdoor adventures,Allowance
Monthly budget for attending peer collaboration events,Allowance
Allowance for exploring new tech trends,Allowance
Weekly pocket money for contributing to family goals,Allowance
Allowance for purchasing educational kits,Allowance
Monthly budget for joining local community initiatives,Allowance
Allowance for supporting family-oriented activities,Allowance
Weekly allowance for engaging in social events,Allowance
Monthly budget for attending learning workshops,Allowance
Allowance for exploring personal development,Allowance
Weekly pocket money for contributing to household chores,Allowance
Allowance for buying tech gadgets,Allowance
Monthly budget for joining creative arts clubs,Allowance
Allowance for supporting educational projects,Allowance
Weekly allowance for engaging in community services,Allowance
Monthly budget for attending motivational talks,Allowance
Allowance for exploring digital learning tools,Allowance
Weekly pocket money for contributing to personal growth activities,Allowance
Allowance for purchasing seasonal decor,Allowance
Monthly budget for joining family fitness programs,Allowance
Allowance for supporting peer mentorship,Allowance
Weekly allowance for engaging in educational pursuits,Allowance
Monthly budget for attending local workshops,Allowance
Allowance for exploring tech innovations,Allowance
Weekly pocket money for contributing to family wellness,Allowance
Allowance for buying learning aids,Allowance
Monthly budget for joining community events,Allowance
Allowance for supporting school initiatives,Allowance
Weekly allowance for engaging in personal hobbies,Allowance
Monthly budget for attending educational conferences,Allowance
Allowance for exploring cultural experiences,Allowance
Weekly pocket money for contributing to home projects,Allowance
Allowance for purchasing seasonal outfits,Allowance
Monthly budget for joining family activities,Allowance
Allowance for supporting peer collaborations,Allowance
Weekly allowance for engaging in fitness activities,Allowance
Monthly budget for attending social events,Allowance
Allowance for exploring new educational platforms,Allowance
Weekly pocket money for contributing to family plans,Allowance
Allowance for buying tech accessories,Allowance
Monthly budget for joining creative workshops,Allowance
Allowance for supporting community-driven projects,Allowance
Weekly allowance for engaging in household improvements,Allowance
Monthly budget for attending wellness sessions,Allowance
Allowance for exploring hobbyist pursuits,Allowance
Weekly pocket money for contributing to family savings,Allowance
Allowance for purchasing educational tools,Allowance
Monthly budget for joining local interest groups,Allowance
Allowance for supporting school programs,Allowance
Weekly allowance for engaging in peer support activities,Allowance
Monthly budget for attending cultural festivals,Allowance
Allowance for exploring new hobbies and skills,Allowance
Weekly pocket money for contributing to family entertainment,Allowance
Allowance for buying seasonal items,Allowance
Monthly budget for joining family-oriented clubs,Allowance
Allowance for supporting educational communities,Allowance
Weekly allowance for engaging in outdoor activities,Allowance
Monthly budget for attending tech innovation events,Allowance
Allowance for exploring personal development courses,Allowance
Weekly pocket money for contributing to household projects,Allowance
Allowance for purchasing hobby equipment,Allowance
Monthly budget for joining wellness initiatives,Allowance
Allowance for supporting school field trips,Allowance
Weekly allowance for engaging in social gatherings,Allowance
Monthly budget for attending learning sessions,Allowance
Allowance for exploring digital advancements,Allowance
Weekly pocket money for contributing to family events,Allowance
Allowance for buying tech devices,Allowance
Monthly budget for joining creative societies,Allowance
Allowance for supporting community education programs,Allowance
Weekly allowance for engaging in household chores,Allowance
Monthly budget for attending family workshops,Allowance
Allowance for exploring new learning opportunities,Allowance
Weekly pocket money for contributing to personal hobbies,Allowance
Allowance for purchasing seasonal supplies,Allowance
Monthly budget for joining family clubs,Allowance
Allowance for supporting educational fundraisers,Allowance
Weekly allowance for engaging in outdoor adventures,Allowance
Monthly budget for attending peer collaborations,Allowance
Allowance for exploring tech trends,Allowance
Weekly pocket money for contributing to family goals,Allowance
Allowance for buying learning kits,Allowance
Monthly budget for joining local community events,Allowance
Allowance for supporting family-oriented activities,Allowance
Weekly allowance for engaging in social events,Allowance
Monthly budget for attending educational workshops,Allowance
Allowance for exploring personal growth,Allowance
Weekly pocket money for contributing to household chores,Allowance
Allowance for purchasing seasonal items,Allowance
Monthly budget for joining family-oriented programs,Allowance
Allowance for supporting school-based projects,Allowance
Weekly allowance for engaging in community services,Allowance
Monthly budget for attending motivational seminars,Allowance
Allowance for exploring digital learning tools,Allowance
Weekly pocket money for contributing to family wellness activities,Allowance
Allowance for buying tech gadgets,Allowance
Monthly budget for joining creative clubs,Allowance
Allowance for supporting educational initiatives,Allowance
Weekly allowance for engaging in fitness routines,Allowance
Monthly budget for attending local events,Allowance
Allowance for exploring new hobbies,Allowance
Weekly pocket money for contributing to household expenses,Allowance
Allowance for purchasing hobby materials,Allowance
Monthly budget for joining wellness programs,Allowance
Allowance for supporting school programs,Allowance
Weekly allowance for engaging in outdoor activities,Allowance
Monthly budget for attending learning sessions,Allowance
Allowance for exploring digital advancements,Allowance
Weekly pocket money for contributing to family projects,Allowance
Allowance for buying tech accessories,Allowance
Monthly budget for joining creative workshops,Allowance
Allowance for supporting community education,Allowance
Weekly allowance for engaging in personal hobbies,Allowance
Monthly budget for attending family events,Allowance
Allowance for exploring new learning opportunities,Allowance
Weekly pocket money for contributing to family entertainment,Allowance
Allowance for purchasing seasonal supplies,Allowance
Monthly budget for joining local interest groups,Allowance
Allowance for supporting educational communities,Allowance
Weekly allowance for engaging in social activities,Allowance
Monthly budget for attending tech innovation sessions,Allowance
Allowance for exploring personal growth activities,Allowance
Weekly pocket money for contributing to household projects,Allowance
Allowance for buying hobby equipment,Allowance
Monthly budget for joining wellness initiatives,Allowance
Allowance for supporting school field trips,Allowance
Weekly allowance for engaging in family gatherings,Allowance
Monthly budget for attending educational sessions,Allowance
Allowance for exploring digital learning tools,Allowance
Weekly pocket money for contributing to family events,Allowance
Allowance for purchasing seasonal items,Allowance
Monthly budget for joining family-oriented clubs,Allowance
Allowance for supporting school initiatives,Allowance
Weekly allowance for engaging in personal development,Allowance
Monthly budget for attending community events,Allowance
Allowance for exploring new hobbies and interests,Allowance
Weekly pocket money for contributing to family savings,Allowance
Allowance for buying learning materials,Allowance
Monthly budget for joining creative societies,Allowance
Allowance for supporting educational programs,Allowance
Weekly allowance for engaging in household chores,Allowance
Monthly budget for attending local events,Allowance
Allowance for exploring new learning platforms,Allowance
Weekly pocket money for contributing to household improvements,Allowance
Allowance for purchasing hobby-related items,Allowance
Monthly budget for joining wellness programs,Allowance
Allowance for supporting school activities,Allowance
Weekly allowance for engaging in social events,Allowance
Monthly budget for attending learning workshops,Allowance
Allowance for exploring personal growth opportunities,Allowance
Weekly pocket money for contributing to family savings goals,Allowance
Allowance for buying seasonal gifts,Allowance
Monthly budget for joining educational camps,Allowance
Allowance for supporting family learning activities,Allowance
Weekly allowance for engaging in community initiatives,Allowance
Monthly budget for attending social gatherings,Allowance
Allowance for exploring educational experiences,Allowance
Weekly pocket money for contributing to personal savings,Allowance
Allowance for purchasing learning tools,Allowance
Monthly budget for joining local sports leagues,Allowance
Allowance for supporting peer collaborations,Allowance
Weekly allowance for engaging in personal hobbies,Allowance
Monthly budget for attending family-friendly events,Allowance
Allowance for exploring new experiences,Allowance
Weekly pocket money for contributing to family entertainment,Allowance
Allowance for buying seasonal attire,Allowance
Monthly budget for joining educational societies,Allowance
Allowance for supporting peer study groups,Allowance
Weekly allowance for engaging in household responsibilities,Allowance
Monthly budget for attending educational conferences,Allowance
Allowance for exploring cultural experiences,Allowance
Weekly pocket money for contributing to personal projects,Allowance
Allowance for purchasing seasonal items,Allowance
Monthly budget for joining family-oriented clubs,Allowance
Allowance for supporting school communities,Allowance
Weekly allowance for engaging in outdoor adventures,Allowance
Monthly budget for attending peer collaborations,Allowance
Allowance for exploring new learning opportunities,Allowance
Weekly pocket money for contributing to family savings,Allowance
Allowance for buying hobby-related items,Allowance
Monthly budget for joining community-driven projects,Allowance
Allowance for supporting family-oriented activities,Allowance
Weekly allowance for engaging in social activities,Allowance
Monthly budget for attending learning sessions,Allowance
Allowance for exploring tech advancements,Allowance
Weekly pocket money for contributing to household expenses,Allowance
Allowance for purchasing seasonal supplies,Allowance
Monthly budget for joining local interest groups,Allowance
Allowance for supporting school initiatives,Allowance
Weekly allowance for engaging in peer support activities,Allowance
Monthly budget for attending cultural festivals,Allowance
Allowance for exploring new hobbies and skills,Allowance
Weekly pocket money for contributing to personal savings,Allowance
Allowance for purchasing educational kits,Allowance
Monthly budget for joining local events,Allowance
Allowance for supporting educational programs,Allowance
Weekly allowance for engaging in personal development,Allowance
Monthly budget for attending social gatherings,Allowance
Allowance for exploring new learning tools,Allowance
Weekly pocket money for contributing to household projects,Allowance
Allowance for buying seasonal gifts,Allowance
Monthly budget for joining educational forums,Allowance
Allowance for supporting family learning activities,Allowance
Weekly allowance for engaging in community initiatives,Allowance
Monthly budget for attending wellness sessions,Allowance
Allowance for exploring new experiences,Allowance
Weekly pocket money for contributing to family goals,Allowance
Allowance for purchasing hobby materials,Allowance
Monthly budget for joining local sports events,Allowance
Allowance for supporting peer education,Allowance
Weekly allowance for engaging in social events,Allowance
Monthly budget for attending tech conferences,Allowance
Allowance for exploring personal growth,Allowance
Weekly pocket money for contributing to family savings,Allowance
Allowance for purchasing seasonal supplies,Allowance
Monthly budget for joining community initiatives,Allowance
Allowance for supporting school projects,Allowance
Weekly allowance for engaging in household responsibilities,Allowance
Monthly budget for attending learning sessions,Allowance
Allowance for exploring new hobbies and interests,Allowance
Weekly pocket money for contributing to family entertainment,Allowance
Allowance for buying educational tools,Allowance
Monthly budget for joining local interest groups,Allowance
Allowance for supporting peer collaborations,Allowance
Weekly allowance for engaging in community services,Allowance
Monthly budget for attending family workshops,Allowance
Allowance for exploring new learning opportunities,Allowance
Weekly pocket money for contributing to household chores,Allowance
Allowance for purchasing hobby equipment,Allowance
Monthly budget for joining wellness programs,Allowance
Allowance for supporting school initiatives,Allowance
Weekly allowance for engaging in personal hobbies,Allowance
Monthly budget for attending local events,Allowance
Allowance for exploring tech advancements,Allowance
Weekly pocket money for contributing to family savings,Allowance
Allowance for purchasing seasonal gifts,Allowance
Monthly budget for joining creative clubs,Allowance
Allowance for supporting educational programs,Allowance
Weekly allowance for engaging in household responsibilities,Allowance
Monthly budget for attending social gatherings,Allowance
Allowance for exploring new experiences,Allowance
Weekly pocket money for contributing to family goals,Allowance
Allowance for buying educational kits,Allowance
Monthly budget for joining local community events,Allowance
Allowance for supporting peer study groups,Allowance
Weekly allowance for engaging in social activities,Allowance
Monthly budget for attending wellness workshops,Allowance
Allowance for exploring personal development,Allowance
Weekly pocket money for contributing to family savings,Allowance
Allowance for purchasing seasonal supplies,Allowance
Monthly budget for joining family-oriented clubs,Allowance
Allowance for supporting school programs,Allowance
Weekly allowance for engaging in community services,Allowance
Monthly budget for attending educational seminars,Allowance
Allowance for exploring new hobbies and skills,Allowance
Weekly pocket money for contributing to household projects,Allowance
Allowance for buying learning materials,Allowance
Monthly budget for joining local events,Allowance
Allowance for supporting family learning activities,Allowance
Weekly allowance for engaging in outdoor adventures,Allowance
Monthly budget for attending peer collaborations,Allowance
Allowance for exploring tech trends,Allowance
Weekly pocket money for contributing to family entertainment,Allowance
Allowance for purchasing hobby-related items,Allowance
Monthly budget for joining educational camps,Allowance
Allowance for supporting peer education programs,Allowance
Weekly allowance for engaging in social events,Allowance
Monthly budget for attending local sports leagues,Allowance
Allowance for exploring personal growth activities,Allowance
Weekly pocket money for contributing to family savings,Allowance
Allowance for buying seasonal items,Allowance
Monthly budget for joining creative workshops,Allowance
Allowance for supporting family-oriented programs,Allowance
Weekly allowance for engaging in household chores,Allowance
Monthly budget for attending wellness initiatives,Allowance
Allowance for exploring new learning tools,Allowance
Weekly pocket money for contributing to family savings goals,Allowance
Allowance for purchasing educational subscriptions,Allowance
Monthly budget for joining family fitness programs,Allowance
Allowance for supporting school-based activities,Allowance
Weekly allowance for engaging in peer support groups,Allowance
Monthly budget for attending learning sessions,Allowance
Allowance for exploring digital advancements,Allowance
Weekly pocket money for contributing to household expenses,Allowance
Allowance for buying hobby materials,Allowance
Monthly budget for joining local events,Allowance
Allowance for supporting educational fundraisers,Allowance
Weekly allowance for engaging in personal development,Allowance
Monthly budget for attending tech innovation events,Allowance
Allowance for exploring new hobbies and interests,Allowance
Weekly pocket money for contributing to family goals,Allowance
Allowance for purchasing seasonal items,Allowance
Monthly budget for joining local clubs and societies,Allowance
Allowance for supporting school initiatives,Allowance
Weekly allowance for engaging in community activities,Allowance
Monthly budget for attending learning workshops,Allowance
Allowance for exploring new learning opportunities,Allowance
Weekly pocket money for contributing to family projects,Allowance
Allowance for buying hobby-related items,Allowance
Monthly budget for joining family-oriented programs,Allowance
Allowance for supporting educational communities,Allowance
Weekly allowance for engaging in outdoor adventures,Allowance
Monthly budget for attending social gatherings,Allowance
Allowance for exploring new hobbies and skills,Allowance
Weekly pocket money for contributing to household projects,Allowance
Allowance for purchasing seasonal supplies,Allowance
Monthly budget for joining local interest groups,Allowance
Allowance for supporting school programs,Allowance
Weekly allowance for engaging in personal hobbies,Allowance
Monthly budget for attending family-friendly events,Allowance
Allowance for exploring new experiences,Allowance
Weekly pocket money for contributing to family entertainment,Allowance
Allowance for buying educational tools,Allowance
Monthly budget for joining wellness programs,Allowance
Allowance for supporting peer collaborations,Allowance
Weekly allowance for engaging in household responsibilities,Allowance
Monthly budget for attending educational sessions,Allowance
Allowance for exploring new learning tools,Allowance
Weekly pocket money for contributing to family goals,Allowance
Allowance for purchasing hobby-related items,Allowance
Buying a new skincare routine from The Ordinary,Beauty
Experimenting with makeup looks using Fenty Beauty products,Beauty
Purchasing a hydrating serum from La Roche-Posay,Beauty
Trying out a new fragrance from Jo Malone,Beauty
Investing in an anti-aging cream from Estée Lauder,Beauty
Exploring natural beauty products from Burt's Bees,Beauty
Booking a facial treatment at a local spa,Beauty
Testing organic hair care products from Rahua,Beauty
Purchasing a luxury lipstick from Chanel,Beauty
Trying out a new nail polish color from OPI,Beauty
Buying a facial cleanser from CeraVe,Beauty
Experimenting with bold eyeshadows from Urban Decay,Beauty
Investing in a high-quality foundation from MAC,Beauty
Purchasing a sunscreen from Neutrogena,Beauty
Trying out a new sheet mask from Dr. Jart+,Beauty
Buying a hydrating hair mask from Moroccanoil,Beauty
Exploring cruelty-free makeup from Tarte,Beauty
Booking a manicure and pedicure session,Beauty
Testing a new mascara from Maybelline,Beauty
Purchasing a body lotion from Aveeno,Beauty
Trying out a new bronzer from Benefit Cosmetics,Beauty
Investing in a high-end perfume from Dior,Beauty
Experimenting with contouring kits from Anastasia Beverly Hills,Beauty
Purchasing a soothing eye cream from Kiehl's,Beauty
Trying out a new lip balm from Eos,Beauty
Buying a refreshing toner from Thayers,Beauty
Exploring vegan beauty products from Pacifica,Beauty
Booking a hair color appointment at a salon,Beauty
Testing a new blush from NARS,Beauty
Purchasing an exfoliating scrub from St. Ives,Beauty
Trying out a new eyebrow pencil from NYX,Beauty
Investing in a hair straightener from ghd,Beauty
Buying a moisturizing face mask from Glamglow,Beauty
Experimenting with different makeup brushes from Real Techniques,Beauty
Purchasing a lip gloss from Too Faced,Beauty
Trying out a new facial oil from Sunday Riley,Beauty
Buying a volumizing shampoo from Living Proof,Beauty
Exploring mineral makeup from bareMinerals,Beauty
Booking a professional makeup session,Beauty
Testing a new hair conditioner from Herbal Essences,Beauty
Purchasing a soothing face mist from Mario Badescu,Beauty
Trying out a new setting spray from Morphe,Beauty
Investing in a quality hair dryer from Dyson,Beauty
Experimenting with holographic highlighters from Milk Makeup,Beauty
Purchasing a rich hand cream from L'Occitane,Beauty
Trying out a new beard oil from Honest Amish,Beauty
Buying a gentle makeup remover from Bioderma,Beauty
Exploring botanical beauty products from Aveda,Beauty
Booking a waxing appointment,Beauty
Testing a new cleansing balm from Clinique,Beauty
Purchasing a firming body cream from Clarins,Beauty
Trying out a new eye shadow palette from Huda Beauty,Beauty
Investing in a silk pillowcase for hair and skin health,Beauty
Buying a repairing leave-in conditioner from It's a 10,Beauty
Experimenting with false eyelashes from Ardell,Beauty
Purchasing a luxury hair treatment from Oribe,Beauty
Trying out a new under-eye mask from Peter Thomas Roth,Beauty
Buying a brightening serum from Ole Henriksen,Beauty
Exploring Korean beauty products from Innisfree,Beauty
Booking a massage therapy session,Beauty
Testing a new clay mask from Origins,Beauty
Purchasing a lightweight moisturizer from Neutrogena Hydro Boost,Beauty
Trying out a new hair styling mousse from Pantene,Beauty
Investing in an electric facial cleansing brush from Foreo,Beauty
Buying a deep cleansing shampoo from Paul Mitchell,Beauty
Experimenting with nail art designs using Sally Hansen products,Beauty
Purchasing a tinted moisturizer from Laura Mercier,Beauty
Trying out a new face primer from Smashbox,Beauty
Buying a rich body butter from The Body Shop,Beauty
Exploring Ayurvedic beauty products from Kama Ayurveda,Beauty
Booking a professional haircut,Beauty
Testing a new facial peel from The Ordinary,Beauty
Purchasing a hydrating lip mask from Laneige,Beauty
Trying out a new brow gel from Glossier,Beauty
Investing in a high-quality shaving kit from Harry's,Beauty
Buying a luxurious bath bomb from Lush,Beauty
Experimenting with different perfumes from Sephora,Beauty
Purchasing a face serum from Vichy,Beauty
Trying out a new hair mask from Briogeo,Beauty
Buying a clarifying toner from Pixi,Beauty
Exploring plant-based beauty products from Herbivore Botanicals,Beauty
Booking a makeup tutorial session,Beauty
Testing a new body scrub from Frank Body,Beauty
Purchasing a nourishing face oil from Josie Maran,Beauty
Trying out a new eyeliner from Stila,Beauty
Investing in a hair curling wand from T3,Beauty
Buying a revitalizing face mask from Fresh,Beauty
Experimenting with different lip colors from MAC,Beauty
Purchasing a soothing foot cream from Burt's Bees,Beauty
Trying out a new face mist from Tatcha,Beauty
Buying a strengthening nail treatment from Essie,Beauty
Exploring eco-friendly beauty products from Lush,Beauty
Booking a skin analysis consultation,Beauty
Testing a new glow serum from Glossier,Beauty
Purchasing a volumizing mascara from Benefit Cosmetics,Beauty
Trying out a new lip liner from Charlotte Tilbury,Beauty
Investing in a professional skincare tool from PMD,Beauty
Buying a lightweight foundation from Fenty Beauty,Beauty
Experimenting with glitter eyeshadows from Too Faced,Beauty
Purchasing a hydrating body wash from Olay,Beauty
Trying out a new blush stick from Milk Makeup,Beauty
Buying a refreshing facial spray from Evian,Beauty
Exploring probiotic skincare from Tula,Beauty
Booking a laser hair removal session,Beauty
Testing a new micellar water from Garnier,Beauty
Purchasing a hydrating hair serum from John Frieda,Beauty
Trying out a new brow powder from Anastasia Beverly Hills,Beauty
Investing in a premium perfume from Tom Ford,Beauty
Buying a nourishing body oil from Neutrogena,Beauty
Experimenting with different nail designs using Essie products,Beauty
Purchasing a revitalizing eye cream from Kiehl's,Beauty
Trying out a new hair detangler from Ouai,Beauty
Buying a mattifying powder from Rimmel,Beauty
Exploring CBD-infused beauty products from Herbivore,Beauty
Booking a hot stone massage,Beauty
Testing a new retinol cream from RoC,Beauty
Purchasing a soothing aloe vera gel from Holika Holika,Beauty
Trying out a new lip plumper from Buxom,Beauty
Investing in a scalp treatment from Aveda,Beauty
Buying a hydrating overnight mask from Laneige,Beauty
Experimenting with colorful eyeliners from NYX,Beauty
Purchasing a softening hand lotion from Neutrogena,Beauty
Trying out a new face mask from K-beauty brand,Beauty
Buying a volumizing dry shampoo from Batiste,Beauty
Exploring natural deodorants from Native,Beauty
Booking a microdermabrasion session,Beauty
Testing a new CC cream from IT Cosmetics,Beauty
Purchasing a brightening eye serum from Drunk Elephant,Beauty
Trying out a new lip stain from Sephora Collection,Beauty
Investing in a luxury hairbrush from Mason Pearson,Beauty
Buying a refreshing body spray from Victoria's Secret,Beauty
Experimenting with contour sticks from Fenty Beauty,Beauty
Purchasing a hydrating face moisturizer from Clinique,Beauty
Trying out a new scalp scrub from Briogeo,Beauty
Buying a shimmering body oil from Nuxe,Beauty
Exploring fragrance-free skincare from Vanicream,Beauty
Booking a facial acupuncture session,Beauty
Testing a new vitamin C serum from TruSkin,Beauty
Purchasing a lightweight hair mousse from John Frieda,Beauty
Trying out a new concealer from NARS,Beauty
Investing in a sonic face brush from Clarisonic,Beauty
Buying a rich hair conditioner from SheaMoisture,Beauty
Experimenting with metallic lipsticks from Urban Decay,Beauty
Purchasing a soothing bath soak from Dr. Teal's,Beauty
Trying out a new hydrating toner from Kiehl's,Beauty
Buying a replenishing face oil from The Ordinary,Beauty
Exploring botanical face masks from Origins,Beauty
Booking a dermaplaning session,Beauty
Testing a new anti-wrinkle cream from Olay,Beauty
Purchasing a cooling eye gel from Boscia,Beauty
Trying out a new matte lipstick from Huda Beauty,Beauty
Investing in a quality facial steamer from Panasonic,Beauty
Buying a protective hair serum from Redken,Beauty
Experimenting with holographic nail polish from ILNP,Beauty
Purchasing a hydrating body scrub from Soap & Glory,Beauty
Trying out a new setting powder from Laura Mercier,Beauty
Buying a brightening face cream from Ole Henriksen,Beauty
Exploring hypoallergenic skincare from Aveeno,Beauty
Booking a LED light therapy session,Beauty
Testing a new hydrating gel from Neutrogena,Beauty
Purchasing a refreshing facial cleanser from Cetaphil,Beauty
Trying out a new tinted lip balm from Burt's Bees,Beauty
Investing in a professional hair straightener from BaByliss,Beauty
Buying a nourishing hand mask from Sephora,Beauty
Experimenting with colored mascara from L'Oréal,Beauty
Purchasing a soothing after-sun lotion from Banana Boat,Beauty
Trying out a new anti-frizz serum from John Frieda,Beauty
Buying a softening body butter from Palmer's,Beauty
Exploring vegan skincare from Pacifica,Beauty
Booking a chemical peel treatment,Beauty
Testing a new peptide serum from The Ordinary,Beauty
Purchasing a clarifying face wash from Clean & Clear,Beauty
Trying out a new highlighter from Becca,Beauty
Investing in a quality beard trimmer from Philips Norelco,Beauty
Buying a luxurious body lotion from Jo Malone,Beauty
Experimenting with different lip glosses from NYX,Beauty
Purchasing a rejuvenating night cream from Neutrogena,Beauty
Trying out a new detangling spray from Pantene,Beauty
Buying a firming face mask from Dr. Jart+,Beauty
Exploring hydrating facial oils from Biossance,Beauty
Booking a scalp massage,Beauty
Testing a new brightening toner from Paula's Choice,Beauty
Purchasing a protective day cream from La Mer,Beauty
Trying out a new nail strengthener from OPI,Beauty
Investing in a premium shaving cream from Art of Shaving,Beauty
Buying a refreshing facial mist from Caudalie,Beauty
Experimenting with pastel nail polishes from Essie,Beauty
Purchasing a soothing foot scrub from The Body Shop,Beauty
Trying out a new pore minimizer from Benefit Cosmetics,Beauty
Buying a hydrating eye serum from Clinique,Beauty
Exploring anti-redness skincare from Eucerin,Beauty
Booking a hydrating facial,Beauty
Testing a new clarifying shampoo from Head & Shoulders,Beauty
Purchasing a lightweight hair spray from TRESemmé,Beauty
Trying out a new gel eyeliner from Bobbi Brown,Beauty
Investing in a quality electric razor from Braun,Beauty
Buying a nourishing cuticle oil from Sally Hansen,Beauty
Experimenting with shimmer body lotion from Victoria's Secret,Beauty
Purchasing a hydrating lip gloss from Glossier,Beauty
Trying out a new face contour kit from Fenty Beauty,Beauty
Buying a soothing aloe vera face mask from TonyMoly,Beauty
Exploring clean beauty products from Ilia,Beauty
Booking a relaxing foot massage,Beauty
Testing a new BB cream from Garnier,Beauty
Purchasing a refreshing hair mist from Ouai,Beauty
Trying out a new lip crayon from Bite Beauty,Beauty
Investing in a luxury hair mask from Kérastase,Beauty
Buying a soothing face scrub from Acure,Beauty
Experimenting with holographic highlighter from Huda Beauty,Beauty
Purchasing a revitalizing eye mask from Patchology,Beauty
Trying out a new clay cleanser from Origins,Beauty
Buying a lightweight hair serum from John Masters Organics,Beauty
Exploring fragrance-free hair care from Free & Clear,Beauty
Booking a paraffin hand treatment,Beauty
Testing a new retinol eye cream from RoC,Beauty
Purchasing a refreshing body mist from Bath & Body Works,Beauty
Trying out a new brow pomade from Benefit Cosmetics,Beauty
Investing in a high-quality shaving brush from Edwin Jagger,Beauty
Buying a luxurious face mask from La Mer,Beauty
Experimenting with bold lipsticks from Anastasia Beverly Hills,Beauty
Purchasing a hydrating face gel from Neutrogena,Beauty
Trying out a new hair mousse from John Frieda,Beauty
Buying a nourishing face oil from Kiehl's,Beauty
Exploring clean skincare from Youth to the People,Beauty
Booking a hot stone facial,Beauty
Testing a new facial serum from Vichy,Beauty
Purchasing a refreshing scalp treatment from Aveda,Beauty
Trying out a new lipstick shade from NARS,Beauty
Investing in a silk pillowcase from Slip,Beauty
Buying a soothing face toner from Pixi,Beauty
Experimenting with different face masks from Sephora Collection,Beauty
Purchasing a rich body butter from The Body Shop,Beauty
Trying out a new eyebrow gel from Anastasia Beverly Hills,Beauty
Buying a hydrating facial essence from SK-II,Beauty
Exploring natural hair care from SheaMoisture,Beauty
Booking a facial cupping session,Beauty
Testing a new brightening cream from Dr. Dennis Gross,Beauty
Purchasing a nourishing hair oil from Ouai,Beauty
Trying out a new face mist from Tatcha,Beauty
Investing in a quality hair straightener from CHI,Beauty
Buying a soothing eye cream from La Roche-Posay,Beauty
Experimenting with glitter nail polishes from Zoya,Beauty
Purchasing a hydrating body lotion from CeraVe,Beauty
Trying out a new lip balm from EOS,Beauty
Buying a refreshing toner from Thayers,Beauty
Exploring clean beauty products from Honest Beauty,Beauty
Booking a deep tissue massage,Beauty
Testing a new facial scrub from Acure,Beauty
Purchasing a brightening face mask from Origins,Beauty
Trying out a new eyeliner pencil from Urban Decay,Beauty
Investing in a quality makeup mirror from Simplehuman,Beauty
Buying a rich body oil from Neutrogena,Beauty
Experimenting with metallic eyeshadows from ColourPop,Beauty
Purchasing a soothing foot cream from Burt's Bees,Beauty
Trying out a new face serum from The Ordinary,Beauty
Buying a nourishing lip treatment from Laneige,Beauty
Exploring botanical skincare from Herbivore,Beauty
Booking a microblading session,Beauty
Testing a new facial cleanser from Cetaphil,Beauty
Purchasing a hydrating face mist from Mario Badescu,Beauty
Trying out a new foundation from Fenty Beauty,Beauty
Investing in a high-quality hairbrush from Wet Brush,Beauty
Buying a soothing bath soak from Dr. Teal's,Beauty
Experimenting with vibrant lipsticks from NYX,Beauty
Purchasing a hydrating body wash from Dove,Beauty
Trying out a new face mask from Glamglow,Beauty
Buying a revitalizing hair mask from Moroccanoil,Beauty
Exploring vegan beauty products from Pacifica,Beauty
Booking a professional makeup session,Beauty
Testing a new sunscreen from EltaMD,Beauty
Purchasing a brightening eye cream from Olay,Beauty
Trying out a new lip gloss from Fenty Beauty,Beauty
Investing in a quality facial steamer from Conair,Beauty
Buying a nourishing hair conditioner from Herbal Essences,Beauty
Experimenting with colorful eyeshadows from Huda Beauty,Beauty
Purchasing a soothing face mist from Avene,Beauty
Trying out a new brow pencil from Anastasia Beverly Hills,Beauty
Buying a hydrating face oil from Sunday Riley,Beauty
Exploring natural skincare from Burt's Bees,Beauty
Booking a facial peel session,Beauty
Testing a new BB cream from Maybelline,Beauty
Purchasing a refreshing hair spray from Paul Mitchell,Beauty
Trying out a new concealer from Tarte,Beauty
Investing in a luxury body lotion from Jo Malone,Beauty
Buying a soothing face cream from CeraVe,Beauty
Experimenting with holographic highlighters from Becca,Beauty
Purchasing a nourishing hand cream from L'Occitane,Beauty
Trying out a new lip stain from Sephora Collection,Beauty
Buying a hydrating hair serum from John Frieda,Beauty
Exploring plant-based beauty products from Aveda,Beauty
Booking a laser treatment session,Beauty
Testing a new facial oil from Josie Maran,Beauty
Purchasing a brightening face serum from Ole Henriksen,Beauty
Trying out a new nail polish from Essie,Beauty
Investing in a quality hair dryer from Dyson,Beauty
Buying a soothing body wash from Olay,Beauty
Experimenting with glitter eyeshadows from Urban Decay,Beauty
Purchasing a hydrating lip mask from Laneige,Beauty
Trying out a new face scrub from St. Ives,Beauty
Buying a revitalizing hair treatment from Oribe,Beauty
Exploring cruelty-free beauty products from Tarte,Beauty
Booking a manicure and pedicure session,Beauty
Testing a new mascara from Benefit Cosmetics,Beauty
Purchasing a nourishing body cream from Nivea,Beauty
Trying out a new blush from NARS,Beauty
Investing in a high-quality foundation from MAC,Beauty
Buying a soothing eye serum from Kiehl's,Beauty
Experimenting with bold lip colors from Anastasia Beverly Hills,Beauty
Purchasing a hydrating body oil from Neutrogena,Beauty
Trying out a new face primer from Smashbox,Beauty
Buying a brightening toner from Pixi,Beauty
Exploring eco-friendly beauty products from Lush,Beauty
Booking a hair color appointment at a salon,Beauty
Testing a new clay mask from Origins,Beauty
Purchasing a refreshing face cleanser from Clean & Clear,Beauty
Trying out a new highlighter from Becca,Beauty
Investing in a hair curling wand from T3,Beauty
Buying a moisturizing face mask from Glamglow,Beauty
Experimenting with different makeup brushes from Real Techniques,Beauty
Purchasing a lip gloss from Too Faced,Beauty
Trying out a new facial oil from Sunday Riley,Beauty
Buying a volumizing shampoo from Living Proof,Beauty
Exploring mineral makeup from bareMinerals,Beauty
Booking a professional makeup session,Beauty
Testing a new hair conditioner from Herbal Essences,Beauty
Purchasing a soothing face mist from Mario Badescu,Beauty
Trying out a new setting spray from Morphe,Beauty
Investing in a quality hair dryer from Dyson,Beauty
Experimenting with holographic highlighters from Milk Makeup,Beauty
Purchasing a rich hand cream from L'Occitane,Beauty
Trying out a new beard oil from Honest Amish,Beauty
Buying a gentle makeup remover from Bioderma,Beauty
Exploring botanical beauty products from Aveda,Beauty
Booking a waxing appointment,Beauty
Testing a new cleansing balm from Clinique,Beauty
Purchasing a firming body cream from Clarins,Beauty
Trying out a new eye shadow palette from Huda Beauty,Beauty
Investing in a silk pillowcase for hair and skin health,Beauty
Buying a repairing leave-in conditioner from It's a 10,Beauty
Experimenting with false eyelashes from Ardell,Beauty
Purchasing a luxury hair treatment from Oribe,Beauty
Trying out a new under-eye mask from Peter Thomas Roth,Beauty
Buying a brightening serum from Ole Henriksen,Beauty
Exploring Korean beauty products from Innisfree,Beauty
Booking a massage therapy session,Beauty
Testing a new clay mask from Origins,Beauty
Purchasing a lightweight moisturizer from Neutrogena Hydro Boost,Beauty
Trying out a new hair styling mousse from Pantene,Beauty
Investing in an electric facial cleansing brush from Foreo,Beauty
Buying a deep cleansing shampoo from Paul Mitchell,Beauty
Experimenting with nail art designs using Sally Hansen products,Beauty
Purchasing a tinted moisturizer from Laura Mercier,Beauty
Trying out a new face primer from Smashbox,Beauty
Buying a rich body butter from The Body Shop,Beauty
Exploring Ayurvedic beauty products from Kama Ayurveda,Beauty
Booking a professional haircut,Beauty
Testing a new facial peel from The Ordinary,Beauty
Purchasing a hydrating lip mask from Laneige,Beauty
Trying out a new brow gel from Glossier,Beauty
Investing in a high-quality shaving kit from Harry's,Beauty
Buying a luxurious bath bomb from Lush,Beauty
Experimenting with different perfumes from Sephora,Beauty
Purchasing a face serum from Vichy,Beauty
Trying out a new hair mask from Briogeo,Beauty
Buying a clarifying toner from Pixi,Beauty
Exploring plant-based beauty products from Herbivore Botanicals,Beauty
Booking a makeup tutorial session,Beauty
Testing a new body scrub from Frank Body,Beauty
Purchasing a nourishing face oil from Josie Maran,Beauty
Trying out a new eyeliner from Stila,Beauty
Investing in a hair curling wand from T3,Beauty
Buying a revitalizing face mask from Fresh,Beauty
Experimenting with different lip colors from MAC,Beauty
Purchasing a soothing foot cream from Burt's Bees,Beauty
Trying out a new face mist from Tatcha,Beauty
Buying a strengthening nail treatment from Essie,Beauty
Exploring eco-friendly beauty products from Lush,Beauty
Booking a skin analysis consultation,Beauty
Testing a new glow serum from Glossier,Beauty
Purchasing a volumizing mascara from Benefit Cosmetics,Beauty
Trying out a new lip liner from Charlotte Tilbury,Beauty
Investing in a professional skincare tool from PMD,Beauty
Buying a lightweight foundation from Fenty Beauty,Beauty
Experimenting with glitter eyeshadows from Too Faced,Beauty
Purchasing a hydrating body wash from Olay,Beauty
Trying out a new blush stick from Milk Makeup,Beauty
Buying a refreshing facial spray from Evian,Beauty
Exploring probiotic skincare from Tula,Beauty
Booking a laser hair removal session,Beauty
Testing a new micellar water from Garnier,Beauty
Purchasing a hydrating hair serum from John Frieda,Beauty
Trying out a new brow powder from Anastasia Beverly Hills,Beauty
Investing in a premium perfume from Tom Ford,Beauty
Buying a nourishing body oil from Neutrogena,Beauty
Experimenting with different nail designs using Essie products,Beauty
Purchasing a revitalizing eye cream from Kiehl's,Beauty
Trying out a new hair detangler from Ouai,Beauty
Buying a mattifying powder from Rimmel,Beauty
Exploring CBD-infused beauty products from Herbivore,Beauty
Booking a hot stone massage,Beauty
Testing a new retinol cream from RoC,Beauty
Purchasing a soothing aloe vera gel from Holika Holika,Beauty
Trying out a new lip plumper from Buxom,Beauty
Investing in a scalp treatment from Aveda,Beauty
Buying a hydrating overnight mask from Laneige,Beauty
Experimenting with colorful eyeliners from NYX,Beauty
Purchasing a softening hand lotion from Neutrogena,Beauty
Trying out a new face mask from K-beauty brand,Beauty
Buying a volumizing dry shampoo from Batiste,Beauty
Exploring natural deodorants from Native,Beauty
Booking a microdermabrasion session,Beauty
Testing a new CC cream from IT Cosmetics,Beauty
Purchasing a brightening eye serum from Drunk Elephant,Beauty
Trying out a new lip stain from Sephora Collection,Beauty
Investing in a luxury hairbrush from Mason Pearson,Beauty
Buying a refreshing body spray from Victoria's Secret,Beauty
Experimenting with contour sticks from Fenty Beauty,Beauty
Purchasing a hydrating face moisturizer from Clinique,Beauty
Trying out a new scalp scrub from Briogeo,Beauty
Buying a shimmering body oil from Nuxe,Beauty
Exploring fragrance-free skincare from Vanicream,Beauty
Booking a facial acupuncture session,Beauty
Testing a new vitamin C serum from TruSkin,Beauty
Purchasing a lightweight hair mousse from John Frieda,Beauty
Trying out a new concealer from NARS,Beauty
Investing in a sonic face brush from Clarisonic,Beauty
Buying a rich hair conditioner from SheaMoisture,Beauty
Experimenting with metallic lipsticks from Urban Decay,Beauty
Purchasing a soothing bath soak from Dr. Teal's,Beauty
Trying out a new hydrating toner from Kiehl's,Beauty
Buying a replenishing face oil from The Ordinary,Beauty
Exploring botanical face masks from Origins,Beauty
Booking a dermaplaning session,Beauty
Testing a new anti-wrinkle cream from Olay,Beauty
Purchasing a cooling eye gel from Boscia,Beauty
Trying out a new matte lipstick from Huda Beauty,Beauty
Investing in a quality facial steamer from Panasonic,Beauty
Buying a protective hair serum from Redken,Beauty
Experimenting with holographic nail polish from ILNP,Beauty
Purchasing a hydrating body scrub from Soap & Glory,Beauty
Trying out a new setting powder from Laura Mercier,Beauty
Buying a brightening face cream from Ole Henriksen,Beauty
Exploring hypoallergenic skincare from Aveeno,Beauty
Booking a LED light therapy session,Beauty
Testing a new hydrating gel from Neutrogena,Beauty
Purchasing a refreshing facial cleanser from Cetaphil,Beauty
Trying out a new tinted lip balm from Burt's Bees,Beauty
Investing in a professional hair straightener from BaByliss,Beauty
Buying a nourishing hand mask from Sephora,Beauty
Experimenting with colored mascara from L'Oréal,Beauty
Purchasing a soothing after-sun lotion from Banana Boat,Beauty
Trying out a new anti-frizz serum from John Frieda,Beauty
Buying a softening body butter from Palmer's,Beauty
Exploring vegan skincare from Pacifica,Beauty
Booking a chemical peel treatment,Beauty
Testing a new peptide serum from The Ordinary,Beauty
Purchasing a clarifying face wash from Clean & Clear,Beauty
Trying out a new highlighter from Becca,Beauty
Investing in a quality beard trimmer from Philips Norelco,Beauty
Buying a luxurious body lotion from Jo Malone,Beauty
Experimenting with different lip glosses from NYX,Beauty
Purchasing a rejuvenating night cream from Neutrogena,Beauty
Trying out a new detangling spray from Pantene,Beauty
Buying a firming face mask from Dr. Jart+,Beauty
Exploring hydrating facial oils from Biossance,Beauty
Booking a scalp massage,Beauty
Testing a new brightening toner from Paula's Choice,Beauty
Purchasing a protective day cream from La Mer,Beauty
Trying out a new nail strengthener from OPI,Beauty
Investing in a premium shaving cream from Art of Shaving,Beauty
Buying a refreshing facial mist from Caudalie,Beauty
Experimenting with pastel nail polishes from Essie,Beauty
Purchasing a soothing foot scrub from The Body Shop,Beauty
Trying out a new pore minimizer from Benefit Cosmetics,Beauty
Buying a hydrating eye serum from Clinique,Beauty
Exploring anti-redness skincare from Eucerin,Beauty
Booking a hydrating facial,Beauty
Testing a new clarifying shampoo from Head & Shoulders,Beauty
Purchasing a lightweight hair spray from TRESemmé,Beauty
Trying out a new gel eyeliner from Bobbi Brown,Beauty
Investing in a quality electric razor from Braun,Beauty
Buying a nourishing cuticle oil from Sally Hansen,Beauty
Surprising a friend with a personalized photo album,Gift
Choosing a handcrafted jewelry piece for a special occasion,Gift
Sending a gourmet chocolate box for a birthday,Gift
Selecting a beautiful flower bouquet for an anniversary,Gift
Buying a luxurious scented candle for a housewarming party,Gift
Gifting a high-quality leather wallet for a promotion,Gift
Surprising a loved one with a weekend getaway,Gift
Choosing a premium wine bottle for a dinner party,Gift
Sending a cozy cashmere scarf for the holidays,Gift
Selecting a custom-made piece of art for a friend,Gift
Buying a subscription box for a year of surprises,Gift
Gifting an experience day like skydiving or a spa retreat,Gift
Surprising someone with a personalized name necklace,Gift
Choosing a tech gadget like a smartwatch,Gift
Sending a gourmet cheese basket for a festive celebration,Gift
Selecting a luxurious bathrobe for a bridal shower,Gift
Buying a stylish handbag for a fashion enthusiast,Gift
Gifting a personalized calendar with family photos,Gift
Surprising a friend with concert tickets,Gift
Choosing a high-end skincare set for a beauty lover,Gift
Sending a curated book collection for an avid reader,Gift
Selecting a custom-engraved pen for a colleague,Gift
Buying a cozy blanket with a personal touch,Gift
Gifting a fitness tracker to support a healthy lifestyle,Gift
Surprising someone with a cooking class voucher,Gift
Choosing a personalized coffee mug with a special message,Gift
Sending a unique piece of home decor,Gift
Selecting a craft beer sampler for a beer enthusiast,Gift
Buying a luxurious silk tie for a business professional,Gift
Gifting a digital photo frame pre-loaded with memories,Gift
Surprising a loved one with a personalized recipe book,Gift
Choosing a custom-made piece of furniture,Gift
Sending a relaxing essential oil diffuser,Gift
Selecting a unique travel accessory for a globetrotter,Gift
Buying a stylish watch for a milestone celebration,Gift
Gifting a gourmet food basket for a foodie friend,Gift
Surprising someone with a handmade quilt,Gift
Choosing a personalized pet collar for a pet lover,Gift
Sending an elegant wine decanter for a wine connoisseur,Gift
Selecting a beautiful piece of pottery,Gift
Buying a custom-made musical instrument,Gift
Gifting a luxurious spa day package,Gift
Surprising a friend with a cooking gadget,Gift
Choosing a unique board game for game night,Gift
Sending a beautifully framed print of a favorite place,Gift
Selecting a high-end fragrance for a special someone,Gift
Buying a personalized Christmas ornament,Gift
Gifting a creative DIY kit,Gift
Surprising someone with an engraved jewelry box,Gift
Choosing a tech accessory like wireless earbuds,Gift
Sending a handcrafted wooden picture frame,Gift
Selecting a premium tea sampler set,Gift
Buying a personalized leather journal,Gift
Gifting a stylish hat for a fashion-forward friend,Gift
Surprising a loved one with a star map,Gift
Choosing a unique piece of handmade jewelry,Gift
Sending a gourmet snack basket for a movie night,Gift
Selecting a custom-made garden tool set,Gift
Buying a high-quality backpack for an adventurer,Gift
Gifting a luxurious cashmere sweater,Gift
Surprising someone with a personalized travel mug,Gift
Choosing a curated vinyl record collection,Gift
Sending a stylish pair of sunglasses,Gift
Selecting a custom-engraved watch,Gift
Buying a personalized cutting board,Gift
Gifting a fitness class pass,Gift
Surprising a friend with a luxury skincare set,Gift
Choosing a gourmet cooking spice set,Gift
Sending a handcrafted soap collection,Gift
Selecting a beautiful handmade rug,Gift
Buying a personalized keychain,Gift
Gifting a wine tasting experience,Gift
Surprising someone with a custom-made backpack,Gift
Choosing a unique hand-painted vase,Gift
Sending a cozy pair of slippers,Gift
Selecting a gourmet coffee set,Gift
Buying a personalized phone case,Gift
Gifting a luxurious bath set,Gift
Surprising a friend with a photography session,Gift
Choosing a stylish belt,Gift
Sending a handmade knit hat,Gift
Selecting a premium cigar box,Gift
Buying a personalized wooden clock,Gift
Gifting a gourmet chocolate making kit,Gift
Surprising someone with an engraved locket,Gift
Choosing a unique piece of wall art,Gift
Sending a subscription to a streaming service,Gift
Selecting a custom-made lamp,Gift
Buying a high-quality pair of gloves,Gift
Gifting a personalized tote bag,Gift
Surprising a loved one with a custom-made cookbook,Gift
Choosing a set of luxury bath towels,Gift
Sending a beautifully designed stationery set,Gift
Selecting a stylish pair of shoes,Gift
Buying a personalized wine glass set,Gift
Gifting a relaxing yoga retreat,Gift
Surprising someone with a gourmet cookie gift box,Gift
Choosing a unique hand-carved sculpture,Gift
Sending a premium whiskey tasting set,Gift
Selecting a custom-made duvet cover,Gift
Buying a high-end beard grooming kit,Gift
Gifting a personalized nameplate,Gift
Surprising a friend with a gardening workshop,Gift
Choosing a stylish pair of earrings,Gift
Sending a gourmet popcorn gift basket,Gift
Selecting a custom-engraved bracelet,Gift
Buying a luxurious leather notebook,Gift
Gifting a personalized welcome mat,Gift
Surprising someone with a DIY candle making kit,Gift
Choosing a unique handwoven basket,Gift
Sending a curated skincare subscription box,Gift
Selecting a custom-made hiking gear set,Gift
Buying a high-quality pair of boots,Gift
Gifting a personalized Christmas stocking,Gift
Surprising a loved one with a custom photo puzzle,Gift
Choosing a set of elegant coasters,Gift
Sending a beautifully crafted cheese board,Gift
Selecting a premium hot sauce sampler,Gift
Buying a personalized travel passport holder,Gift
Gifting a luxurious robe and slippers set,Gift
Surprising someone with a curated pet gift box,Gift
Choosing a unique piece of stained glass art,Gift
Sending a gourmet truffle collection,Gift
Selecting a custom-made barbecue tool set,Gift
Buying a high-quality camera lens,Gift
Gifting a personalized jewelry stand,Gift
Surprising a friend with a pottery class,Gift
Choosing a stylish set of cufflinks,Gift
Sending a handmade lavender sachet,Gift
Selecting a premium olive oil tasting set,Gift
Buying a personalized wine opener,Gift
Gifting a luxurious bathrobe,Gift
Surprising someone with a subscription to a monthly book club,Gift
Choosing a unique hand-embroidered pillow,Gift
Sending a curated spice rack,Gift
Selecting a custom-made photo calendar,Gift
Buying a high-end skincare gift set,Gift
Gifting a personalized recipe tin,Gift
Surprising a loved one with a painting class,Gift
Choosing a set of designer placemats,Gift
Sending a beautifully crafted candle holder,Gift
Selecting a premium chocolate fondue set,Gift
Buying a personalized leather bracelet,Gift
Gifting a relaxing weekend retreat,Gift
Surprising someone with a gourmet fruit basket,Gift
Choosing a unique handmade wind chime,Gift
Sending a curated art supply box,Gift
Selecting a custom-made picnic basket,Gift
Buying a high-quality pair of sneakers,Gift
Gifting a personalized cutting board,Gift
Surprising a friend with a wine and cheese tasting experience,Gift
Choosing a stylish leather wallet,Gift
Sending a handmade pottery mug,Gift
Selecting a premium wine gift set,Gift
Buying a personalized name necklace,Gift
Gifting a luxurious spa gift card,Gift
Surprising someone with a subscription to a gourmet food service,Gift
Choosing a unique piece of handmade jewelry,Gift
Sending a curated chocolate truffle box,Gift
Selecting a custom-made candle holder,Gift
Buying a high-end tech gadget,Gift
Gifting a personalized coffee table book,Gift
Surprising a loved one with a cooking class,Gift
Choosing a set of luxurious silk pillowcases,Gift
Sending a beautifully crafted wine rack,Gift
Selecting a premium skincare set,Gift
Buying a personalized wall clock,Gift
Gifting a relaxing aromatherapy set,Gift
Surprising someone with a gourmet baking kit,Gift
Choosing a unique piece of artisan pottery,Gift
Sending a curated cocktail mixer set,Gift
Selecting a custom-made garden tool set,Gift
Buying a high-quality yoga mat,Gift
Gifting a personalized Christmas ornament,Gift
Surprising a friend with a musical instrument,Gift
Choosing a stylish pair of boots,Gift
Sending a handmade wooden picture frame,Gift
Selecting a premium coffee gift set,Gift
Buying a personalized leather keychain,Gift
Gifting a luxurious skincare gift basket,Gift
Surprising someone with a subscription to a craft beer club,Gift
Choosing a unique piece of wall art,Gift
Sending a curated wine and cheese gift basket,Gift
Selecting a custom-made jewelry box,Gift
Buying a high-end watch,Gift
Gifting a personalized family portrait,Gift
Surprising a loved one with a cooking gadget,Gift
Choosing a set of elegant wine glasses,Gift
Sending a beautifully crafted cheese knife set,Gift
Selecting a premium tea gift set,Gift
Buying a personalized tote bag,Gift
Gifting a relaxing massage gift card,Gift
Surprising someone with a gourmet cookie sampler,Gift
Choosing a unique piece of handmade ceramics,Gift
Sending a curated spice blend set,Gift
Selecting a custom-made kitchen knife,Gift
Buying a high-quality backpack,Gift
Gifting a personalized photo book,Gift
Personalizing a leather-bound journal for a writer,Gift
Gifting an elegant silk scarf for Mother's Day,Gift
Choosing a vintage record player for a music lover,Gift
Surprising a friend with a handmade dream catcher,Gift
Sending a gourmet coffee sampler for a caffeine enthusiast,Gift
Selecting an engraved whiskey decanter set,Gift
Buying a monogrammed bath towel set,Gift
Gifting a personalized puzzle with a family photo,Gift
Surprising someone with a star registry certificate,Gift
Choosing a hand-painted jewelry box,Gift
Sending a curated beauty gift box for a spa day at home,Gift
Selecting a custom-made bike for an outdoor adventurer,Gift
Buying a set of luxury silk pillowcases,Gift
Gifting a personalized pet portrait,Gift
Surprising a loved one with a weekend escape to a cozy cabin,Gift
Choosing a unique piece of antique jewelry,Gift
Sending a handcrafted leather belt,Gift
Selecting a bespoke tailored shirt,Gift
Buying a premium gourmet truffle assortment,Gift
Gifting a custom calligraphy art piece,Gift
Surprising a friend with a subscription to an artisan cheese club,Gift
Choosing an eco-friendly reusable shopping bag set,Gift
Sending a personalized star map,Gift
Selecting a beautiful crystal vase,Gift
Buying a gourmet cooking class experience,Gift
Gifting a personalized family cookbook,Gift
Surprising someone with a luxury picnic hamper,Gift
Choosing a handmade wool blanket,Gift
Sending a vintage style map of their favorite city,Gift
Selecting a premium olive oil and balsamic vinegar set,Gift
Buying a personalized travel journal,Gift
Gifting a custom engraved whiskey flask,Gift
Surprising a loved one with a garden planting kit,Gift
Choosing a bespoke perfume blend,Gift
Sending a set of artisanal handmade soaps,Gift
Selecting a custom embroidered robe,Gift
Buying a high-end wine and cheese basket,Gift
Gifting a personalized Christmas tree ornament,Gift
Surprising someone with an experience voucher for a pottery class,Gift
Choosing a unique artisan crafted watch,Gift
Sending a curated gourmet spice collection,Gift
Selecting a luxurious bath bomb set,Gift
Buying a custom printed photo blanket,Gift
Gifting a personalized welcome sign for their home,Gift
Surprising a friend with a cooking subscription box,Gift
Choosing a set of high-quality kitchen knives,Gift
Sending a custom monogrammed cheese board,Gift
Selecting a bespoke suit tailoring experience,Gift
Buying a premium loose leaf tea set,Gift
Gifting a personalized photo calendar,Gift
Surprising someone with a wine and painting night,Gift
Choosing an elegant hand-painted tea set,Gift
Sending a luxury skincare gift basket,Gift
Selecting a custom-made leather jacket,Gift
Buying a gourmet hot sauce collection,Gift
Gifting a personalized luggage tag,Gift
Surprising a loved one with a handcrafted wooden toy,Gift
Choosing a stylish vegan leather handbag,Gift
Sending a set of luxury bath salts,Gift
Selecting a custom engraved cutting board,Gift
Buying a premium fitness tracker,Gift
Gifting a personalized wooden sign for their kitchen,Gift
Surprising someone with a flower subscription service,Gift
Choosing a high-end chess set,Gift
Sending a handmade beeswax candle set,Gift
Selecting a custom-made garden statue,Gift
Buying a luxurious silk sleep mask,Gift
Gifting a personalized wine bottle opener,Gift
Surprising a friend with a calligraphy workshop,Gift
Choosing a set of designer coasters,Gift
Sending a gourmet popcorn gift tin,Gift
Selecting a custom-printed tote bag,Gift
Buying a high-quality digital photo frame,Gift
Gifting a personalized baby blanket,Gift
Surprising someone with a cheese making kit,Gift
Choosing an elegant decanter and glass set,Gift
Sending a luxury cashmere throw,Gift
Selecting a custom photo canvas print,Gift
Buying a premium chocolate fondue kit,Gift
Gifting a personalized bamboo cutting board,Gift
Surprising a loved one with a wine tasting tour,Gift
Choosing a stylish leather journal cover,Gift
Sending a curated breakfast in bed gift box,Gift
Selecting a custom engraved wine glass,Gift
Buying a high-end espresso machine,Gift
Gifting a personalized name ring,Gift
Surprising someone with an artisanal honey sampler,Gift
Choosing a set of hand-painted garden markers,Gift
Sending a luxury bath and body gift set,Gift
Selecting a custom-made pet bed,Gift
Buying a premium digital assistant speaker,Gift
Gifting a personalized name plaque,Gift
Surprising a friend with a gourmet cooking sauce set,Gift
Choosing a stylish travel duffel bag,Gift
Sending a handmade wooden jewelry box,Gift
Selecting a custom embroidered throw pillow,Gift
Buying a high-quality outdoor hammock,Gift
Gifting a personalized photo magnet set,Gift
Surprising someone with a wine and cheese pairing guide,Gift
Choosing a set of luxurious bed sheets,Gift
Sending a curated tea gift basket,Gift
Selecting a custom engraved garden tool set,Gift
Buying a premium wireless charging station,Gift
Gifting a personalized family name sign,Gift
Surprising a loved one with a glassblowing workshop,Gift
Choosing a stylish set of wine stoppers,Gift
Sending a gourmet coffee gift basket,Gift
Selecting a custom-printed photo album,Gift
Buying a high-end kitchen stand mixer,Gift
Gifting a personalized wooden photo frame,Gift
Surprising someone with a chocolate making class,Gift
Choosing a set of handcrafted candle holders,Gift
Sending a luxury hand cream gift set,Gift
Selecting a custom-made leather bracelet,Gift
Buying a premium facial skincare kit,Gift
Gifting a personalized name keychain,Gift
Surprising a friend with a gourmet olive oil set,Gift
Choosing a stylish leather passport holder,Gift
Sending a handmade ceramic planter,Gift
Selecting a custom-printed pet blanket,Gift
Buying a high-quality wine decanter,Gift
Gifting a personalized wooden cutting board,Gift
Surprising someone with a flower arranging class,Gift
Choosing an elegant hand-painted serving tray,Gift
Sending a luxury body lotion gift set,Gift
Selecting a custom-made bookend set,Gift
Buying a premium craft beer brewing kit,Gift
Gifting a personalized name necklace,Gift
Surprising a loved one with a cooking experience gift card,Gift
Choosing a stylish leather backpack,Gift
Sending a handmade woven basket,Gift
Selecting a custom-engraved wine opener,Gift
Buying a high-end digital camera,Gift
Gifting a personalized family recipe box,Gift
Surprising someone with a gourmet cheese board set,Gift
Choosing a set of elegant champagne flutes,Gift
Sending a curated international snack box,Gift
Selecting a custom-printed wall art,Gift
Buying a premium cast iron skillet,Gift
Gifting a personalized Christmas stocking holder,Gift
Surprising a friend with a musical instrument lesson,Gift
Choosing a stylish pair of leather gloves,Gift
Sending a handmade wool throw blanket,Gift
Selecting a custom-engraved pocket watch,Gift
Buying a high-quality fitness equipment set,Gift
Gifting a personalized leather bookmark,Gift
Surprising someone with a curated charcuterie board,Gift
Choosing a set of hand-blown glass ornaments,Gift
Sending a luxury bathrobe gift set,Gift
Selecting a custom-made memory box,Gift
Buying a premium barbecue grill set,Gift
Gifting a personalized family tree art print,Gift
Surprising a loved one with a gardening class,Gift
Choosing a stylish leather tote bag,Gift
Sending a handmade ceramic tea pot,Gift
Selecting a custom-engraved beer mug,Gift
Buying a high-end smart home device,Gift
Gifting a personalized name bracelet,Gift
Surprising someone with a gourmet chocolate subscription,Gift
Choosing a set of luxurious bath towels,Gift
Sending a curated wine and cheese pairing basket,Gift
Selecting a custom-printed family portrait,Gift
Buying a premium outdoor fire pit,Gift
Gifting a personalized Christmas tree skirt,Gift
Surprising a friend with a pottery making class,Gift
Choosing a stylish leather travel wallet,Gift
Sending a handmade wooden serving board,Gift
Selecting a custom-engraved kitchen knife,Gift
Buying a high-quality camping gear set,Gift
Gifting a personalized photo cushion,Gift
Surprising someone with a gourmet coffee club subscription,Gift
Choosing an elegant crystal decanter,Gift
Sending a curated spa gift basket,Gift
Selecting a custom-printed baby onesie,Gift
Buying a premium cocktail making kit,Gift
Gifting a personalized family name plaque,Gift
Surprising a loved one with a wine tasting experience,Gift
Choosing a stylish leather laptop bag,Gift
Sending a handmade ceramic bowl set,Gift
Selecting a custom-engraved whiskey glass,Gift
Buying a high-end espresso machine,Gift
Gifting a personalized name puzzle,Gift
Surprising someone with an artisan cheese making kit,Gift
Choosing a set of luxurious silk pillowcases,Gift
Sending a curated craft beer gift box,Gift
Selecting a custom-printed travel map,Gift
Buying a premium cast iron Dutch oven,Gift
Gifting a personalized Christmas ornament,Gift
Surprising a friend with a music streaming service subscription,Gift
Choosing a stylish pair of leather boots,Gift
Sending a handmade wool scarf,Gift
Selecting a custom-engraved photo frame,Gift
Buying a high-quality hiking gear set,Gift
Gifting a personalized leather journal,Gift
Surprising someone with a gourmet baking kit,Gift
Choosing a set of hand-painted ceramic coasters,Gift
Sending a luxury skincare gift set,Gift
Selecting a custom-made wooden jewelry box,Gift
Attending a yoga class,Health
Purchasing vitamins and supplements,Health
Booking a dental check-up,Health
Signing up for a gym membership,Health
Buying a new set of running shoes,Health
Scheduling a physical therapy session,Health
Joining a meditation workshop,Health
Purchasing a home workout equipment,Health
Attending a nutrition counseling session,Health
Booking an eye exam,Health
Buying a healthy meal subscription,Health
Scheduling a chiropractic adjustment,Health
Taking a cooking class focused on healthy meals,Health
Purchasing a fitness tracker,Health
Booking a session with a personal trainer,Health
Joining a wellness retreat,Health
Buying an ergonomic office chair,Health
Attending a mental health seminar,Health
Purchasing an air purifier for better indoor air quality,Health
Booking a massage therapy session,Health
Signing up for a dance class,Health
Buying a water filtration system,Health
Scheduling a preventive health screening,Health
Joining a hiking club,Health
Purchasing a subscription to a mindfulness app,Health
Booking an acupuncture session,Health
Attending a smoking cessation program,Health
Buying a bicycle for commuting,Health
Scheduling a session with a dietitian,Health
Joining a swimming class,Health
Purchasing a new mattress for better sleep,Health
Booking a facial treatment for skin health,Health
Signing up for a stress management workshop,Health
Buying a blood pressure monitor,Health
Attending a seminar on heart health,Health
Purchasing a set of resistance bands,Health
Booking a reiki healing session,Health
Joining a weight loss support group,Health
Buying a home blood glucose monitor,Health
Scheduling a session with a mental health counselor,Health
Purchasing a healthy cookbook,Health
Booking a flotation therapy session,Health
Signing up for a pilates class,Health
Buying a set of dumbbells,Health
Attending a seminar on nutrition,Health
Purchasing a yoga mat,Health
Booking a sound therapy session,Health
Joining a running club,Health
Buying a smartwatch with health monitoring features,Health
Scheduling a sleep study,Health
Purchasing an essential oil diffuser,Health
Booking a holistic health consultation,Health
Signing up for a tai chi class,Health
Buying a standing desk,Health
Attending a workshop on holistic health practices,Health
Purchasing a weighted blanket,Health
Booking a sports massage,Health
Joining a kickboxing class,Health
Buying a posture corrector,Health
Scheduling a session with a health coach,Health
Purchasing a wearable heart rate monitor,Health
Booking a session at a float spa,Health
Signing up for a Zumba class,Health
Buying a foam roller for muscle recovery,Health
Attending a workshop on herbal medicine,Health
Purchasing a juicer for making fresh juice,Health
Booking a lymphatic drainage massage,Health
Joining a boot camp fitness class,Health
Buying a pedometer,Health
Scheduling a consultation with a naturopath,Health
Purchasing a set of yoga blocks,Health
Booking a cryotherapy session,Health
Signing up for a Barre class,Health
Buying a home spa kit,Health
Attending a seminar on mental well-being,Health
Purchasing a fitness app subscription,Health
Booking a consultation with a fitness expert,Health
Joining a boxing class,Health
Buying a set of kettlebells,Health
Scheduling a wellness check-up,Health
Purchasing a meditation cushion,Health
Booking a hydrotherapy session,Health
Signing up for a stretching class,Health
Buying a fitness ball,Health
Attending a workshop on plant-based diets,Health
Purchasing a herbal tea collection,Health
Booking a session with a sleep therapist,Health
Joining a spinning class,Health
Buying a pair of compression socks,Health
Scheduling a session with a holistic nutritionist,Health
Purchasing a guided meditation series,Health
Booking a session at a wellness center,Health
Signing up for a fitness boot camp,Health
Buying a massage gun,Health
Attending a workshop on breathing techniques,Health
Purchasing a set of cooking utensils for healthy meals,Health
Booking a detox program,Health
Joining a CrossFit class,Health
Buying a fitness journal,Health
Scheduling a health retreat,Health
Purchasing a probiotic supplement,Health
Booking a yoga therapy session,Health
Signing up for a water aerobics class,Health
Buying a home gym system,Health
Attending a seminar on digestive health,Health
Purchasing a subscription to a health magazine,Health
Booking a session with a physical trainer,Health
Joining a martial arts class,Health
Buying a smart scale,Health
Scheduling a session with a clinical psychologist,Health
Purchasing a health tracker app,Health
Booking a nutrition workshop,Health
Signing up for a high-intensity interval training class,Health
Buying a pair of blue light blocking glasses,Health
Attending a seminar on brain health,Health
Purchasing a meal prep service,Health
Booking a session with a wellness coach,Health
Joining a yoga and meditation retreat,Health
Buying a herbal supplement for immune support,Health
Scheduling a session with an osteopath,Health
Purchasing a set of reusable water bottles,Health
Booking a session with a life coach,Health
Signing up for a prenatal yoga class,Health
Buying a set of fitness DVDs,Health
Attending a seminar on aging healthily,Health
Purchasing a set of aromatherapy oils,Health
Booking a consultation for hormone health,Health
Joining a fitness challenge group,Health
Buying a foot massager,Health
Scheduling a session with a physiotherapist,Health
Purchasing a health monitoring smartwatch,Health
Booking a juice cleanse program,Health
Signing up for a body sculpting class,Health
Buying a pair of athletic insoles,Health
Attending a workshop on self-care practices,Health
Purchasing a set of balance discs,Health
Booking a consultation with an alternative medicine practitioner,Health
Joining a dance fitness class,Health
Buying a nutrition and dietetics book,Health
Scheduling a session with a certified health professional,Health
Purchasing a wearable sleep tracker,Health
Booking a session with a sports nutritionist,Health
Signing up for an online fitness course,Health
Buying a digital detox kit,Health
Attending a workshop on emotional wellness,Health
Purchasing a set of acupuncture needles,Health
Booking a health spa day,Health
Joining a team sports league,Health
Buying a heart rate monitoring chest strap,Health
Scheduling a session with a stress management specialist,Health
Purchasing a guided fitness program,Health
Booking a body composition analysis,Health
Signing up for a senior fitness class,Health
Buying a collection of motivational health books,Health
Attending a workshop on sustainable living,Health
Purchasing a set of stainless steel cookware,Health
Booking a natural healing therapy session,Health
Joining a park run event,Health
Buying a pair of ergonomic work shoes,Health
Scheduling a session with a reflexologist,Health
Purchasing a health-focused cookbook,Health
Booking a detox retreat,Health
Signing up for a family wellness program,Health
Buying a meditation app subscription,Health
Attending a seminar on holistic health,Health
Purchasing a set of personalized vitamins,Health
Booking a DNA health testing kit,Health
Joining a wellness book club,Health
Buying a portable water purifier,Health
Scheduling a session with a holistic health practitioner,Health
Purchasing a fitness equipment bundle,Health
Booking a nutrition seminar,Health
Signing up for a beginner’s yoga class,Health
Buying a mental health self-help book,Health
Attending a seminar on heart disease prevention,Health
Purchasing a body composition scale,Health
Booking a session with a weight loss specialist,Health
Joining a morning running group,Health
Buying a collection of herbal teas,Health
Scheduling a session with a certified dietitian,Health
Purchasing a digital fitness planner,Health
Booking a wellness retreat for couples,Health
Signing up for a core strengthening class,Health
Buying a health journal,Health
Attending a workshop on immune system support,Health
Purchasing a home sauna kit,Health
Booking a mindfulness and meditation retreat,Health
Joining a community gardening group,Health
Buying a high-quality water bottle,Health
Scheduling a session with a personal nutritionist,Health
Purchasing a subscription to a health podcast,Health
Booking a consultation with a wellness expert,Health
Signing up for a body positivity workshop,Health
Buying a meditation and mindfulness guide,Health
Attending a seminar on holistic nutrition,Health
Purchasing a set of detox teas,Health
Booking a wellness workshop,Health
Joining a sunrise yoga group,Health
Buying a resistance training band set,Health
Scheduling a session with a health and wellness coach,Health
Purchasing a health and fitness magazine subscription,Health
Booking a guided imagery therapy session,Health
Signing up for an online meditation course,Health
Buying a sleep improvement program,Health
Attending a seminar on metabolic health,Health
Purchasing a fitness and nutrition tracker,Health
Booking a session with a sports psychologist,Health
Joining a park yoga class,Health
Buying a collection of superfoods,Health
Scheduling a session with a clinical nutritionist,Health
Purchasing a health-focused workshop ticket,Health
Booking a couples’ massage,Health
Signing up for a prenatal wellness class,Health
Buying a set of home exercise DVDs,Health
Attending a seminar on functional fitness,Health
Purchasing a set of personalized meal plans,Health
Booking a session with a wellness advisor,Health
Joining a lunchtime walking group,Health
Buying a posture correction device,Health
Scheduling a session with a sleep consultant,Health
Purchasing a mental health awareness course,Health
Booking a health and wellness coaching program,Health
Signing up for a fitness class pass,Health
Buying a set of kettlebell weights,Health
Attending a seminar on women’s health,Health
Purchasing a fitness and wellness eBook,Health
Booking a session with a pain management specialist,Health
Joining a weekend hiking group,Health
Buying a health coaching program,Health
Scheduling a session with a holistic therapist,Health
Purchasing a guided fitness challenge,Health
Booking a detoxification treatment,Health
Signing up for a wellness boot camp,Health
Buying a nutrition coaching session,Health
Attending a seminar on healthy aging,Health
Purchasing a set of essential oils,Health
Booking a health and wellness retreat,Health
Joining a weight training class,Health
Buying a health-focused subscription box,Health
Scheduling a session with a behavioral health specialist,Health
Purchasing a wellness coaching session,Health
Booking a health screening package,Health
Signing up for a strength and conditioning class,Health
Buying a set of mindfulness cards,Health
Attending a seminar on brain health,Health
Purchasing a fitness subscription box,Health
Booking a health consultation,Health
Joining a weekend wellness retreat,Health
Buying a health monitoring system,Health
Scheduling a session with a nutritionist,Health
Purchasing a mental wellness toolkit,Health
Booking a session with a holistic healer,Health
Signing up for a dance fitness class,Health
Buying a home health test kit,Health
Attending a seminar on stress reduction,Health
Purchasing a guided relaxation series,Health
Booking a wellness event ticket,Health
Joining a fitness boot camp,Health
Buying a heart rate monitor,Health
Scheduling a session with a life coach,Health
Purchasing a set of exercise bands,Health
Booking a session with a sports therapist,Health
Signing up for a fitness webinar,Health
Buying a health and fitness journal,Health
Attending a seminar on gut health,Health
Purchasing a mindfulness training program,Health
Booking a wellness check-up package,Health
Joining a weekend yoga retreat,Health
Buying a health monitoring smartwatch,Health
Scheduling a session with a dietary expert,Health
Purchasing a mental health app subscription,Health
Booking a session with a life wellness coach,Health
Signing up for a fitness membership,Health
Buying a set of wellness guides,Health
Attending a seminar on stress management,Health
Purchasing a health improvement course,Health
Booking a wellness counseling session,Health
Joining a holistic health group,Health
Buying a health and wellness book bundle,Health
Scheduling a session with a health professional,Health
Purchasing a set of healthy meal plans,Health
Booking a wellness education class,Health
Signing up for a nutrition course,Health
Buying a sleep health guide,Health
Attending a seminar on holistic healing,Health
Purchasing a set of fitness coaching sessions,Health
Booking a session with a wellness specialist,Health
Joining a health and wellness challenge,Health
Buying a fitness and nutrition package,Health
Scheduling a session with a stress relief coach,Health
Purchasing a health retreat ticket,Health
Booking a wellness program,Health
Signing up for a senior wellness class,Health
Buying a holistic health course,Health
Attending a seminar on health optimization,Health
Purchasing a wellness monitoring system,Health
Booking a health strategy session,Health
Joining a health improvement group,Health
Buying a personalized health program,Health
Scheduling a session with a wellness guide,Health
Purchasing a mental health support program,Health
Booking a health and fitness retreat,Health
Signing up for a wellness workshop,Health
Buying a set of nutritional supplements,Health
Attending a seminar on optimal health,Health
Purchasing a fitness and wellness app,Health
Booking a holistic wellness session,Health
Joining a health transformation program,Health
Buying a health improvement toolkit,Health
Scheduling a session with a wellness mentor,Health
Purchasing a guided health plan,Health
Booking a health consultation package,Health
Signing up for a wellness transformation class,Health
Buying a mental wellness guide,Health
Attending a seminar on integrated health,Health
Purchasing a fitness improvement course,Health
Booking a wellness mentorship program,Health
Joining a holistic fitness group,Health
Buying a set of guided wellness sessions,Health
Scheduling a session with a health transformation expert,Health
Purchasing a mental health improvement program,Health
Booking a wellness coaching package,Health
Signing up for a health and wellness class,Health
Buying a holistic health guide,Health
Attending a seminar on fitness optimization,Health
Purchasing a wellness monitoring app,Health
Booking a health optimization session,Health
Joining a health enhancement group,Health
Buying a personalized wellness program,Health
Scheduling a session with a fitness guide,Health
Purchasing a mental health support toolkit,Health
Booking a health and wellness retreat,Health
Signing up for a fitness and wellness workshop,Health
Buying a set of health monitoring devices,Health
Attending a seminar on achieving optimal health,Health
Purchasing a fitness and wellness system,Health
Booking a holistic health improvement session,Health
Joining a wellness transformation program,Health
Buying a health improvement course,Health
Scheduling a session with a wellness improvement specialist,Health
Purchasing a guided health improvement program,Health
Booking a health strategy package,Health
Signing up for a wellness strategy session,Health
Buying a mental wellness course,Health
Attending a seminar on health integration,Health
Purchasing a fitness optimization program,Health
Booking a wellness enhancement session,Health
Joining a health optimization challenge,Health
Buying a fitness improvement toolkit,Health
Scheduling a session with a holistic wellness mentor,Health
Purchasing a mental health support guide,Health
Booking a wellness program package,Health
Signing up for a health and fitness strategy class,Health
Buying a holistic wellness course,Health
Attending a seminar on health and fitness enhancement,Health
Purchasing a wellness tracking system,Health
Booking a health optimization consultation,Health
Joining a health and fitness improvement group,Health
Buying a personalized fitness program,Health
Scheduling a session with a wellness strategist,Health
Purchasing a mental health improvement toolkit,Health
Booking a health and wellness mentorship session,Health
Signing up for a wellness improvement workshop,Health
Buying a set of fitness enhancement guides,Health
Attending a seminar on holistic health and wellness,Health
Purchasing a fitness and wellness optimization app,Health
Booking a holistic wellness strategy session,Health
Joining a health transformation challenge,Health
Buying a health improvement guide,Health
Scheduling a session with a fitness improvement coach,Health
Purchasing a guided wellness improvement program,Health
Booking a health strategy improvement package,Health
Signing up for a fitness and wellness transformation class,Health
Buying a mental wellness improvement guide,Health
Attending a seminar on fitness and health optimization,Health
Purchasing a wellness monitoring program,Health
Booking a health optimization strategy session,Health
Joining a fitness and wellness enhancement group,Health
Buying a personalized wellness improvement program,Health
Scheduling a session with a wellness enhancement guide,Health
Purchasing a mental health support improvement program,Health
Booking a health and fitness transformation retreat,Health
Signing up for a wellness enhancement workshop,Health
Buying a set of health optimization guides,Health
Attending a seminar on achieving fitness and wellness,Health
Purchasing a fitness and wellness tracking system,Health
Booking a holistic health and fitness improvement session,Health
Joining a wellness improvement program,Health
Buying a health enhancement course,Health
Scheduling a session with a holistic health improvement specialist,Health
Purchasing a guided fitness optimization program,Health
Booking a health strategy improvement package,Health
Signing up for a wellness strategy session,Health
Buying a mental wellness optimization guide,Health
Attending a seminar on health and fitness integration,Health
Purchasing a fitness optimization improvement program,Health
Booking a wellness enhancement consultation,Health
Joining a health improvement challenge,Health
Buying a fitness enhancement toolkit,Health
Scheduling a session with a holistic wellness strategist,Health
Purchasing a mental health support guide,Health
Booking a wellness strategy program package,Health
Signing up for a health and fitness strategy class,Health
Buying a holistic health and wellness course,Health
Attending a seminar on achieving optimal health and fitness,Health
Purchasing a wellness monitoring app,Health
Booking a health and fitness optimization consultation,Health
Joining a health improvement group,Health
Buying a personalized fitness improvement program,Health
Scheduling a session with a wellness strategist,Health
Purchasing a mental health improvement guide,Health
Booking a health and wellness mentorship program,Health
Signing up for a wellness improvement class,Health
Buying a set of fitness optimization guides,Health
Attending a seminar on holistic health and wellness,Health
Purchasing a fitness and wellness tracking app,Health
Booking a wellness improvement strategy session,Health
Joining a health transformation challenge,Health
Buying a health improvement guide,Health
Scheduling a session with a fitness improvement specialist,Health
Purchasing a guided wellness program,Health
Booking a health strategy package,Health
Signing up for a wellness strategy session,Health
Buying a mental wellness course,Health
Attending a seminar on fitness optimization,Health
Purchasing a wellness monitoring program,Health
Booking a health optimization session,Health
Joining a health and fitness enhancement group,Health
Buying a personalized fitness program,Health
Scheduling a session with a wellness guide,Health
Purchasing a mental health support toolkit,Health
Booking a health and wellness retreat,Health
Signing up for a wellness workshop,Health
Buying a set of health monitoring devices,Health
Attending a seminar on achieving optimal health,Health
Purchasing a fitness and wellness system,Health
Participating in a group fitness class,Health
Scheduling a bi-annual dental cleaning,Health
Signing up for a guided meditation series,Health
Purchasing a wellness journal,Health
Attending a health and wellness expo,Health
Booking an appointment with a chiropractor,Health
Joining a local running club,Health
Buying a subscription to a health magazine,Health
Scheduling an annual physical exam,Health
Signing up for a self-care workshop,Health
Purchasing a high-quality yoga mat,Health
Booking a nutritional counseling session,Health
Attending a stress management seminar,Health
Signing up for a cooking class on healthy recipes,Health
Buying a new bicycle for exercise,Health
Participating in a mental health awareness program,Health
Scheduling a skin cancer screening,Health
Joining a hiking group for weekend trips,Health
Purchasing an essential oil starter kit,Health
Booking a session with a personal trainer,Health
Attending a workshop on holistic health,Health
Signing up for a fitness boot camp,Health
Buying a pair of compression sleeves for running,Health
Participating in a charity run,Health
Scheduling a massage therapy appointment,Health
Joining a mindfulness meditation group,Health
Purchasing a smart water bottle,Health
Booking a health and wellness retreat,Health
Attending a seminar on plant-based diets,Health
Signing up for a zumba dance class,Health
Buying a fitness tracker watch,Health
Participating in a detox program,Health
Scheduling a vision screening,Health
Joining a community garden,Health
Purchasing a set of organic skincare products,Health
Booking a reiki healing session,Health
Attending a seminar on work-life balance,Health
Signing up for a weight management program,Health
Buying a new pair of hiking boots,Health
Participating in a local yoga festival,Health
Scheduling an appointment with a nutritionist,Health
Joining a pilates class,Health
Purchasing a resistance band set for workouts,Health
Booking an aromatherapy session,Health
Attending a seminar on the benefits of herbal medicine,Health
Signing up for a beginner's boxing class,Health
Buying a cookbook focused on superfoods,Health
Participating in a cycling event,Health
Scheduling a preventive health screening,Health
Joining a tai chi class for relaxation,Health
Purchasing a foam roller for muscle recovery,Health
Booking a floatation therapy session,Health
Attending a seminar on heart health,Health
Signing up for a mindfulness course,Health
Buying a weighted blanket for better sleep,Health
Participating in a wellness workshop,Health
Scheduling a cholesterol test,Health
Joining a community fitness challenge,Health
Purchasing a high-quality blender for smoothies,Health
Booking a session with a life coach,Health
Attending a seminar on healthy aging,Health
Signing up for a barre fitness class,Health
Buying a set of yoga blocks,Health
Participating in a holistic health retreat,Health
Scheduling a blood pressure check,Health
Joining a salsa dance class,Health
Purchasing a home sauna,Health
Booking a hypnotherapy session,Health
Attending a workshop on self-love and acceptance,Health
Signing up for a crossfit class,Health
Buying a subscription to a meal planning service,Health
Participating in a virtual fitness challenge,Health
Scheduling a bone density scan,Health
Joining a kickboxing class,Health
Purchasing a set of kettlebells for strength training,Health
Booking a consultation with a naturopath,Health
Attending a seminar on brain health,Health
Signing up for a swimming class,Health
Buying a home gym setup,Health
Participating in a mental wellness seminar,Health
Scheduling a flu shot,Health
Joining a weightlifting class,Health
Purchasing a subscription to a mindfulness app,Health
Booking a session with a sports psychologist,Health
Attending a nutrition and wellness fair,Health
Signing up for a marathon,Health
Buying a pair of orthopedic shoes,Health
Participating in a guided hiking tour,Health
Scheduling a mammogram,Health
Joining a senior fitness class,Health
Purchasing a health and fitness book,Health
Booking a guided meditation session,Health
Attending a seminar on the benefits of probiotics,Health
Signing up for a bootcamp workout class,Health
Buying a new set of free weights,Health
Participating in a mindfulness retreat,Health
Scheduling a dental hygiene appointment,Health
Joining a vegan cooking class,Health
Purchasing a massage chair for relaxation,Health
Booking a consultation with a wellness expert,Health
Attending a workshop on the benefits of plant-based diets,Health
Signing up for a guided imagery workshop,Health
Buying a digital fitness planner,Health
Participating in a wellness coaching program,Health
Scheduling a glucose tolerance test,Health
Joining a rowing class,Health
Purchasing a set of aromatherapy diffusers,Health
Booking a detoxification session,Health
Attending a seminar on immune system support,Health
Signing up for a pilates reformer class,Health
Buying a sleep tracker,Health
Participating in a local health fair,Health
Scheduling a prostate exam,Health
Joining a group meditation session,Health
Purchasing a collection of guided meditation recordings,Health
Booking a cryotherapy session,Health
Attending a seminar on gut health,Health
Signing up for a high-intensity interval training class,Health
Buying a new yoga mat with alignment markers,Health
Participating in a nutrition education program,Health
Scheduling a dermatology consultation,Health
Joining a spin class,Health
Purchasing a set of fitness DVDs,Health
Booking a lymphatic drainage massage,Health
Attending a seminar on mental health and wellness,Health
Signing up for a prenatal fitness class,Health
Buying a portable air purifier,Health
Participating in a local 5k run,Health
Scheduling an allergy test,Health
Joining a tai chi class for seniors,Health
Purchasing a set of smart scales,Health
Booking a wellness coaching session,Health
Attending a workshop on the benefits of mindfulness,Health
Signing up for a dance fitness class,Health
Buying a collection of healthy cookbooks,Health
Participating in a detox cleanse,Health
Scheduling a fitness assessment,Health
Joining a martial arts class,Health
Purchasing a hydration tracking bottle,Health
Booking a session with a holistic health practitioner,Health
Attending a seminar on the benefits of meditation,Health
Signing up for a strength training class,Health
Buying a posture corrector,Health
Participating in a guided walking meditation,Health
Scheduling a liver function test,Health
Joining a community gardening club,Health
Purchasing a set of noise-cancelling headphones for better focus,Health
Booking a sound therapy session,Health
Attending a seminar on the importance of hydration,Health
Signing up for a kickboxing boot camp,Health
Buying a new set of resistance bands,Health
Participating in a local charity walk,Health
Scheduling a session with a physical therapist,Health
Joining a water aerobics class,Health
Purchasing a fitness app subscription,Health
Booking a session with a health coach,Health
Attending a workshop on the benefits of herbal teas,Health
Signing up for a cardio dance class,Health
Buying a juicer for making fresh juices,Health
Participating in a wellness retreat for couples,Health
Scheduling a vision therapy session,Health
Joining a morning boot camp class,Health
Purchasing a new fitness tracker,Health
Booking a guided meditation retreat,Health
Attending a workshop on natural skincare,Health
Signing up for a pilates mat class,Health
Buying a set of adjustable dumbbells,Health
Participating in a health and fitness seminar,Health
Scheduling a blood sugar test,Health
Joining a yoga and mindfulness class,Health
Purchasing a set of herbal supplements,Health
Booking a hot stone massage,Health
Attending a seminar on cardiovascular health,Health
Signing up for a restorative yoga class,Health
Buying a new pair of athletic shoes,Health
Participating in a holistic nutrition program,Health
Scheduling a dental x-ray,Health
Joining a local cycling group,Health
Purchasing a home spa kit,Health
Booking a session with a registered dietitian,Health
Attending a seminar on reducing stress through yoga,Health
Signing up for a high-energy dance class,Health
Buying a new pair of running shoes,Health
Participating in a guided nature walk,Health
Scheduling a physical fitness test,Health
Joining a water polo team,Health
Purchasing a subscription to a healthy meal service,Health
Booking a session with a clinical psychologist,Health
Attending a workshop on the benefits of stretching,Health
Signing up for a tai chi for beginners class,Health
Buying a new set of yoga props,Health
Participating in a nutrition and wellness workshop,Health
Scheduling a wellness exam,Health
Joining a social dance class,Health
Purchasing a health monitoring system,Health
Booking a wellness consultation,Health
Attending a seminar on holistic healing,Health
Signing up for a fitness challenge,Health
Buying a set of eco-friendly workout clothes,Health
Participating in a local fitness boot camp,Health
Scheduling a session with an occupational therapist,Health
Joining a weekend wellness retreat,Health
Purchasing a mental wellness toolkit,Health
Booking a session with a holistic healer,Health
Attending a seminar on stress reduction,Health
Signing up for a dance fitness class,Health
Buying a home health test kit,Health
Participating in a guided relaxation series,Health
Scheduling a wellness event ticket,Health
Joining a fitness boot camp,Health
Buying a heart rate monitor,Health
Scheduling a session with a life coach,Health
Purchasing a set of exercise bands,Health
Booking a session with a sports therapist,Health
Signing up for a fitness webinar,Health
Buying a health and fitness journal,Health
Attending a seminar on gut health,Health
Purchasing a mindfulness training program,Health
Booking a wellness check-up package,Health
Joining a weekend yoga retreat,Health
Buying a health monitoring smartwatch,Health
Scheduling a session with a dietary expert,Health
Purchasing a mental wellness app subscription,Health
Booking a session with a life wellness coach,Health
Signing up for a fitness membership,Health
Buying a set of wellness guides,Health
Attending a seminar on stress management,Health
Purchasing a health improvement course,Health
Booking a wellness counseling session,Health
Joining a holistic health group,Health
Buying a health and wellness book bundle,Health
Scheduling a session with a health professional,Health
Purchasing a set of healthy meal plans,Health
Booking a wellness education class,Health
Signing up for a nutrition course,Health
Buying a sleep health guide,Health
Attending a seminar on holistic healing,Health
Purchasing a set of fitness coaching sessions,Health
Booking a session with a wellness specialist,Health
Joining a health and wellness challenge,Health
Buying a fitness and nutrition package,Health
Scheduling a session with a stress relief coach,Health
Purchasing a health retreat ticket,Health
Booking a wellness program,Health
Signing up for a senior wellness class,Health
Buying a holistic health course,Health
Attending a seminar on health optimization,Health
Purchasing a wellness monitoring system,Health
Booking a health strategy session,Health
Joining a health improvement group,Health
Buying a personalized health program,Health
Scheduling a session with a wellness guide,Health
Purchasing a mental health support program,Health
Booking a health and fitness retreat,Health
Signing up for a wellness workshop,Health
Buying a set of nutritional supplements,Health
Attending a seminar on optimal health,Health
Purchasing a fitness and wellness app,Health
Booking a holistic wellness session,Health
Joining a health transformation program,Health
Buying a health improvement toolkit,Health
Scheduling a session with a wellness mentor,Health
Purchasing a guided health plan,Health
Booking a health consultation package,Health
Signing up for a wellness transformation class,Health
Buying a mental wellness guide,Health
Attending a seminar on integrated health,Health
Purchasing a fitness improvement course,Health
Booking a wellness mentorship program,Health
Joining a holistic fitness group,Health
Buying a set of guided wellness sessions,Health
Scheduling a session with a health transformation expert,Health
Purchasing a mental health improvement program,Health
Booking a wellness coaching package,Health
Signing up for a health and wellness class,Health
Buying a holistic health guide,Health
Attending a seminar on fitness optimization,Health
Purchasing a wellness monitoring app,Health
Booking a health optimization session,Health
Joining a health enhancement group,Health
Buying a personalized wellness program,Health
Scheduling a session with a wellness enhancement guide,Health
Purchasing a mental health support improvement program,Health
Booking a health and fitness transformation retreat,Health
Signing up for a wellness enhancement workshop,Health
Buying a set of health optimization guides,Health
Attending a seminar on achieving fitness and wellness,Health
Purchasing a fitness and wellness tracking system,Health
Booking a holistic health and fitness improvement session,Health
Joining a wellness improvement program,Health
Buying a health enhancement course,Health
Scheduling a session with a holistic health improvement specialist,Health
Purchasing a guided fitness optimization program,Health
Booking a health strategy improvement package,Health
Signing up for a wellness strategy session,Health
Buying a mental wellness optimization guide,Health
Attending a seminar on health and fitness integration,Health
Purchasing a fitness optimization improvement program,Health
Booking a wellness enhancement consultation,Health
Joining a health improvement challenge,Health
Buying a fitness enhancement toolkit,Health
Scheduling a session with a holistic wellness strategist,Health
Purchasing a mental health support guide,Health
Booking a wellness strategy program package,Health
Signing up for a health and fitness strategy class,Health
Buying a holistic health and wellness course,Health
Attending a seminar on achieving optimal health and fitness,Health
Purchasing a wellness monitoring app,Health
Booking a health and fitness optimization consultation,Health
Joining a health improvement group,Health
Buying a personalized fitness improvement program,Health
Scheduling a session with a wellness strategist,Health
Purchasing a mental health improvement guide,Health
Booking a health and wellness mentorship program,Health
Signing up for a wellness improvement class,Health
Buying a set of fitness optimization guides,Health
Attending a seminar on holistic health and wellness,Health
Purchasing a fitness and wellness tracking app,Health
Booking a wellness improvement strategy session,Health
Joining a health transformation challenge,Health
Buying a health improvement guide,Health
Scheduling a session with a fitness improvement specialist,Health
Purchasing a guided wellness program,Health
Booking a health strategy package,Health
Signing up for a wellness strategy session,Health
Buying a mental wellness course,Health
Attending a seminar on fitness optimization,Health
Purchasing a wellness monitoring program,Health
Booking a health optimization session,Health
Joining a health and fitness enhancement group,Health
Buying a personalized fitness program,Health
Scheduling a session with a wellness guide,Health
Purchasing a mental health support toolkit,Health
Booking a health and wellness retreat,Health
Signing up for a wellness workshop,Health
Buying a set of health monitoring devices,Health
Attending a seminar on achieving optimal health,Health
Purchasing a fitness and wellness system,Health
Booking a holistic health improvement session,Health
Joining a wellness improvement program,Health
Buying a health enhancement course,Health
Scheduling a session with a holistic health improvement specialist,Health
Purchasing a guided fitness optimization program,Health
Booking a health strategy improvement package,Health
Signing up for a wellness strategy session,Health
Buying a mental wellness course,Health
Attending a seminar on fitness and health optimization,Health
Purchasing a wellness monitoring program,Health
Booking a health optimization strategy session,Health
Joining a fitness and wellness enhancement group,Health
Buying a personalized wellness improvement program,Health
Scheduling a session with a wellness enhancement guide,Health
Purchasing a mental health support improvement program,Health
Booking a health and fitness transformation retreat,Health
Signing up for a wellness enhancement workshop,Health
Buying a set of health optimization guides,Health
Attending a seminar on achieving fitness and wellness,Health
Purchasing a fitness and wellness tracking system,Health
Booking a holistic health and fitness improvement session,Health
Joining a wellness improvement program,Health
Buying a health enhancement course,Health
Scheduling a session with a holistic health improvement specialist,Health
Purchasing a guided fitness optimization program,Health
Booking a health strategy improvement package,Health
Signing up for a wellness strategy session,Health
Buying a mental wellness optimization guide,Health
Attending a seminar on health and fitness integration,Health
Purchasing a fitness optimization improvement program,Health
Booking a wellness enhancement consultation,Health
Joining a health improvement challenge,Health
Buying a fitness enhancement toolkit,Health
Scheduling a session with a holistic wellness strategist,Health
Purchasing a mental health support guide,Health
Booking a wellness strategy program package,Health
Signing up for a health and fitness strategy class,Health
Buying a holistic health and wellness course,Health
Attending a seminar on achieving optimal health and fitness,Health
Purchasing a wellness monitoring app,Health
Booking a health and fitness optimization consultation,Health
Joining a health improvement group,Health
Buying a personalized fitness improvement program,Health
Scheduling a session with a wellness strategist,Health
Purchasing a mental health improvement guide,Health
Booking a health and wellness mentorship program,Health
Signing up for a wellness improvement class,Health
Buying a set of fitness optimization guides,Health
Attending a seminar on holistic health and wellness,Health
Purchasing a fitness and wellness tracking app,Health
Booking a wellness improvement strategy session,Health
Joining a health transformation challenge,Health
Buying a health improvement guide,Health
Scheduling a session with a fitness improvement specialist,Health
Purchasing a guided wellness program,Health
Booking a health strategy package,Health
Signing up for a wellness strategy session,Health
Buying a mental wellness course,Health
Attending a seminar on fitness optimization,Health
Purchasing a wellness monitoring program,Health
Booking a health optimization session,Health
Joining a health and fitness enhancement group,Health
Buying a personalized fitness program,Health
Scheduling a session with a wellness guide,Health
Purchasing a mental health support toolkit,Health
Booking a health and wellness retreat,Health
Signing up for a wellness workshop,Health
Buying a set of health monitoring devices,Health
Attending a seminar on achieving optimal health,Health
Purchasing a fitness and wellness system,Health
Booking a holistic health improvement session,Health
Joining a wellness improvement program,Health
Buying a health enhancement course,Health
Scheduling a session with a holistic health improvement specialist,Health
Purchasing a guided fitness optimization program,Health
Booking a health strategy improvement package,Health
Signing up for a wellness strategy session,Health
Buying a mental wellness optimization guide,Health
Attending a seminar on health and fitness integration,Health
Purchasing a fitness optimization improvement program,Health
Booking a wellness enhancement consultation,Health
Joining a health improvement challenge,Health
Buying a fitness enhancement toolkit,Health
Scheduling a session with a holistic wellness strategist,Health
Purchasing a mental health support guide,Health
Booking a wellness strategy program package,Health
Signing up for a health and fitness strategy class,Health
Buying a holistic health and wellness course,Health
Exploring a new hiking trail,Other
Buying a professional camera lens,Other
Attending a local art exhibition,Other
Joining a beach clean-up event,Other
Purchasing a self-care subscription box,Other
Traveling to a historical landmark,Other
Signing up for a photography workshop,Other
Buying a new tent for camping,Other
Booking a guided snorkeling tour,Other
Volunteering at a wildlife sanctuary,Other
Purchasing an advanced telescope,Other
Attending a classical music concert,Other
Taking a pottery class,Other
Buying a pair of binoculars for bird watching,Other
Booking a hot air balloon ride,Other
Joining a community gardening project,Other
Buying a meditation app subscription,Other
Traveling to a remote island,Other
Signing up for a nature photography tour,Other
Purchasing a new mountain bike,Other
Attending a science fiction convention,Other
Participating in a charity run,Other
Buying an eco-friendly water bottle,Other
Booking a guided historical tour,Other
Volunteering for tree planting,Other
Purchasing a 3D printer,Other
Attending a rock climbing class,Other
Taking a dance class,Other
Buying a new kayak,Other
Booking a wildlife safari,Other
Joining a local sports league,Other
Buying a digital drawing tablet,Other
Traveling to an ancient ruin site,Other
Signing up for a stargazing event,Other
Purchasing a smart home device,Other
Attending an outdoor music festival,Other
Participating in a beach volleyball tournament,Other
Buying a set of acrylic paints,Other
Booking a glacier hiking tour,Other
Volunteering at a local museum,Other
Purchasing a drone for aerial photography,Other
Taking a woodworking class,Other
Buying a paddleboard,Other
Booking a scuba diving lesson,Other
Joining a community theater group,Other
Buying a high-quality telescope,Other
Traveling to a national park,Other
Signing up for a wilderness survival course,Other
Purchasing a fitness tracker,Other
Attending a jazz concert,Other
Participating in a marathon,Other
Buying a solar-powered charger,Other
Booking a historical reenactment tour,Other
Volunteering at an animal shelter,Other
Purchasing a virtual reality headset,Other
Taking a ceramics class,Other
Buying a pair of hiking boots,Other
Booking a paragliding experience,Other
Joining a local book club,Other
Buying a professional microphone,Other
Traveling to a UNESCO World Heritage site,Other
Signing up for a bird watching tour,Other
Purchasing a high-end gaming console,Other
Attending a ballet performance,Other
Participating in a yoga retreat,Other
Buying a wind turbine kit,Other
Booking a guided ghost tour,Other
Volunteering for beach cleanup,Other
Purchasing a smart thermostat,Other
Taking a painting class,Other
Buying a new surfboard,Other
Booking a white-water rafting trip,Other
Joining a historical society,Other
Buying a digital SLR camera,Other
Traveling to a famous battlefield,Other
Signing up for a geocaching adventure,Other
Purchasing a home automation system,Other
Attending an indie film festival,Other
Participating in a cycling race,Other
Buying a composting bin,Other
Booking a guided architecture tour,Other
Volunteering at a botanical garden,Other
Purchasing an e-reader,Other
Taking a sculpture class,Other
Buying a rock climbing harness,Other
Booking a sailing lesson,Other
Joining a science club,Other
Buying a studio lighting kit,Other
Traveling to a geothermal hot spring,Other
Signing up for a wildlife photography workshop,Other
Purchasing a smartwatch,Other
Attending a folk music festival,Other
Participating in a triathlon,Other
Buying an electric scooter,Other
Booking a historical walking tour,Other
Volunteering for a river cleanup,Other
Purchasing a noise-cancelling headphone,Other
Taking a weaving class,Other
Buying a fishing rod,Other
Booking a skydiving experience,Other
Joining a film discussion group,Other
Buying a high-end binoculars,Other
Traveling to a medieval castle,Other
Signing up for a night photography class,Other
Purchasing a smart light bulb system,Other
Attending a contemporary dance performance,Other
Participating in a nature trail run,Other
Buying a rainwater harvesting system,Other
Booking a city ghost tour,Other
Volunteering for a community recycling program,Other
Purchasing a portable solar panel,Other
Taking a metalworking class,Other
Buying a new snowboard,Other
Booking a zip-lining adventure,Other
Joining a local history club,Other
Buying a waterproof camera,Other
Traveling to a historic lighthouse,Other
Signing up for a wildlife conservation workshop,Other
Purchasing a smart garden system,Other
Attending a blues concert,Other
Participating in a kayaking race,Other
Buying an electric bike,Other
Booking a cultural heritage tour,Other
Volunteering at a planetarium,Other
Purchasing a virtual assistant device,Other
Taking a glassblowing class,Other
Buying a camping stove,Other
Booking a caving expedition,Other
Joining a chess club,Other
Buying a high-quality audio recorder,Other
Traveling to a historic plantation,Other
Signing up for a landscape photography course,Other
Purchasing an indoor air quality monitor,Other
Attending an opera,Other
Participating in a nature scavenger hunt,Other
Buying a garden greenhouse,Other
Booking a haunted house tour,Other
Volunteering for a wildlife monitoring project,Other
Purchasing a smart security camera,Other
Taking a calligraphy class,Other
Buying a new skateboard,Other
Booking a helicopter tour,Other
Joining a music appreciation club,Other
Buying a drone with a camera,Other
Traveling to a historic village,Other
Signing up for a sports photography workshop,Other
Purchasing a wearable fitness device,Other
Attending a choral performance,Other
Participating in a rock climbing competition,Other
Buying a compost tumbler,Other
Booking a heritage railway tour,Other
Volunteering at a local zoo,Other
Purchasing a smart home hub,Other
Taking a printmaking class,Other
Buying a diving mask,Other
Booking a desert safari,Other
Joining a local painting group,Other
Buying a waterproof action camera,Other
Traveling to a remote monastery,Other
Signing up for a macro photography workshop,Other
Purchasing an advanced weather station,Other
Attending a country music festival,Other
Participating in an outdoor fitness bootcamp,Other
Buying a portable power bank,Other
Booking a historical ship tour,Other
Volunteering for a park restoration project,Other
Purchasing a wireless charging pad,Other
Taking a textile dyeing class,Other
Buying a new pair of skis,Other
Booking a whale watching tour,Other
Joining a local improv theater group,Other
Buying a high-definition projector,Other
Traveling to a colonial town,Other
Signing up for a night sky photography workshop,Other
Purchasing a smart speaker,Other
Attending a jazz festival,Other
Participating in a charity cycling event,Other
Buying a wind chime kit,Other
Booking a historical landmark tour,Other
Volunteering at a science museum,Other
Purchasing a robotic vacuum cleaner,Other
Taking a jewelry making class,Other
Buying a surfboard leash,Other
Booking a guided nature walk,Other
Joining a community choir,Other
Buying a digital drawing pen,Other
Traveling to an archaeological site,Other
Signing up for a sports event photography class,Other
Purchasing a home weather station,Other
Attending a classical music recital,Other
Participating in a trail running event,Other
Buying a solar-powered lantern,Other
Booking a guided history tour,Other
Volunteering for a beach restoration project,Other
Purchasing a smart air purifier,Other
Taking a creative writing class,Other
Buying a snorkeling set,Other
Booking a rainforest expedition,Other
Joining a local art co-op,Other
Buying a professional photo printer,Other
Traveling to a historic theater,Other
Signing up for a wildlife tracking workshop,Other
Purchasing a high-resolution monitor,Other
Attending an indie music concert,Other
Participating in a charity fun run,Other
Buying a beekeeping starter kit,Other
Booking a wine tasting tour,Other
Volunteering for a forest preservation project,Other
Purchasing a portable hammock,Other
Taking a photography editing class,Other
Buying a mountain climbing rope,Other
Booking a polar expedition cruise,Other
Joining a local history book club,Other
Buying a high-speed blender,Other
Traveling to a historic abbey,Other
Signing up for an underwater photography workshop,Other
Purchasing a noise-canceling headphone,Other
Attending a flamenco performance,Other
Participating in a fishing tournament,Other
Buying a solar water heater,Other
Booking a castle tour,Other
Volunteering at a marine conservation project,Other
Purchasing a digital music player,Other
Taking a knitting class,Other
Buying a new pair of trail running shoes,Other
Booking a guided horseback riding tour,Other
Joining a community orchestra,Other
Buying a high-quality microphone,Other
Traveling to a historic fortress,Other
Signing up for an astrophotography workshop,Other
Purchasing a high-capacity external drive,Other
Attending a reggae festival,Other
Participating in a paddleboarding event,Other
Buying a home hydroponics system,Other
Booking a historical site tour,Other
Volunteering for a trail maintenance project,Other
Purchasing a smart fitness scale,Other
Taking a quilting class,Other
Buying a new fishing reel,Other
Booking a jungle trekking tour,Other
Joining a local pottery group,Other
Buying a wide-angle camera lens,Other
Traveling to a historic bridge,Other
Signing up for a travel photography workshop,Other
Purchasing a wearable GPS device,Other
Attending a bluegrass music festival,Other
Participating in a local triathlon,Other
Buying a solar charger,Other
Booking a guided museum tour,Other
Volunteering at a community garden,Other
Purchasing a wireless smart plug,Other
Taking a metal art class,Other
Buying a new pair of snowshoes,Other
Booking a canyoning adventure,Other
Joining a community band,Other
Buying a portable photo printer,Other
Traveling to a historic village,Other
Signing up for a portrait photography class,Other
Purchasing a smart home starter kit,Other
Attending a live theater performance,Other
Participating in a local soccer league,Other
Buying a birdhouse kit,Other
Booking a vineyard tour,Other
Volunteering at an environmental education center,Other
Purchasing a home automation device,Other
Taking a poetry writing class,Other
Buying a waterproof hiking jacket,Other
Booking a river rafting trip,Other
Joining a local astronomy club,Other
Buying a high-definition video camera,Other
Traveling to a historic mansion,Other
Signing up for a food photography workshop,Other
Purchasing a digital piano,Other
Attending a world music festival,Other
Participating in a beach soccer tournament,Other
Buying a vertical garden system,Other
Booking a city bike tour,Other
Volunteering for an ocean conservation project,Other
Purchasing a smart coffee maker,Other
Taking a mosaic art class,Other
Buying a pair of trekking poles,Other
Booking a glacier exploration tour,Other
Joining a local poetry group,Other
Buying a wireless outdoor speaker,Other
Traveling to a historic dockyard,Other
Signing up for an art photography workshop,Other
Purchasing a smart irrigation system,Other
Attending a modern dance performance,Other
Participating in a kayaking trip,Other
Buying a solar-powered backpack,Other
Booking a lighthouse tour,Other
Volunteering at a wildlife rehabilitation center,Other
Purchasing a digital health monitor,Other
Taking a stained glass class,Other
Buying a new skateboard,Other
Booking a zip-lining adventure,Other
Joining a local theater troupe,Other
Buying a high-resolution digital camera,Other
Traveling to a historic windmill,Other
Signing up for a wildlife photography tour,Other
Purchasing a smart fitness band,Other
Attending a rock music concert,Other
Participating in a nature walk,Other
Buying a rain barrel,Other
Booking a heritage trail tour,Other
Volunteering at a local animal rescue,Other
Purchasing a portable grill,Other
Taking a wood carving class,Other
Buying a new pair of snow goggles,Other
Booking a scuba diving trip,Other
Joining a local sketching group,Other
Buying a drone for aerial shots,Other
Traveling to a historic shipwreck site,Other
Signing up for a sports video editing class,Other
Purchasing a smart air purifier,Other
Attending a folk dance performance,Other
Participating in a local swimming competition,Other
Buying a compost bin,Other
Booking a heritage home tour,Other
Volunteering for a wildlife rescue,Other
Purchasing a wearable health monitor,Other
Taking a leather crafting class,Other
Buying a new pair of climbing shoes,Other
Booking a sailing adventure,Other
Joining a local photography club,Other
Buying a professional video camera,Other
Traveling to a historic inn,Other
Signing up for a wildlife documentary course,Other
Purchasing a smart thermostat,Other
Attending a blues music festival,Other
Participating in a local hiking challenge,Other
Buying a solar-powered lantern,Other
Booking a city history tour,Other
Volunteering at a bird sanctuary,Other
Purchasing a digital picture frame,Other
Taking a flower arranging class,Other
Buying a new pair of hiking sandals,Other
Booking a mountain biking tour,Other
Joining a local drawing class,Other
Buying a high-quality DSLR camera,Other
Traveling to a historic church,Other
Signing up for a sports broadcasting class,Other
Purchasing a home fitness system,Other
Attending a gospel music concert,Other
Participating in a local marathon,Other
Buying a rainwater collection system,Other
Booking a cultural heritage tour,Other
Volunteering for a habitat restoration project,Other
Purchasing a portable campfire,Other
Taking a creative writing workshop,Other
Buying a new pair of ski poles,Other
Booking a jungle expedition,Other
Joining a local sculpture class,Other
Buying a professional microphone,Other
Traveling to a historic monastery,Other
Signing up for a travel video workshop,Other
Purchasing a smart doorbell,Other
Attending an acoustic music show,Other
Participating in a nature photography contest,Other
Buying a solar panel kit,Other
Booking a heritage monument tour,Other
Volunteering at a botanical garden,Other
Purchasing a wearable activity tracker,Other
Taking a pottery throwing class,Other
Buying a new pair of ice skates,Other
Booking a guided mountaineering trip,Other
Joining a local creative writing group,Other
Buying a portable studio light,Other
Traveling to a historic market town,Other
Signing up for a drone piloting course,Other
Purchasing a high-definition action camera,Other
Attending a reggae music festival,Other
Participating in a local running club,Other
Buying a greenhouse kit,Other
Booking a riverboat tour,Other
Volunteering for a clean water project,Other
Purchasing a virtual reality headset,Other
Taking a stained glass making class,Other
Buying a new fishing pole,Other
Booking a canyoning trip,Other
Joining a local digital art group,Other
Buying a professional grade tripod,Other
Traveling to a historic abbey,Other
Signing up for an underwater video workshop,Other
Purchasing a smart light system,Other
Attending a Celtic music concert,Other
Participating in a local triathlon,Other
Buying a composting toilet,Other
Booking a history-themed cruise,Other
Volunteering at an aquarium,Other
Purchasing a smart scale,Other
Taking a digital photography class,Other
Buying a new pair of climbing boots,Other
Booking a safari adventure,Other
Joining a local book discussion group,Other
Buying a high-definition photo printer,Other
Traveling to a historic harbor,Other
Signing up for a street photography course,Other
Purchasing a high-capacity power bank,Other
Attending an indie music show,Other
Participating in a local park run,Other
Buying a solar oven,Other
Booking a guided heritage tour,Other
Volunteering for an endangered species program,Other
Purchasing a digital art tablet,Other
Taking a knitting workshop,Other
Buying a new pair of cross-country skis,Other
Booking a guided canoeing trip,Other
Joining a local improv group,Other
Buying a professional audio interface,Other
Traveling to a historic battlefield,Other
Signing up for a food photography class,Other
Purchasing a smart irrigation controller,Other
Attending a symphony orchestra concert,Other
Participating in a local dance class,Other
Buying a vermicomposting kit,Other
Booking a guided vineyard tour,Other
Volunteering at a wildlife refuge,Other
Purchasing a fitness tracker,Other
Taking a watercolor painting class,Other
Buying a new pair of cycling shoes,Other
Booking a snowshoeing tour,Other
Joining a local history book club,Other
Buying a high-end camera lens,Other
Traveling to a historic theater,Other
Signing up for a documentary filmmaking course,Other
Purchasing a smart thermostat,Other
Attending a classical music concert,Other
Participating in a local kayaking event,Other
Buying a portable water filter,Other
Booking a historical reenactment,Other
Volunteering at a nature reserve,Other
Purchasing a wireless speaker system,Other
Taking a creative writing course,Other
Buying a new pair of hiking pants,Other
Booking a caving expedition,Other
Joining a local music ensemble,Other
Buying a professional editing software,Other
Traveling to a historic cathedral,Other
Signing up for an advanced photography course,Other
Purchasing a wearable heart rate monitor,Other
Attending an outdoor jazz festival,Other
Participating in a community gardening project,Other
Buying a composting system,Other
Booking a guided bird watching tour,Other
Volunteering at a local community center,Other
Purchasing a home automation hub,Other
Taking a fiber arts class,Other
Buying a new snowboard,Other
Booking a guided rock climbing trip,Other
Joining a local drama club,Other
Buying a professional video editing software,Other
Traveling to a historic train station,Other
Signing up for a wildlife film course,Other
Purchasing a smart home security system,Other
Attending a folk music concert,Other
Participating in a local trail run,Other
Buying a solar power kit,Other
Booking a guided lighthouse tour,Other
Volunteering for a river clean-up,Other
Purchasing a fitness smartwatch,Other
Taking a sculpture workshop,Other
Buying a new pair of running socks,Other
Booking a guided horseback riding trip,Other
Joining a local art society,Other
Buying a high-quality audio recorder,Other
Traveling to a historic fortress,Other
Signing up for a landscape photography course,Other
Purchasing a home weather station,Other
Attending a chamber music concert,Other
Participating in a local swim meet,Other
Buying a rainwater collection barrel,Other
Booking a guided historical tour,Other
Volunteering at a wildlife sanctuary,Other
Purchasing a smart kitchen appliance,Other
Taking a mixed media art class,Other
Buying a new pair of ice climbing boots,Other
Booking a scuba diving expedition,Other
Joining a local poetry reading group,Other
Buying a professional studio microphone,Other
Traveling to a historic village square,Other
Signing up for a sports photography class,Other
Purchasing a smart lighting system,Other
Attending a traditional dance festival,Other
Participating in a local charity run,Other
Buying a solar water heater,Other
Booking a guided architectural tour,Other
Volunteering at a historical society,Other
Purchasing a wearable fitness tracker,Other
Taking a calligraphy workshop,Other
Buying a new pair of snow goggles,Other
Booking a guided mountain biking trip,Other
Joining a local music band,Other
Buying a high-definition camera,Other
Traveling to a historic dockyard,Other
Signing up for a documentary photography course,Other
Purchasing a smart watch,Other
Attending a world music concert,Other
Participating in a local biking event,Other
Buying a composting tumbler,Other
Booking a guided vineyard tour,Other
Volunteering at a wildlife rehabilitation center,Other
Purchasing a fitness band,Other
Taking a jewelry making class,Other
Buying a new pair of trekking poles,Other
Booking a guided heritage tour,Other
Joining a local theater group,Other
Buying a high-quality microphone,Other
Traveling to a historic abbey,Other
Signing up for a nature photography course,Other
Purchasing a smart home device,Other
Attending a choral performance,Other
Participating in a local rowing competition,Other
Buying a rain barrel,Other
Booking a guided river tour,Other
Volunteering for a beach clean-up,Other
Purchasing a smart fitness scale,Other
Taking a textile arts class,Other
Buying a new pair of cycling shorts,Other
Booking a guided snorkeling tour,Other
Joining a local history club,Other
Buying a high-resolution monitor,Other
Traveling to a historic manor,Other
Signing up for a wildlife photography course,Other
Purchasing a home gym system,Other
Attending an indie music show,Other
Participating in a local hiking event,Other
Buying a compost tumbler,Other
Booking a guided museum tour,Other
Volunteering at a community garden,Other
Purchasing a fitness tracker,Other
Taking a pottery class,Other
Buying a new pair of ski poles,Other
Booking a guided rafting trip,Other
Joining a local artist collective,Other
Buying a professional video camera,Other
Traveling to a historic castle,Other
Signing up for a macro photography course,Other
Purchasing a smart air purifier,Other
Attending a live music event,Other
Participating in a local running event,Other
Buying a solar panel kit,Other
Booking a guided architectural tour,Other
Volunteering at a local museum,Other
Purchasing a fitness app subscription,Other
Taking a digital art class,Other
Buying a new pair of snow boots,Other
Booking a guided hiking trip,Other
Joining a local writing group,Other
Buying a high-quality audio interface,Other
Traveling to a historic landmark,Other
Signing up for a portrait photography course,Other
Purchasing a smart home hub,Other
Attending a folk music performance,Other
Participating in a local fishing competition,Other
Buying a rainwater harvesting system,Other
Booking a guided wildlife tour,Other
Volunteering for a trail maintenance project,Other
Purchasing a fitness smart watch,Other
Taking a metalworking class,Other
Buying a new pair of climbing shoes,Other
Booking a guided caving trip,Other
Joining a local choir,Other
Buying a professional tripod,Other
Traveling to a historic inn,Other
Signing up for an astrophotography course,Other
Purchasing a smart thermostat,Other
Attending a jazz concert,Other
Participating in a local triathlon,Other
Buying a solar power bank,Other
Booking a guided lighthouse tour,Other
Volunteering for a river clean-up,Other
Purchasing a fitness monitoring device,Other
Taking a wood carving class,Other
Buying a new pair of ice skates,Other
Booking a guided mountaineering trip,Other
Joining a local drama society,Other
Buying a professional grade camera lens,Other
Traveling to a historic site,Other
Signing up for a food photography course,Other
Purchasing a smart lighting system,Other
Attending a classical music performance,Other
Participating in a local charity event,Other
Buying a composting bin,Other
Booking a guided vineyard tour,Other
Volunteering for an environmental project,Other
Purchasing a fitness tracker,Other
Taking a fiber arts class,Other
Buying a new pair of hiking boots,Other
Booking a guided river tour,Other
Joining a local book club,Other
Buying a high-quality microphone,Other
Traveling to a historic plantation,Other
Signing up for a travel photography course,Other
Purchasing a smart home device,Other
Attending a live music show,Other
Participating in a local cycling event,Other
Buying a rainwater collection system,Other
Booking a guided heritage tour,Other
Volunteering at a local zoo,Other
Purchasing a fitness band,Other
Taking a creative writing workshop,Other
Buying a new pair of skis,Other
Booking a guided mountain biking trip,Other
Joining a local theater group,Other
Buying a high-definition video camera,Other
Traveling to a historic lighthouse,Other
Signing up for a wildlife photography course,Other
Purchasing a smart fitness scale,Other
Attending a contemporary dance performance,Other
Participating in a local trail run,Other
Buying a composting system,Other
Booking a guided museum tour,Other
Volunteering at a wildlife refuge,Other
Purchasing a fitness app,Other
Taking a pottery throwing class,Other
Buying a new pair of hiking sandals,Other
Booking a guided nature walk,Other
Joining a local art class,Other
Buying a professional studio light,Other
Traveling to a historic site,Other
Signing up for a documentary filmmaking course,Other
Purchasing a smart watch,Other
Attending a traditional dance performance,Other
Participating in a local marathon,Other
Buying a solar charger,Other
Booking a guided heritage tour,Other
Volunteering at an animal rescue,Other
Purchasing a fitness monitoring device,Other
Taking a calligraphy class,Other
Buying a new pair of climbing boots,Other
Booking a guided snorkeling trip,Other
Joining a local music band,Other
Buying a professional audio recorder,Other
Traveling to a historic fortress,Other
Signing up for a landscape photography course,Other
Purchasing a smart home hub,Other
Attending a chamber music concert,Other
Participating in a local swimming event,Other
Buying a rainwater collection barrel,Other
Booking a guided historical tour,Other
Volunteering for a wildlife conservation project,Other
Purchasing a fitness smart watch,Other
Taking a creative writing class,Other
Buying a new pair of running shoes,Other
Booking a guided mountain hike,Other
Joining a local art society,Other
Buying a high-definition photo printer,Other
Traveling to a historic cathedral,Other
Signing up for a sports photography course,Other
Purchasing a smart air purifier,Other
Attending a classical music concert,Other
Participating in a local triathlon,Other
Buying a solar power system,Other
Booking a guided lighthouse tour,Other
Volunteering for a trail maintenance project,Other
Purchasing a fitness monitoring device,Other
Taking a mixed media art class,Other
Buying a new pair of climbing boots,Other
Booking a guided mountain hike,Other
Joining a local writing group,Other
Buying a professional video camera,Other
Traveling to a historic inn,Other
Signing up for a wildlife documentary course,Other
Purchasing a smart fitness band,Other
Attending a jazz festival,Other
Participating in a local charity run,Other
Buying a rainwater collection system,Other
Booking a guided river tour,Other
Volunteering at a community garden,Other
Purchasing a fitness app subscription,Other
Taking a fiber arts class,Other
Buying a new pair of hiking boots,Other
Booking a guided snorkeling trip,Other
Joining a local book club,Other
Buying a high-definition video camera,Other
Traveling to a historic lighthouse,Other
Signing up for a wildlife photography course,Other
Purchasing a smart fitness scale,Other
Attending a live music show,Other
Participating in a local marathon,Other
Buying a solar power bank,Other
Booking a guided architectural tour,Other
Volunteering for a river clean-up,Other
Purchasing a fitness monitoring device,Other
Taking a creative writing class,Other
Buying a new pair of climbing boots,Other
Booking a guided snorkeling trip,Other
Joining a local theater group,Other
Buying a professional video camera,Other
Traveling to a historic fortress,Other
Signing up for a landscape photography course,Other
Purchasing a smart home hub,Other
Attending a chamber music concert,Other
Participating in a local swimming event,Other
Buying a rainwater collection barrel,Other
Booking a guided historical tour,Other
Volunteering for a wildlife conservation project,Other
Purchasing a fitness smart watch,Other
Taking a creative writing class,Other
Buying a new pair of running shoes,Other
Booking a guided mountain hike,Other
Joining a local art society,Other
Buying a high-definition photo printer,Other
Traveling to a historic cathedral,Other
Signing up for a sports photography course,Other
Purchasing a smart air purifier,Other
Attending a classical music concert,Other
Participating in a local triathlon,Other
Buying a solar power system,Other
Booking a guided lighthouse tour,Other
Volunteering for a trail maintenance project,Other
Purchasing a fitness monitoring device,Other
Taking a mixed media art class,Other
Buying a new pair of climbing boots,Other
Booking a guided mountain hike,Other
Joining a local writing group,Other
Buying a professional video camera,Other
Traveling to a historic inn,Other
Signing up for a wildlife documentary course,Other
Purchasing a smart fitness band,Other
Attending a jazz festival,Other
Participating in a local charity run,Other
Buying a rainwater collection system,Other
Booking a guided river tour,Other
Volunteering at a community garden,Other
Purchasing a fitness app subscription,Other
Taking a fiber arts class,Other
Buying a new pair of hiking boots,Other
Booking a guided snorkeling trip,Other
Joining a local book club,Other
Buying a high-definition video camera,Other
Traveling to a historic lighthouse,Other
Signing up for a wildlife photography course,Other
Purchasing a smart fitness scale,Other
Attending a live music show,Other
Participating in a local marathon,Other
Buying a solar power bank,Other
Booking a guided architectural tour,Other
Volunteering for a river clean-up,Other
Purchasing a fitness monitoring device,Other
Taking a creative writing class,Other
Buying a new pair of climbing boots,Other
Booking a guided snorkeling trip,Other
Joining a local theater group,Other
Buying a professional video camera,Other
Traveling to a historic fortress,Other
Signing up for a landscape photography course,Other
Purchasing a smart home hub,Other
Attending a chamber music concert,Other
Participating in a local swimming event,Other
Buying a rainwater collection barrel,Other
Booking a guided historical tour,Other
Volunteering for a wildlife conservation project,Other
Purchasing a fitness smart watch,Other
Taking a creative writing class,Other
Buying a new pair of running shoes,Other
Booking a guided mountain hike,Other
Joining a local art society,Other
Buying a high-definition photo printer,Other
Traveling to a historic cathedral,Other
Signing up for a sports photography course,Other
Purchasing a smart air purifier,Other
Attending a classical music concert,Other
Participating in a local triathlon,Other
Buying a solar power system,Other
Booking a guided lighthouse tour,Other
Volunteering for a trail maintenance project,Other
Purchasing a fitness monitoring device,Other
Taking a mixed media art class,Other
Buying a new pair of climbing boots,Other
Booking a guided mountain hike,Other
Joining a local writing group,Other
Buying a professional video camera,Other
Traveling to a historic inn,Other
Signing up for a wildlife documentary course,Other
Purchasing a smart fitness band,Other
Attending a jazz festival,Other
Participating in a local charity run,Other
Buying a rainwater collection system,Other
Booking a guided river tour,Other
Volunteering at a community garden,Other
Purchasing a fitness app subscription,Other
Taking a fiber arts class,Other
Buying a new pair of hiking boots,Other
Booking a guided snorkeling trip,Other
Joining a local book club,Other
Buying a high-definition video camera,Other
Traveling to a historic lighthouse,Other
Signing up for a wildlife photography course,Other
Purchasing a smart fitness scale,Other
Attending a live music show,Other
Participating in a local marathon,Other
Buying a solar power bank,Other
Booking a guided architectural tour,Other
Volunteering for a river clean-up,Other
Purchasing a fitness monitoring device,Other
Taking a creative writing class,Other
Buying a new pair of climbing boots,Other
Booking a guided snorkeling trip,Other
Joining a local theater group,Other
Buying a professional video camera,Other
Traveling to a historic fortress,Other
Signing up for a landscape photography course,Other
Purchasing a smart home hub,Other
Attending a chamber music concert,Other
Participating in a local swimming event,Other
Buying a rainwater collection barrel,Other
Booking a guided historical tour,Other
Volunteering for a wildlife conservation project,Other
Purchasing a fitness smart watch,Other
Taking a creative writing class,Other
Buying a new pair of running shoes,Other
Booking a guided mountain hike,Other
Joining a local art society,Other
Buying a high-definition photo printer,Other
Traveling to a historic cathedral,Other
Signing up for a sports photography course,Other
Purchasing a smart air purifier,Other
Attending a classical music concert,Other
Participating in a local triathlon,Other
Buying a solar power system,Other
Booking a guided lighthouse tour,Other
Volunteering for a trail maintenance project,Other
Purchasing a fitness monitoring device,Other
Taking a mixed media art class,Other
Buying a new pair of climbing boots,Other
Booking a guided mountain hike,Other
Joining a local writing group,Other
Buying a professional video camera,Other
Traveling to a historic inn,Other
Signing up for a wildlife documentary course,Other
Purchasing a smart fitness band,Other
Attending a jazz festival,Other
Participating in a local charity run,Other
Buying a rainwater collection system,Other
Booking a guided river tour,Other
Volunteering at a community garden,Other
Purchasing a fitness app subscription,Other
Taking a fiber arts class,Other
Buying a new pair of hiking boots,Other
Booking a guided snorkeling trip,Other
Joining a local book club,Other
Buying a high-definition video camera,Other
Traveling to a historic lighthouse,Other
Signing up for a wildlife photography course,Other
Purchasing a smart fitness scale,Other
Attending a live music show,Other
Participating in a local marathon,Other
Buying a solar power bank,Other
Booking a guided architectural tour,Other
Volunteering for a river clean-up,Other
Purchasing a fitness monitoring device,Other
Taking a creative writing class,Other
Buying a new pair of climbing boots,Other
Booking a guided snorkeling trip,Other
Joining a local theater group,Other
Buying a professional video camera,Other
Traveling to a historic fortress,Other
Signing up for a landscape photography course,Other
Purchasing a smart home hub,Other
Attending a chamber music concert,Other
Participating in a local swimming event,Other
Buying a rainwater collection barrel,Other
Booking a guided historical tour,Other
Volunteering for a wildlife conservation project,Other
Purchasing a fitness smart watch,Other
Taking a creative writing class,Other
Buying a new pair of running shoes,Other
Booking a guided mountain hike,Other
Joining a local art society,Other
Buying a high-definition photo printer,Other
Traveling to a historic cathedral,Other
Signing up for a sports photography course,Other
Purchasing a smart air purifier,Other
Attending a classical music concert,Other
Participating in a local triathlon,Other
Buying a solar power system,Other
Booking a guided lighthouse tour,Other
Volunteering for a trail maintenance project,Other
Purchasing a fitness monitoring device,Other
Taking a mixed media art class,Other
Buying a new pair of climbing boots,Other
Booking a guided mountain hike,Other
Joining a local writing group,Other
Buying a professional video camera,Other
Traveling to a historic inn,Other
Signing up for a wildlife documentary course,Other
Purchasing a smart fitness band,Other
Attending a jazz festival,Other
Participating in a local charity run,Other
Buying a rainwater collection system,Other
Booking a guided river tour,Other
Volunteering at a community garden,Other
Purchasing a fitness app subscription,Other
Taking a fiber arts class,Other
Buying a new pair of hiking boots,Other
Booking a guided snorkeling trip,Other
Joining a local book club,Other
Buying a high-definition video camera,Other
Traveling to a historic lighthouse,Other
Signing up for a wildlife photography course,Other
Purchasing a smart fitness scale,Other
Attending a live music show,Other
Participating in a local marathon,Other
Buying a solar power bank,Other
Booking a guided architectural tour,Other
Volunteering for a river clean-up,Other
Purchasing a fitness monitoring device,Other
Taking a creative writing class,Other
Buying a new pair of climbing boots,Other
Booking a guided snorkeling trip,Other
Joining a local theater group,Other
Buying a professional video camera,Other
Traveling to a historic fortress,Other
Signing up for a landscape photography course,Other
Purchasing a smart home hub,Other
Attending a chamber music concert,Other
Exploring a new hiking trail in the mountains,Other
Buying a professional camera lens for nature photography,Other
Attending a local art exhibition showcasing contemporary artists,Other
Joining a beach clean-up event to protect marine life,Other
Purchasing a self-care subscription box with wellness products,Other
Traveling to a historical landmark to learn about ancient civilizations,Other
Signing up for a photography workshop to improve skills,Other
Buying a new tent for camping in the wilderness,Other
Booking a guided snorkeling tour in a coral reef,Other
Volunteering at a wildlife sanctuary to help injured animals,Other
Purchasing an advanced telescope for stargazing,Other
Attending a classical music concert at a renowned theater,Other
Taking a pottery class to learn ceramic techniques,Other
Buying a pair of binoculars for bird watching in the park,Other
Booking a hot air balloon ride over scenic landscapes,Other
Joining a community gardening project to grow organic vegetables,Other
Buying a meditation app subscription for mindfulness practice,Other
Traveling to a remote island for a peaceful retreat,Other
Signing up for a nature photography tour in a national park,Other
Purchasing a new mountain bike for trail riding,Other
Attending a science fiction convention to meet like-minded enthusiasts,Other
Participating in a charity run to support a cause,Other
Buying an eco-friendly water bottle for daily use,Other
Booking a guided historical tour of an ancient city,Other
Volunteering for tree planting to combat deforestation,Other
Purchasing a 3D printer for creative projects,Other
Attending a rock climbing class to improve skills,Other
Taking a dance class to learn new moves,Other
Buying a new kayak for exploring rivers and lakes,Other
Booking a wildlife safari to see exotic animals,Other
Joining a local sports league to stay active,Other
Buying a digital drawing tablet for artistic creations,Other
Traveling to an ancient ruin site to explore history,Other
Signing up for a stargazing event at an observatory,Other
Purchasing a smart home device for convenience,Other
Attending an outdoor music festival with live performances,Other
Participating in a beach volleyball tournament with friends,Other
Buying a set of acrylic paints for art projects,Other
Booking a glacier hiking tour to experience ice formations,Other
Volunteering at a local museum to assist with exhibits,Other
Purchasing a drone for aerial photography,Other
Taking a woodworking class to learn carpentry skills,Other
Buying a paddleboard for lake adventures,Other
Booking a scuba diving lesson to explore underwater life,Other
Joining a community theater group to perform in plays,Other
Buying a high-quality telescope for astronomy,Other
Traveling to a national park for outdoor activities,Other
Signing up for a wilderness survival course,Other
Purchasing a fitness tracker to monitor health,Other
Attending a jazz concert at a local club,Other
Participating in a yoga retreat for relaxation,Other
Buying a water filtration system for clean drinking water,Other
Booking a guided ghost tour in a historic town,Other
Volunteering for beach cleanup to remove plastic waste,Other
Purchasing a smart thermostat to save energy,Other
Taking a painting class to learn new techniques,Other
Buying a new surfboard for ocean waves,Other
Booking a white-water rafting trip for an adrenaline rush,Other
Joining a historical society to learn about local history,Other
Buying a digital SLR camera for high-quality photos,Other
Traveling to a famous battlefield to learn about history,Other
Signing up for a geocaching adventure with friends,Other
Purchasing a home automation system for convenience,Other
Attending an indie film festival to watch new movies,Other
Participating in a cycling race to challenge endurance,Other
Buying a composting bin for organic waste,Other
Booking a guided architecture tour to see famous buildings,Other
Volunteering at a botanical garden to help with plants,Other
Purchasing an e-reader for convenient book reading,Other
Taking a sculpture class to learn sculpting techniques,Other
Buying a rock climbing harness for safety,Other
Booking a sailing lesson to learn to navigate,Other
Joining a science club to discuss new discoveries,Other
Buying a studio lighting kit for photography,Other
Traveling to a geothermal hot spring for relaxation,Other
Signing up for a wildlife photography workshop,Other
Purchasing a smartwatch with health features,Other
Attending a folk music festival to enjoy live performances,Other
Participating in a triathlon to test fitness,Other
Buying an electric scooter for easy commuting,Other
Booking a historical walking tour in a city,Other
Volunteering for a river cleanup to protect waterways,Other
Purchasing a noise-cancelling headphone for focus,Other
Taking a weaving class to create textiles,Other
Buying a fishing rod for recreational fishing,Other
Booking a skydiving experience for adventure,Other
Joining a film discussion group to talk about movies,Other
Buying a high-end binoculars for clear vision,Other
Traveling to a medieval castle to explore history,Other
Signing up for a night photography class,Other
Purchasing a smart light bulb system for convenience,Other
Attending a contemporary dance performance,Other
Participating in a nature trail run for fitness,Other
Buying a rainwater harvesting system for sustainability,Other
Booking a city ghost tour for spooky fun,Other
Volunteering for a community recycling program,Other
Purchasing a portable solar panel for travel,Other
Taking a metalworking class to learn new skills,Other
Buying a new snowboard for winter sports,Other
Booking a zip-lining adventure in the forest,Other
Joining a local history club to discuss the past,Other
Buying a waterproof camera for underwater photography,Other
Traveling to a historic lighthouse for sightseeing,Other
Signing up for a wildlife conservation workshop,Other
Purchasing a smart garden system for home gardening,Other
Attending a blues concert at a local venue,Other
Participating in a kayaking race for competition,Other
Buying an electric bike for eco-friendly commuting,Other
Booking a cultural heritage tour in a historic city,Other
Volunteering at a planetarium to educate visitors,Other
Purchasing a virtual assistant device for home use,Other
Taking a glassblowing class to create art,Other
Buying a camping stove for outdoor cooking,Other
Booking a caving expedition to explore underground,Other
Joining a chess club to play and compete,Other
Buying a high-quality audio recorder for clear sound,Other
Traveling to a historic plantation for a tour,Other
Signing up for a landscape photography course,Other
Purchasing an indoor air quality monitor for health,Other
Attending an opera at a grand theater,Other
Participating in a nature scavenger hunt with friends,Other
Buying a garden greenhouse for growing plants,Other
Booking a haunted house tour for thrills,Other
Volunteering for a wildlife monitoring project,Other
Purchasing a smart security camera for home,Other
Taking a calligraphy class to learn fancy writing,Other
Buying a new skateboard for tricks and fun,Other
Booking a helicopter tour for aerial views,Other
Joining a music appreciation club to discuss tunes,Other
Buying a drone with a camera for aerial shots,Other
Traveling to a historic village for exploration,Other
Signing up for a sports event photography class,Other
Purchasing a wearable fitness device for tracking,Other
Attending a choral performance at a local venue,Other
Participating in a rock climbing competition,Other
Buying a compost tumbler for recycling waste,Other
Booking a heritage railway tour for sightseeing,Other
Volunteering at a local zoo to help animals,Other
Purchasing a smart home hub for automation,Other
Taking a printmaking class to create prints,Other
Buying a diving mask for underwater exploration,Other
Booking a desert safari for adventure,Other
Joining a local painting group for creativity,Other
Buying a wide-angle camera lens for landscapes,Other
Traveling to a geothermal hot spring for relaxation,Other
Signing up for a wildlife tracking workshop,Other
Purchasing an advanced weather station for monitoring,Other
Attending a country music festival to enjoy live music,Other
Participating in an outdoor fitness bootcamp,Other
Buying a portable power bank for travel,Other
Booking a historical ship tour for learning,Other
Volunteering for a forest preservation project,Other
Purchasing a wireless charging pad for convenience,Other
Taking a textile dyeing class for creativity,Other
Buying a new pair of skis for winter sports,Other
Booking a whale watching tour for adventure,Other
Joining a local improv theater group for fun,Other
Buying a high-definition projector for movies,Other
Traveling to a colonial town for history,Other
Signing up for a night sky photography workshop,Other
Purchasing a smart speaker for home,Other
Attending a jazz festival to enjoy music,Other
Participating in a charity cycling event,Other
Buying a wind chime kit for the garden,Other
Booking a historical landmark tour for learning,Other
Volunteering at a science museum to educate,Other
Purchasing a robotic vacuum cleaner for home,Other
Taking a jewelry making class for creativity,Other
Buying a surfboard leash for safety,Other
Booking a guided nature walk for exploration,Other
Joining a community choir for singing,Other
Buying a digital drawing pen for art,Other
Traveling to an archaeological site for learning,Other
Signing up for a sports video editing class,Other
Purchasing a wearable fitness device for health,Other
Attending a flamenco performance to enjoy dance,Other